Target,pdb_id,Warhead,Residue_ID,Variant,Chain,atom_id,atom_name,x,y,z,Exposure_A2
CRBN,5yj1,6EL,501,1,S,733,O,-7.719,-32.264,41.71,11.786
CRBN,5yj1,6EL,501,1,S,734,C,-8.463,-31.441,42.231,0.0
CRBN,5yj1,6EL,501,1,S,735,NE2,-8.958,-30.42,41.519,0.0
CRBN,5yj1,6EL,501,1,S,736,CD,-9.694,-29.41,42.113,0.0
CRBN,5yj1,6EL,501,1,S,737,OE1,-10.1,-28.485,41.415,0.0
CRBN,5yj1,6EL,501,1,S,738,CG,-10.021,-29.418,43.62,0.0
CRBN,5yj1,6EL,501,1,S,739,CB,-9.785,-30.793,44.254,0.0
CRBN,5yj1,6EL,501,1,S,740,CA,-8.46,-31.289,43.726,0.0
CRBN,5yj1,6EL,501,1,S,741,N,-7.791,-32.398,44.422,1.094
CRBN,5yj1,6EL,501,1,S,742,CAN,-8.245,-33.551,44.936,4.831
CRBN,5yj1,6EL,501,1,S,743,OAC,-9.448,-33.766,45.213,20.358
CRBN,5yj1,6EL,501,1,S,744,CAO,-6.479,-32.509,44.355,1.208
CRBN,5yj1,6EL,501,1,S,745,OAD,-5.766,-31.534,44.021,3.214
CRBN,5yj1,6EL,501,1,S,746,CAQ,-6.034,-33.552,45.148,4.831
CRBN,5yj1,6EL,501,1,S,747,CAP,-7.177,-34.237,45.529,4.831
CRBN,5yj1,6EL,501,1,S,748,CAH,-4.766,-34.064,45.378,20.53
CRBN,5yj1,6EL,501,1,S,749,CAF,-4.643,-35.255,46.09,36.229
CRBN,5yj1,6EL,501,1,S,750,CAE,-5.786,-35.96,46.474,33.814
CRBN,5yj1,6EL,501,1,S,751,CAG,-7.057,-35.481,46.143,30.191
CRBN,7bqv,F4U,501,1,A,855,N,-28.433,-17.995,-8.067,0.0
CRBN,7bqv,F4U,501,1,A,856,CA,-28.689,-18.675,-6.887,0.0
CRBN,7bqv,F4U,501,1,A,857,C,-28.871,-19.998,-7.048,0.0
CRBN,7bqv,F4U,501,1,A,858,O,-28.369,-20.615,-7.992,1.071
CRBN,7bqv,F4U,501,1,A,859,CB,-29.719,-18.045,-6.111,0.0
CRBN,7bqv,F4U,501,1,A,860,CG,-30.062,-18.816,-4.819,0.0
CRBN,7bqv,F4U,501,1,A,861,CD,-30.282,-20.169,-5.101,0.0
CRBN,7bqv,F4U,501,1,A,862,OE1,-30.971,-20.887,-4.379,0.0
CRBN,7bqv,F4U,501,1,A,863,NE2,-29.674,-20.747,-6.205,0.0
CRBN,7bqv,F4U,501,1,A,864,CAA,-29.275,-17.039,-11.347,3.623
CRBN,7bqv,F4U,501,1,A,865,CAB,-28.553,-16.258,-12.242,3.623
CRBN,7bqv,F4U,501,1,A,866,CAC,-27.323,-15.76,-11.838,16.907
CRBN,7bqv,F4U,501,1,A,867,CAD,-26.869,-16.071,-10.562,14.492
CRBN,7bqv,F4U,501,1,A,868,CAE,-27.605,-16.821,-9.737,2.415
CRBN,7bqv,F4U,501,1,A,869,CAF,-28.79,-17.297,-10.128,0.0
CRBN,7bqv,F4U,501,1,A,870,CAG,-27.402,-17.254,-8.483,1.208
CRBN,7bqv,F4U,501,1,A,871,CAI,-29.275,-18.013,-9.104,0.0
CRBN,7bqv,F4U,501,1,A,872,OAR,-30.359,-18.605,-9.117,0.0
CRBN,7bqv,F4U,501,1,A,873,OAS,-26.406,-16.993,-7.802,6.429
CRBN,7bqv,F4U,501,1,A,874,OAT,-29.038,-15.991,-13.492,33.215
CRBN,5yj0,EF2,501,1,b,733,O01,-58.402,-5.88,-1.617,12.858
CRBN,5yj0,EF2,501,1,b,734,C02,-58.332,-7.106,-1.688,0.0
CRBN,5yj0,EF2,501,1,b,735,N03,-57.083,-7.728,-1.62,0.0
CRBN,5yj0,EF2,501,1,b,736,C04,-56.971,-9.125,-1.589,0.0
CRBN,5yj0,EF2,501,1,b,737,O05,-55.855,-9.64,-1.535,0.0
CRBN,5yj0,EF2,501,1,b,738,C06,-58.212,-10.01,-1.708,0.0
CRBN,5yj0,EF2,501,1,b,739,C07,-59.342,-9.258,-2.404,0.0
CRBN,5yj0,EF2,501,1,b,740,C08,-59.603,-7.957,-1.653,0.0
CRBN,5yj0,EF2,501,1,b,741,N09,-60.732,-7.243,-2.261,0.0
CRBN,5yj0,EF2,501,1,b,742,C11,-63.638,-4.346,-4.252,35.021
CRBN,5yj0,EF2,501,1,b,743,C12,-62.36,-4.874,-4.403,22.945
CRBN,5yj0,EF2,501,1,b,744,C13,-61.87,-5.775,-3.465,2.415
CRBN,5yj0,EF2,501,1,b,745,C14,-62.649,-6.131,-2.372,3.623
CRBN,5yj0,EF2,501,1,b,746,O16,-59.723,-6.401,-4.1,1.071
CRBN,5yj0,EF2,501,1,b,747,O18,-62.22,-7.543,-0.57,21.429
CRBN,5yj0,EF2,501,1,b,748,C19,-63.929,-5.614,-2.222,30.191
CRBN,5yj0,EF2,501,1,b,749,C20,-64.429,-4.732,-3.174,37.436
CRBN,5yj0,EF2,501,1,b,750,C3,-61.893,-7.042,-1.645,4.831
CRBN,5yj0,EF2,501,1,b,751,C4,-60.632,-6.381,-3.269,1.208
CRBN,4tzc,EF2,502,1,C,736,O01,35.957,-1.811,-46.915,10.715
CRBN,4tzc,EF2,502,1,C,737,C02,35.466,-2.87,-47.325,0.0
CRBN,4tzc,EF2,502,1,C,738,N03,34.413,-3.438,-46.71,0.0
CRBN,4tzc,EF2,502,1,C,739,C04,33.725,-4.494,-47.203,0.0
CRBN,4tzc,EF2,502,1,C,740,O05,32.644,-4.812,-46.716,0.0
CRBN,4tzc,EF2,502,1,C,741,C06,34.312,-5.28,-48.376,0.0
CRBN,4tzc,EF2,502,1,C,742,C07,35.814,-5.059,-48.488,0.0
CRBN,4tzc,EF2,502,1,C,743,C08,36.039,-3.568,-48.547,0.0
CRBN,4tzc,EF2,502,1,C,744,N09,37.466,-3.195,-48.661,0.0
CRBN,4tzc,EF2,502,1,C,745,C11,42.016,-1.965,-48.467,37.436
CRBN,4tzc,EF2,502,1,C,746,C12,41.015,-2.546,-47.675,25.36
CRBN,4tzc,EF2,502,1,C,747,C13,39.752,-2.695,-48.253,3.623
CRBN,4tzc,EF2,502,1,C,748,C14,39.484,-2.304,-49.537,6.038
CRBN,4tzc,EF2,502,1,C,749,O16,38.292,-3.775,-46.433,2.143
CRBN,4tzc,EF2,502,1,C,750,O18,37.273,-2.376,-50.916,20.358
CRBN,4tzc,EF2,502,1,C,751,C19,40.455,-1.729,-50.347,31.398
CRBN,4tzc,EF2,502,1,C,752,C20,41.737,-1.561,-49.791,35.021
CRBN,4tzc,EF2,502,1,C,753,C3,38.049,-2.666,-49.727,6.038
CRBN,4tzc,EF2,502,1,C,754,C4,38.455,-3.241,-47.767,1.208
CRBN,5yiz,EF2,501,1,n,722,O01,-34.093,-69.314,28.212,11.786
CRBN,5yiz,EF2,501,1,n,723,C02,-35.133,-69.099,28.835,0.0
CRBN,5yiz,EF2,501,1,n,724,N03,-35.057,-68.633,30.153,0.0
CRBN,5yiz,EF2,501,1,n,725,C04,-36.2,-68.186,30.826,0.0
CRBN,5yiz,EF2,501,1,n,726,O05,-36.07,-67.777,31.977,0.0
CRBN,5yiz,EF2,501,1,n,727,C06,-37.597,-68.369,30.215,0.0
CRBN,5yiz,EF2,501,1,n,728,C07,-37.575,-69.44,29.119,0.0
CRBN,5yiz,EF2,501,1,n,729,C08,-36.481,-69.104,28.112,0.0
CRBN,5yiz,EF2,501,1,n,730,N09,-36.454,-70.08,27.008,0.0
CRBN,5yiz,EF2,501,1,n,731,C11,-35.986,-72.241,23.011,33.814
CRBN,5yiz,EF2,501,1,n,732,C12,-36.484,-71.058,23.551,31.398
CRBN,5yiz,EF2,501,1,n,733,C13,-36.377,-70.832,24.916,2.415
CRBN,5yiz,EF2,501,1,n,734,C14,-35.776,-71.781,25.736,3.623
CRBN,5yiz,EF2,501,1,n,735,O16,-37.319,-68.75,25.392,21.429
CRBN,5yiz,EF2,501,1,n,736,O18,-35.324,-71.767,28.026,0.0
CRBN,5yiz,EF2,501,1,n,737,C19,-35.307,-72.984,25.205,21.737
CRBN,5yiz,EF2,501,1,n,738,C20,-35.413,-73.206,23.836,37.436
CRBN,5yiz,EF2,501,1,n,739,C3,-35.799,-71.239,27.022,0.0
CRBN,5yiz,EF2,501,1,n,740,C4,-36.705,-69.759,25.742,4.831
CRBN,5yj0,EF2,501,1,S,733,O01,-7.757,-32.283,41.736,11.786
CRBN,5yj0,EF2,501,1,S,734,C02,-8.431,-31.403,42.269,0.0
CRBN,5yj0,EF2,501,1,S,735,N03,-8.839,-30.3,41.507,0.0
CRBN,5yj0,EF2,501,1,S,736,C04,-9.628,-29.285,42.065,0.0
CRBN,5yj0,EF2,501,1,S,737,O05,-9.991,-28.34,41.364,0.0
CRBN,5yj0,EF2,501,1,S,738,C06,-10.097,-29.389,43.517,0.0
CRBN,5yj0,EF2,501,1,S,739,C07,-9.116,-30.217,44.346,0.0
CRBN,5yj0,EF2,501,1,S,740,C08,-8.944,-31.589,43.699,0.0
CRBN,5yj0,EF2,501,1,S,741,N09,-8.022,-32.423,44.49,0.0
CRBN,5yj0,EF2,501,1,S,742,C11,-4.666,-35.017,46.157,35.021
CRBN,5yj0,EF2,501,1,S,743,C12,-4.875,-33.853,45.425,22.945
CRBN,5yj0,EF2,501,1,S,744,C13,-6.172,-33.45,45.135,4.831
CRBN,5yj0,EF2,501,1,S,745,C14,-7.251,-34.215,45.551,4.831
CRBN,5yj0,EF2,501,1,S,746,O16,-6.045,-31.479,43.93,0.0
CRBN,5yj0,EF2,501,1,S,747,O18,-9.542,-33.933,45.234,21.429
CRBN,5yj0,EF2,501,1,S,748,C19,-7.046,-35.382,46.28,28.983
CRBN,5yj0,EF2,501,1,S,749,C20,-5.748,-35.78,46.582,36.229
CRBN,5yj0,EF2,501,1,S,750,C3,-8.381,-33.564,45.073,6.038
CRBN,5yj0,EF2,501,1,S,751,C4,-6.699,-32.439,44.335,1.208
CRBN,4tzc,EF2,504,1,A,740,O01,24.554,-36.314,-70.179,12.858
CRBN,4tzc,EF2,504,1,A,741,C02,24.073,-35.814,-69.169,0.0
CRBN,4tzc,EF2,504,1,A,742,N03,24.722,-34.865,-68.503,0.0
CRBN,4tzc,EF2,504,1,A,743,C04,24.194,-34.114,-67.527,0.0
CRBN,4tzc,EF2,504,1,A,744,O05,24.809,-33.134,-67.11,0.0
CRBN,4tzc,EF2,504,1,A,745,C06,22.84,-34.507,-66.949,0.0
CRBN,4tzc,EF2,504,1,A,746,C07,22.607,-36.001,-67.172,0.0
CRBN,4tzc,EF2,504,1,A,747,C08,22.715,-36.252,-68.668,0.0
CRBN,4tzc,EF2,504,1,A,748,N09,22.518,-37.684,-69.03,0.0
CRBN,4tzc,EF2,504,1,A,749,C11,22.449,-42.266,-70.136,36.229
CRBN,4tzc,EF2,504,1,A,750,C12,23.283,-41.303,-69.536,21.737
CRBN,4tzc,EF2,504,1,A,751,C13,22.789,-40.01,-69.457,4.831
CRBN,4tzc,EF2,504,1,A,752,C14,21.557,-39.668,-69.932,7.246
CRBN,4tzc,EF2,504,1,A,753,O16,24.656,-38.649,-68.323,2.143
CRBN,4tzc,EF2,504,1,A,754,O18,20.326,-37.385,-69.957,24.644
CRBN,4tzc,EF2,504,1,A,755,C19,20.7,-40.603,-70.518,28.983
CRBN,4tzc,EF2,504,1,A,756,C20,21.174,-41.922,-70.626,33.814
CRBN,4tzc,EF2,504,1,A,757,C3,21.452,-38.217,-69.617,6.038
CRBN,4tzc,EF2,504,1,A,758,C4,23.338,-38.735,-68.915,0.0
CRBN,5yiz,EF2,501,1,q,733,O01,-42.384,-55.154,67.967,10.715
CRBN,5yiz,EF2,501,1,q,734,C02,-42.461,-55.555,66.805,0.0
CRBN,5yiz,EF2,501,1,q,735,N03,-43.716,-55.672,66.189,0.0
CRBN,5yiz,EF2,501,1,q,736,C04,-43.834,-56.102,64.856,0.0
CRBN,5yiz,EF2,501,1,q,737,O05,-44.952,-56.24,64.362,0.0
CRBN,5yiz,EF2,501,1,q,738,C06,-42.59,-56.501,64.058,0.0
CRBN,5yiz,EF2,501,1,q,739,C07,-41.461,-56.956,64.989,0.0
CRBN,5yiz,EF2,501,1,q,740,C08,-41.183,-55.858,66.015,0.0
CRBN,5yiz,EF2,501,1,q,741,N09,-40.069,-56.214,66.918,0.0
CRBN,5yiz,EF2,501,1,q,742,C11,-37.253,-57.08,70.417,35.021
CRBN,5yiz,EF2,501,1,q,743,C12,-38.509,-57.43,69.917,18.114
CRBN,5yiz,EF2,501,1,q,744,C13,-38.969,-56.854,68.735,4.831
CRBN,5yiz,EF2,501,1,q,745,C14,-38.171,-55.94,68.057,6.038
CRBN,5yiz,EF2,501,1,q,746,O16,-41.088,-57.673,68.295,1.071
CRBN,5yiz,EF2,501,1,q,747,O18,-38.602,-54.663,66.154,21.429
CRBN,5yiz,EF2,501,1,q,748,C19,-36.928,-55.57,68.567,28.983
CRBN,5yiz,EF2,501,1,q,749,C20,-36.453,-56.171,69.729,36.229
CRBN,5yiz,EF2,501,1,q,750,C3,-38.948,-55.495,66.989,6.038
CRBN,5yiz,EF2,501,1,q,751,C4,-40.207,-56.842,68.086,0.0
CRBN,5yj1,6EL,501,1,h,733,O,-66.697,-48.08,-1.677,9.643
CRBN,5yj1,6EL,501,1,h,734,C,-65.653,-47.433,-1.651,0.0
CRBN,5yj1,6EL,501,1,h,735,NE2,-65.692,-46.089,-1.654,0.0
CRBN,5yj1,6EL,501,1,h,736,CD,-64.544,-45.343,-1.477,0.0
CRBN,5yj1,6EL,501,1,h,737,OE1,-64.644,-44.123,-1.411,0.0
CRBN,5yj1,6EL,501,1,h,738,CG,-63.147,-45.987,-1.547,0.0
CRBN,5yj1,6EL,501,1,h,739,CB,-63.182,-47.5,-1.288,0.0
CRBN,5yj1,6EL,501,1,h,740,CA,-64.35,-48.073,-2.063,0.0
CRBN,5yj1,6EL,501,1,h,741,N,-64.429,-49.539,-2.253,1.094
CRBN,5yj1,6EL,501,1,h,742,CAN,-64.156,-50.586,-1.456,6.038
CRBN,5yj1,6EL,501,1,h,743,OAC,-63.563,-50.529,-0.354,19.286
CRBN,5yj1,6EL,501,1,h,744,CAO,-64.902,-50.039,-3.383,0.0
CRBN,5yj1,6EL,501,1,h,745,OAD,-65.487,-49.321,-4.223,2.143
CRBN,5yj1,6EL,501,1,h,746,CAQ,-65.055,-51.412,-3.307,3.623
CRBN,5yj1,6EL,501,1,h,747,CAP,-64.463,-51.78,-2.112,8.453
CRBN,5yj1,6EL,501,1,h,748,CAH,-65.502,-52.355,-4.221,22.945
CRBN,5yj1,6EL,501,1,h,749,CAF,-65.386,-53.702,-3.893,38.644
CRBN,5yj1,6EL,501,1,h,750,CAE,-64.819,-54.081,-2.673,39.852
CRBN,5yj1,6EL,501,1,h,751,CAG,-64.348,-53.121,-1.774,32.606
CRBN,5yj1,6EL,501,1,k,741,O,-74.628,-63.294,40.855,12.858
CRBN,5yj1,6EL,501,1,k,742,C,-73.55,-63.209,41.434,0.0
CRBN,5yj1,6EL,501,1,k,743,NE2,-72.409,-63.473,40.772,0.0
CRBN,5yj1,6EL,501,1,k,744,CD,-71.175,-63.286,41.373,0.0
CRBN,5yj1,6EL,501,1,k,745,OE1,-70.162,-63.482,40.711,0.0
CRBN,5yj1,6EL,501,1,k,746,CG,-71.044,-63.016,42.886,0.0
CRBN,5yj1,6EL,501,1,k,747,CB,-72.33,-62.43,43.482,0.0
CRBN,5yj1,6EL,501,1,k,748,CA,-73.476,-63.253,42.946,0.0
CRBN,5yj1,6EL,501,1,k,749,N,-74.778,-63.175,43.635,0.0
CRBN,5yj1,6EL,501,1,k,750,CAN,-75.379,-62.2,44.339,4.831
CRBN,5yj1,6EL,501,1,k,751,OAC,-75.089,-60.983,44.242,19.286
CRBN,5yj1,6EL,501,1,k,752,CAO,-75.431,-64.29,43.924,0.0
CRBN,5yj1,6EL,501,1,k,753,OAD,-75.18,-65.35,43.299,1.071
CRBN,5yj1,6EL,501,1,k,754,CAQ,-76.669,-64.001,44.474,3.623
CRBN,5yj1,6EL,501,1,k,755,CAP,-76.638,-62.647,44.757,3.623
CRBN,5yj1,6EL,501,1,k,756,CAH,-77.735,-64.799,44.863,25.36
CRBN,5yj1,6EL,501,1,k,757,CAF,-78.797,-64.214,45.543,35.021
CRBN,5yj1,6EL,501,1,k,758,CAE,-78.778,-62.848,45.831,35.021
CRBN,5yj1,6EL,501,1,k,759,CAG,-77.699,-62.053,45.432,31.398
CRBN,5yiz,EF2,501,1,D,762,O01,-43.265,7.359,-13.021,12.858
CRBN,5yiz,EF2,501,1,D,763,C02,-42.487,8.078,-12.396,0.0
CRBN,5yiz,EF2,501,1,D,764,N03,-42.238,7.82,-11.04,0.0
CRBN,5yiz,EF2,501,1,D,765,C04,-41.281,8.56,-10.326,0.0
CRBN,5yiz,EF2,501,1,D,766,O05,-41.042,8.267,-9.155,0.0
CRBN,5yiz,EF2,501,1,D,767,C06,-40.77,9.88,-10.9,0.0
CRBN,5yiz,EF2,501,1,D,768,C07,-41.763,10.412,-11.942,1.208
CRBN,5yiz,EF2,501,1,D,769,C08,-41.946,9.358,-13.029,0.0
CRBN,5yiz,EF2,501,1,D,770,N09,-42.82,9.826,-14.118,0.0
CRBN,5yiz,EF2,501,1,D,771,C11,-44.791,10.627,-18.159,35.021
CRBN,5yiz,EF2,501,1,D,772,C12,-43.538,10.418,-17.589,30.191
CRBN,5yiz,EF2,501,1,D,773,C13,-43.437,10.176,-16.22,3.623
CRBN,5yiz,EF2,501,1,D,774,C14,-44.578,10.144,-15.428,6.038
CRBN,5yiz,EF2,501,1,D,775,O16,-41.178,9.904,-15.669,20.358
CRBN,5yiz,EF2,501,1,D,776,O18,-44.886,9.722,-13.159,1.071
CRBN,5yiz,EF2,501,1,D,777,C19,-45.837,10.303,-16.01,24.153
CRBN,5yiz,EF2,501,1,D,778,C20,-45.944,10.56,-17.377,36.229
CRBN,5yiz,EF2,501,1,D,779,C3,-44.152,9.753,-14.155,0.0
CRBN,5yiz,EF2,501,1,D,780,C4,-42.36,10.042,-15.345,8.453
CRBN,5yiz,EF2,501,1,M,741,O01,-75.506,-23.403,67.845,12.858
CRBN,5yiz,EF2,501,1,M,742,C02,-75.99,-23.112,66.749,0.0
CRBN,5yiz,EF2,501,1,M,743,N03,-75.62,-21.898,66.17,0.0
CRBN,5yiz,EF2,501,1,M,744,C04,-75.903,-21.626,64.823,0.0
CRBN,5yiz,EF2,501,1,M,745,O05,-75.488,-20.583,64.328,0.0
CRBN,5yiz,EF2,501,1,M,746,C06,-76.852,-22.516,64.018,0.0
CRBN,5yiz,EF2,501,1,M,747,C07,-77.69,-23.425,64.923,1.208
CRBN,5yiz,EF2,501,1,M,748,C08,-76.792,-24.137,65.928,0.0
CRBN,5yiz,EF2,501,1,M,749,N09,-77.575,-25.031,66.801,0.0
CRBN,5yiz,EF2,501,1,M,750,C11,-79.733,-27.35,70.107,31.398
CRBN,5yiz,EF2,501,1,M,751,C12,-79.491,-26.051,69.676,21.737
CRBN,5yiz,EF2,501,1,M,752,C13,-78.746,-25.833,68.521,2.415
CRBN,5yiz,EF2,501,1,M,753,C14,-78.201,-26.911,67.831,4.831
CRBN,5yiz,EF2,501,1,M,754,O16,-78.578,-23.53,68.195,2.143
CRBN,5yiz,EF2,501,1,M,755,O18,-76.868,-26.997,65.923,21.429
CRBN,5yiz,EF2,501,1,M,756,C19,-78.433,-28.217,68.262,30.191
CRBN,5yiz,EF2,501,1,M,757,C20,-79.237,-28.43,69.381,35.021
CRBN,5yiz,EF2,501,1,M,758,C3,-77.526,-26.361,66.742,3.623
CRBN,5yiz,EF2,501,1,M,759,C4,-78.317,-24.683,67.854,1.208
CRBN,7bqu,EF2,501,1,A,854,O01,24.77,20.107,13.484,1.071
CRBN,7bqu,EF2,501,1,A,855,C02,25.256,19.574,14.483,0.0
CRBN,7bqu,EF2,501,1,A,856,N03,26.099,20.348,15.279,0.0
CRBN,7bqu,EF2,501,1,A,857,C04,26.696,19.804,16.435,0.0
CRBN,7bqu,EF2,501,1,A,858,O05,27.431,20.516,17.114,0.0
CRBN,7bqu,EF2,501,1,A,859,C06,26.44,18.471,16.788,0.0
CRBN,7bqu,EF2,501,1,A,860,C07,26.195,17.657,15.531,0.0
CRBN,7bqu,EF2,501,1,A,861,C08,25.0,18.226,14.779,0.0
CRBN,7bqu,EF2,501,1,A,862,N09,24.755,17.432,13.535,0.0
CRBN,7bqu,EF2,501,1,A,863,C11,24.935,15.454,9.493,24.153
CRBN,7bqu,EF2,501,1,A,864,C12,25.638,16.299,10.342,7.246
CRBN,7bqu,EF2,501,1,A,865,C13,25.134,16.625,11.536,0.0
CRBN,7bqu,EF2,501,1,A,866,C14,23.952,16.153,11.946,1.208
CRBN,7bqu,EF2,501,1,A,867,O16,26.677,18.004,12.48,0.0
CRBN,7bqu,EF2,501,1,A,868,O18,22.739,16.428,13.852,7.5
CRBN,7bqu,EF2,501,1,A,869,C19,23.232,15.339,11.167,15.699
CRBN,7bqu,EF2,501,1,A,870,C20,23.707,14.962,9.915,19.322
CRBN,7bqu,EF2,501,1,A,871,C3,23.735,16.658,13.165,1.208
CRBN,7bqu,EF2,501,1,A,872,C4,25.603,17.396,12.515,0.0
CRBN,5yj1,6EL,501,1,G,766,O,-28.057,5.543,27.027,11.786
CRBN,5yj1,6EL,501,1,G,767,C,-28.288,5.793,25.85,0.0
CRBN,5yj1,6EL,501,1,G,768,NE2,-27.71,6.839,25.238,0.0
CRBN,5yj1,6EL,501,1,G,769,CD,-27.989,7.149,23.921,0.0
CRBN,5yj1,6EL,501,1,G,770,OE1,-27.451,8.123,23.408,0.0
CRBN,5yj1,6EL,501,1,G,771,CG,-28.999,6.338,23.102,0.0
CRBN,5yj1,6EL,501,1,G,772,CB,-29.246,4.957,23.719,0.0
CRBN,5yj1,6EL,501,1,G,773,CA,-29.498,5.194,25.186,0.0
CRBN,5yj1,6EL,501,1,G,774,N,-30.05,4.075,25.961,0.0
CRBN,5yj1,6EL,501,1,G,775,CAN,-29.848,2.754,25.89,6.038
CRBN,5yj1,6EL,501,1,G,776,OAC,-29.183,2.163,25.008,18.215
CRBN,5yj1,6EL,501,1,G,777,CAO,-30.75,4.301,27.06,1.208
CRBN,5yj1,6EL,501,1,G,778,OAD,-31.13,5.446,27.403,3.214
CRBN,5yj1,6EL,501,1,G,779,CAQ,-31.133,3.121,27.662,4.831
CRBN,5yj1,6EL,501,1,G,780,CAP,-30.508,2.118,26.94,4.831
CRBN,5yj1,6EL,501,1,G,781,CAH,-31.864,2.844,28.805,22.945
CRBN,5yj1,6EL,501,1,G,782,CAF,-32.014,1.514,29.187,31.398
CRBN,5yj1,6EL,501,1,G,783,CAE,-31.419,0.493,28.439,36.229
CRBN,5yj1,6EL,501,1,G,784,CAG,-30.676,0.789,27.296,28.983
CRBN,5yj1,6EL,501,1,V,733,O,-32.131,-8.91,68.451,10.715
CRBN,5yj1,6EL,501,1,V,734,C,-31.721,-8.739,67.305,0.0
CRBN,5yj1,6EL,501,1,V,735,NE2,-30.984,-9.684,66.701,0.0
CRBN,5yj1,6EL,501,1,V,736,CD,-30.544,-9.54,65.404,0.0
CRBN,5yj1,6EL,501,1,V,737,OE1,-29.925,-10.462,64.887,0.0
CRBN,5yj1,6EL,501,1,V,738,CG,-30.765,-8.244,64.609,0.0
CRBN,5yj1,6EL,501,1,V,739,CB,-31.9,-7.398,65.189,0.0
CRBN,5yj1,6EL,501,1,V,740,CA,-31.698,-7.363,66.686,0.0
CRBN,5yj1,6EL,501,1,V,741,N,-32.398,-6.337,67.474,0.0
CRBN,5yj1,6EL,501,1,V,742,CAN,-33.67,-5.901,67.497,3.623
CRBN,5yj1,6EL,501,1,V,743,OAC,-34.474,-5.992,66.536,18.215
CRBN,5yj1,6EL,501,1,V,744,CAO,-31.773,-5.773,68.489,1.208
CRBN,5yj1,6EL,501,1,V,745,OAD,-30.706,-6.261,68.936,2.143
CRBN,5yj1,6EL,501,1,V,746,CAQ,-32.633,-4.986,69.229,3.623
CRBN,5yj1,6EL,501,1,V,747,CAP,-33.798,-4.921,68.485,2.415
CRBN,5yj1,6EL,501,1,V,748,CAH,-32.451,-4.214,70.365,22.945
CRBN,5yj1,6EL,501,1,V,749,CAF,-33.495,-3.394,70.784,33.814
CRBN,5yj1,6EL,501,1,V,750,CAE,-34.692,-3.356,70.062,32.606
CRBN,5yj1,6EL,501,1,V,751,CAG,-34.859,-4.14,68.919,28.983
CRBN,4ci3,Y70,1429,1,B,2979,C1,-1.697,0.575,-11.315,19.322
CRBN,4ci3,Y70,1429,1,B,2980,C2,-1.928,-0.638,-10.644,16.907
CRBN,4ci3,Y70,1429,1,B,2981,C3,-3.149,-0.897,-10.015,19.322
CRBN,4ci3,Y70,1429,1,B,2982,C4,-4.102,0.117,-10.068,2.415
CRBN,4ci3,Y70,1429,1,B,2983,C5,-3.853,1.331,-10.711,0.0
CRBN,4ci3,Y70,1429,1,B,2984,C6,-2.662,1.598,-11.366,0.0
CRBN,4ci3,Y70,1429,1,B,2985,C7,-5.496,0.211,-9.501,1.208
CRBN,4ci3,Y70,1429,1,B,2986,N8,-6.001,1.463,-9.828,0.0
CRBN,4ci3,Y70,1429,1,B,2987,C9,-5.084,2.169,-10.557,0.0
CRBN,4ci3,Y70,1429,1,B,2988,N10,-2.485,2.787,-12.012,16.404
CRBN,4ci3,Y70,1429,1,B,2989,O11,-5.171,3.289,-11.051,0.0
CRBN,4ci3,Y70,1429,1,B,2990,C12,-7.336,1.965,-9.514,0.0
CRBN,4ci3,Y70,1429,1,B,2991,O13,-5.993,-0.744,-8.881,5.357
CRBN,4ci3,Y70,1429,1,B,2992,C14,-7.245,3.059,-8.42,0.0
CRBN,4ci3,Y70,1429,1,B,2993,C15,-8.016,2.508,-10.758,0.0
CRBN,4ci3,Y70,1429,1,B,2994,N16,-8.913,3.523,-10.632,0.0
CRBN,4ci3,Y70,1429,1,B,2995,C17,-9.277,4.117,-9.465,0.0
CRBN,4ci3,Y70,1429,1,B,2996,C18,-8.658,3.639,-8.167,0.0
CRBN,4ci3,Y70,1429,1,B,2997,O19,-7.766,1.995,-11.845,0.0
CRBN,4ci3,Y70,1429,1,B,2998,O20,-10.12,5.0,-9.428,0.0
CRBN,5yj0,EF2,501,1,q,733,O01,-42.592,-55.232,68.112,10.715
CRBN,5yj0,EF2,501,1,q,734,C02,-42.661,-55.72,66.982,0.0
CRBN,5yj0,EF2,501,1,q,735,N03,-43.909,-55.825,66.36,0.0
CRBN,5yj0,EF2,501,1,q,736,C04,-44.032,-56.342,65.064,0.0
CRBN,5yj0,EF2,501,1,q,737,O05,-45.147,-56.431,64.553,0.0
CRBN,5yj0,EF2,501,1,q,738,C06,-42.789,-56.712,64.253,0.0
CRBN,5yj0,EF2,501,1,q,739,C07,-41.633,-57.103,65.173,0.0
CRBN,5yj0,EF2,501,1,q,740,C08,-41.385,-55.986,66.185,0.0
CRBN,5yj0,EF2,501,1,q,741,N09,-40.264,-56.323,67.077,0.0
CRBN,5yj0,EF2,501,1,q,742,C11,-37.369,-57.186,70.495,33.814
CRBN,5yj0,EF2,501,1,q,743,C12,-38.643,-57.521,70.046,19.322
CRBN,5yj0,EF2,501,1,q,744,C13,-39.132,-56.959,68.872,4.831
CRBN,5yj0,EF2,501,1,q,745,C14,-38.353,-56.046,68.175,6.038
CRBN,5yj0,EF2,501,1,q,746,O16,-41.279,-57.763,68.499,1.071
CRBN,5yj0,EF2,501,1,q,747,O18,-38.785,-54.798,66.264,21.429
CRBN,5yj0,EF2,501,1,q,748,C19,-37.09,-55.688,68.633,27.775
CRBN,5yj0,EF2,501,1,q,749,C20,-36.587,-56.283,69.783,38.644
CRBN,5yj0,EF2,501,1,q,750,C3,-39.131,-55.625,67.106,6.038
CRBN,5yj0,EF2,501,1,q,751,C4,-40.375,-56.968,68.239,0.0
CRBN,5yj1,6EL,501,1,J,722,O,-68.747,9.8,41.854,11.786
CRBN,5yj1,6EL,501,1,J,723,C,-69.135,8.768,42.394,0.0
CRBN,5yj1,6EL,501,1,J,724,NE2,-69.881,7.878,41.717,0.0
CRBN,5yj1,6EL,501,1,J,725,CD,-70.32,6.703,42.295,0.0
CRBN,5yj1,6EL,501,1,J,726,OE1,-70.959,5.912,41.609,0.0
CRBN,5yj1,6EL,501,1,J,727,CG,-70.081,6.396,43.783,0.0
CRBN,5yj1,6EL,501,1,J,728,CB,-68.934,7.228,44.367,0.0
CRBN,5yj1,6EL,501,1,J,729,CA,-69.131,8.653,43.897,0.0
CRBN,5yj1,6EL,501,1,J,730,N,-68.424,9.752,44.583,0.0
CRBN,5yj1,6EL,501,1,J,731,CAN,-67.162,9.911,45.023,4.831
CRBN,5yj1,6EL,501,1,J,732,OAC,-66.327,8.986,45.169,16.072
CRBN,5yj1,6EL,501,1,J,733,CAO,-69.028,10.915,44.753,0.0
CRBN,5yj1,6EL,501,1,J,734,OAD,-70.151,11.167,44.269,0.0
CRBN,5yj1,6EL,501,1,J,735,CAQ,-68.208,11.838,45.364,4.831
CRBN,5yj1,6EL,501,1,J,736,CAP,-67.019,11.176,45.606,4.831
CRBN,5yj1,6EL,501,1,J,737,CAH,-68.379,13.177,45.677,21.737
CRBN,5yj1,6EL,501,1,J,738,CAF,-67.332,13.856,46.295,33.814
CRBN,5yj1,6EL,501,1,J,739,CAE,-66.123,13.199,46.543,36.229
CRBN,5yj1,6EL,501,1,J,740,CAG,-65.952,11.859,46.182,30.191
CRBN,5yj1,6EL,501,1,A,754,O,-18.732,39.122,1.981,9.643
CRBN,5yj1,6EL,501,1,A,755,C,-19.091,38.062,2.48,0.0
CRBN,5yj1,6EL,501,1,A,756,NE2,-19.708,37.135,1.735,0.0
CRBN,5yj1,6EL,501,1,A,757,CD,-20.198,35.965,2.286,0.0
CRBN,5yj1,6EL,501,1,A,758,OE1,-20.787,35.166,1.567,0.0
CRBN,5yj1,6EL,501,1,A,759,CG,-20.045,35.653,3.781,0.0
CRBN,5yj1,6EL,501,1,A,760,CB,-18.971,36.528,4.429,0.0
CRBN,5yj1,6EL,501,1,A,761,CA,-19.238,37.942,3.975,0.0
CRBN,5yj1,6EL,501,1,A,762,N,-18.527,39.011,4.685,0.0
CRBN,5yj1,6EL,501,1,A,763,CAN,-17.263,39.108,5.113,4.831
CRBN,5yj1,6EL,501,1,A,764,OAC,-16.455,38.154,5.201,16.072
CRBN,5yj1,6EL,501,1,A,765,CAO,-19.045,40.227,4.74,0.0
CRBN,5yj1,6EL,501,1,A,766,OAD,-20.26,40.446,4.509,3.214
CRBN,5yj1,6EL,501,1,A,767,CAQ,-18.247,41.059,5.505,3.623
CRBN,5yj1,6EL,501,1,A,768,CAP,-17.059,40.369,5.678,3.623
CRBN,5yj1,6EL,501,1,A,769,CAH,-18.362,42.399,5.839,21.737
CRBN,5yj1,6EL,501,1,A,770,CAF,-17.29,43.026,6.465,33.814
CRBN,5yj1,6EL,501,1,A,771,CAE,-16.11,42.317,6.704,36.229
CRBN,5yj1,6EL,501,1,A,772,CAG,-15.983,40.985,6.304,31.398
CRBN,5yj0,EF2,501,1,k,741,O01,-74.763,-63.307,40.89,12.858
CRBN,5yj0,EF2,501,1,k,742,C02,-73.687,-63.271,41.484,0.0
CRBN,5yj0,EF2,501,1,k,743,N03,-72.515,-63.564,40.781,0.0
CRBN,5yj0,EF2,501,1,k,744,C04,-71.259,-63.341,41.358,0.0
CRBN,5yj0,EF2,501,1,k,745,O05,-70.244,-63.589,40.71,0.0
CRBN,5yj0,EF2,501,1,k,746,C06,-71.129,-62.834,42.795,0.0
CRBN,5yj0,EF2,501,1,k,747,C07,-72.376,-63.16,43.609,1.208
CRBN,5yj0,EF2,501,1,k,748,C08,-73.603,-62.637,42.874,0.0
CRBN,5yj0,EF2,501,1,k,749,N09,-74.812,-62.911,43.658,0.0
CRBN,5yj0,EF2,501,1,k,750,C11,-78.796,-62.817,45.875,35.021
CRBN,5yj0,EF2,501,1,k,751,C12,-77.761,-61.988,45.467,32.606
CRBN,5yj0,EF2,501,1,k,752,C13,-76.684,-62.524,44.777,4.831
CRBN,5yj0,EF2,501,1,k,753,C14,-76.642,-63.876,44.461,4.831
CRBN,5yj0,EF2,501,1,k,754,O16,-75.252,-60.768,44.279,21.429
CRBN,5yj0,EF2,501,1,k,755,O18,-75.08,-65.145,43.285,1.071
CRBN,5yj0,EF2,501,1,k,756,C19,-77.693,-64.702,44.839,26.568
CRBN,5yj0,EF2,501,1,k,757,C20,-78.758,-64.172,45.563,36.229
CRBN,5yj0,EF2,501,1,k,758,C3,-75.484,-64.061,43.708,1.208
CRBN,5yj0,EF2,501,1,k,759,C4,-75.548,-61.961,44.22,4.831
CRBN,5yj0,EF2,501,1,J,722,O01,-68.772,9.955,41.912,13.929
CRBN,5yj0,EF2,501,1,J,723,C02,-69.204,8.952,42.477,0.0
CRBN,5yj0,EF2,501,1,J,724,N03,-70.057,8.085,41.782,0.0
CRBN,5yj0,EF2,501,1,J,725,C04,-70.423,6.848,42.324,0.0
CRBN,5yj0,EF2,501,1,J,726,O05,-71.168,6.11,41.68,0.0
CRBN,5yj0,EF2,501,1,J,727,C06,-70.005,6.466,43.746,0.0
CRBN,5yj0,EF2,501,1,J,728,C07,-69.717,7.715,44.577,1.208
CRBN,5yj0,EF2,501,1,J,729,C08,-68.672,8.562,43.857,0.0
CRBN,5yj0,EF2,501,1,J,730,N09,-68.334,9.751,44.657,0.0
CRBN,5yj0,EF2,501,1,J,731,C11,-66.345,13.278,46.751,37.436
CRBN,5yj0,EF2,501,1,J,732,C12,-66.107,11.959,46.389,28.983
CRBN,5yj0,EF2,501,1,J,733,C13,-67.087,11.243,45.716,4.831
CRBN,5yj0,EF2,501,1,J,734,C14,-68.304,11.837,45.408,2.415
CRBN,5yj0,EF2,501,1,J,735,O16,-66.249,9.127,45.279,19.286
CRBN,5yj0,EF2,501,1,J,736,O18,-70.153,11.054,44.235,1.071
CRBN,5yj0,EF2,501,1,J,737,C19,-68.553,13.151,45.782,22.945
CRBN,5yj0,EF2,501,1,J,738,C20,-67.574,13.866,46.464,35.021
CRBN,5yj0,EF2,501,1,J,739,C3,-69.015,10.895,44.673,0.0
CRBN,5yj0,EF2,501,1,J,740,C4,-67.108,9.993,45.113,4.831
CRBN,5yiz,EF2,501,1,J,722,O01,-68.67,9.957,41.842,10.715
CRBN,5yiz,EF2,501,1,J,723,C02,-69.047,8.922,42.393,0.0
CRBN,5yiz,EF2,501,1,J,724,N03,-69.889,8.049,41.694,0.0
CRBN,5yiz,EF2,501,1,J,725,C04,-70.244,6.802,42.215,0.0
CRBN,5yiz,EF2,501,1,J,726,O05,-70.911,6.04,41.516,0.0
CRBN,5yiz,EF2,501,1,J,727,C06,-69.804,6.399,43.629,0.0
CRBN,5yiz,EF2,501,1,J,728,C07,-69.521,7.64,44.478,1.208
CRBN,5yiz,EF2,501,1,J,729,C08,-68.494,8.52,43.768,0.0
CRBN,5yiz,EF2,501,1,J,730,N09,-68.165,9.712,44.571,0.0
CRBN,5yiz,EF2,501,1,J,731,C11,-66.152,13.322,46.531,37.436
CRBN,5yiz,EF2,501,1,J,732,C12,-65.915,11.99,46.206,30.191
CRBN,5yiz,EF2,501,1,J,733,C13,-66.915,11.241,45.592,4.831
CRBN,5yiz,EF2,501,1,J,734,C14,-68.137,11.823,45.278,4.831
CRBN,5yiz,EF2,501,1,J,735,O16,-66.069,9.117,45.191,18.215
CRBN,5yiz,EF2,501,1,J,736,O18,-69.993,10.999,44.128,1.071
CRBN,5yiz,EF2,501,1,J,737,C19,-68.384,13.151,45.613,22.945
CRBN,5yiz,EF2,501,1,J,738,C20,-67.406,13.879,46.29,35.021
CRBN,5yiz,EF2,501,1,J,739,C3,-68.88,10.835,44.631,0.0
CRBN,5yiz,EF2,501,1,J,740,C4,-66.938,9.972,45.02,4.831
CRBN,5yj0,EF2,501,1,V,733,O01,-32.129,-8.81,68.572,11.786
CRBN,5yj0,EF2,501,1,V,734,C02,-31.756,-8.663,67.409,0.0
CRBN,5yj0,EF2,501,1,V,735,N03,-30.91,-9.62,66.833,0.0
CRBN,5yj0,EF2,501,1,V,736,C04,-30.568,-9.554,65.477,0.0
CRBN,5yj0,EF2,501,1,V,737,O05,-29.864,-10.439,64.99,0.0
CRBN,5yj0,EF2,501,1,V,738,C06,-30.976,-8.345,64.631,0.0
CRBN,5yj0,EF2,501,1,V,739,C07,-31.236,-7.124,65.515,0.0
CRBN,5yj0,EF2,501,1,V,740,C08,-32.273,-7.486,66.576,0.0
CRBN,5yj0,EF2,501,1,V,741,N09,-32.591,-6.323,67.427,1.094
CRBN,5yj0,EF2,501,1,V,742,C11,-33.361,-3.383,70.826,36.229
CRBN,5yj0,EF2,501,1,V,743,C12,-32.38,-4.237,70.337,21.737
CRBN,5yj0,EF2,501,1,V,744,C13,-32.635,-4.999,69.204,3.623
CRBN,5yj0,EF2,501,1,V,745,C14,-33.856,-4.889,68.553,4.831
CRBN,5yj0,EF2,501,1,V,746,O16,-30.764,-6.297,68.77,1.071
CRBN,5yj0,EF2,501,1,V,747,O18,-34.701,-5.969,66.679,21.429
CRBN,5yj0,EF2,501,1,V,748,C19,-34.844,-4.045,69.047,28.983
CRBN,5yj0,EF2,501,1,V,749,C20,-34.593,-3.289,70.187,33.814
CRBN,5yj0,EF2,501,1,V,750,C3,-33.822,-5.83,67.53,2.415
CRBN,5yj0,EF2,501,1,V,751,C4,-31.936,-6.007,68.544,1.208
CRBN,4ci1,EF2,1429,1,B,2987,O01,-1.923,7.695,11.553,0.0
CRBN,4ci1,EF2,1429,1,B,2988,C02,-1.715,8.198,12.649,0.0
CRBN,4ci1,EF2,1429,1,B,2989,N03,-1.294,9.48,12.795,0.0
CRBN,4ci1,EF2,1429,1,B,2990,C04,-1.071,10.098,13.979,0.0
CRBN,4ci1,EF2,1429,1,B,2991,O05,-0.693,11.248,14.006,0.0
CRBN,4ci1,EF2,1429,1,B,2992,C06,-1.306,9.377,15.284,0.0
CRBN,4ci1,EF2,1429,1,B,2993,C07,-1.111,7.854,15.077,0.0
CRBN,4ci1,EF2,1429,1,B,2994,C08,-2.001,7.399,13.899,0.0
CRBN,4ci1,EF2,1429,1,B,2995,N09,-1.896,5.966,13.669,0.0
CRBN,4ci1,EF2,1429,1,B,2996,C11,-1.16,1.494,12.472,20.53
CRBN,4ci1,EF2,1429,1,B,2997,C12,-0.521,2.751,12.388,15.699
CRBN,4ci1,EF2,1429,1,B,2998,C13,-1.227,3.848,12.907,0.0
CRBN,4ci1,EF2,1429,1,B,2999,C14,-2.505,3.704,13.476,1.208
CRBN,4ci1,EF2,1429,1,B,3000,O16,0.186,5.793,12.604,2.143
CRBN,4ci1,EF2,1429,1,B,3001,O18,-3.993,5.348,14.401,2.143
CRBN,4ci1,EF2,1429,1,B,3002,C19,-3.147,2.454,13.535,14.492
CRBN,4ci1,EF2,1429,1,B,3003,C20,-2.454,1.343,13.013,20.53
CRBN,4ci1,EF2,1429,1,B,3004,C3,-2.9,5.091,13.926,0.0
CRBN,4ci1,EF2,1429,1,B,3005,C4,-0.868,5.316,13.043,0.0
CRBN,5yiz,EF2,501,1,h,733,O01,-66.616,-48.114,-1.688,9.643
CRBN,5yiz,EF2,501,1,h,734,C02,-65.564,-47.476,-1.733,0.0
CRBN,5yiz,EF2,501,1,h,735,N03,-65.633,-46.083,-1.798,0.0
CRBN,5yiz,EF2,501,1,h,736,C04,-64.512,-45.284,-1.576,0.0
CRBN,5yiz,EF2,501,1,h,737,O05,-64.67,-44.064,-1.587,0.0
CRBN,5yiz,EF2,501,1,h,738,C06,-63.111,-45.907,-1.511,0.0
CRBN,5yiz,EF2,501,1,h,739,C07,-63.093,-47.317,-2.117,0.0
CRBN,5yiz,EF2,501,1,h,740,C08,-64.213,-48.171,-1.523,0.0
CRBN,5yiz,EF2,501,1,h,741,N09,-64.229,-49.52,-2.118,1.094
CRBN,5yiz,EF2,501,1,h,742,C11,-65.313,-53.55,-3.983,36.229
CRBN,5yiz,EF2,501,1,h,743,C12,-65.392,-52.186,-4.239,21.737
CRBN,5yiz,EF2,501,1,h,744,C13,-64.895,-51.282,-3.303,2.415
CRBN,5yiz,EF2,501,1,h,745,C14,-64.334,-51.749,-2.121,6.038
CRBN,5yiz,EF2,501,1,h,746,O16,-65.387,-49.124,-4.045,1.071
CRBN,5yiz,EF2,501,1,h,747,O18,-63.452,-50.62,-0.291,21.429
CRBN,5yiz,EF2,501,1,h,748,C19,-64.226,-53.113,-1.871,30.191
CRBN,5yiz,EF2,501,1,h,749,C20,-64.74,-54.013,-2.801,37.436
CRBN,5yiz,EF2,501,1,h,750,C3,-63.992,-50.614,-1.396,7.246
CRBN,5yiz,EF2,501,1,h,751,C4,-64.901,-49.89,-3.21,0.0
CRBN,5yj1,6EL,501,1,n,722,O,-34.106,-69.212,28.337,10.715
CRBN,5yj1,6EL,501,1,n,723,C,-35.154,-69.033,28.952,0.0
CRBN,5yj1,6EL,501,1,n,724,NE2,-35.129,-68.591,30.21,0.0
CRBN,5yj1,6EL,501,1,n,725,CD,-36.288,-68.27,30.88,0.0
CRBN,5yj1,6EL,501,1,n,726,OE1,-36.189,-67.808,32.006,0.0
CRBN,5yj1,6EL,501,1,n,727,CG,-37.684,-68.553,30.298,0.0
CRBN,5yj1,6EL,501,1,n,728,CB,-37.646,-68.75,28.778,0.0
CRBN,5yj1,6EL,501,1,n,729,CA,-36.451,-69.624,28.467,0.0
CRBN,5yj1,6EL,501,1,n,730,N,-36.363,-70.273,27.151,0.0
CRBN,5yj1,6EL,501,1,n,731,CAN,-36.7,-69.879,25.915,4.831
CRBN,5yj1,6EL,501,1,n,732,OAC,-37.291,-68.815,25.619,19.286
CRBN,5yj1,6EL,501,1,n,733,CAO,-35.943,-71.52,27.054,1.208
CRBN,5yj1,6EL,501,1,n,734,OAD,-35.334,-72.087,27.988,1.071
CRBN,5yj1,6EL,501,1,n,735,CAQ,-35.844,-71.913,25.735,3.623
CRBN,5yj1,6EL,501,1,n,736,CAP,-36.436,-70.899,25.002,3.623
CRBN,5yj1,6EL,501,1,n,737,CAH,-35.388,-73.078,25.142,22.945
CRBN,5yj1,6EL,501,1,n,738,CAF,-35.527,-73.21,23.765,36.229
CRBN,5yj1,6EL,501,1,n,739,CAE,-36.106,-72.184,23.012,35.021
CRBN,5yj1,6EL,501,1,n,740,CAG,-36.558,-71.013,23.627,27.775
CRBN,4tzc,EF2,505,1,B,807,O01,47.611,-34.118,-68.954,9.643
CRBN,4tzc,EF2,505,1,B,808,C02,48.057,-34.696,-67.945,0.0
CRBN,4tzc,EF2,505,1,B,809,N03,47.432,-35.784,-67.461,0.0
CRBN,4tzc,EF2,505,1,B,810,C04,47.848,-36.495,-66.397,0.0
CRBN,4tzc,EF2,505,1,B,811,O05,47.274,-37.523,-66.081,0.0
CRBN,4tzc,EF2,505,1,B,812,C06,49.035,-36.005,-65.605,0.0
CRBN,4tzc,EF2,505,1,B,813,C07,49.205,-34.479,-65.749,1.208
CRBN,4tzc,EF2,505,1,B,814,C08,49.313,-34.212,-67.232,0.0
CRBN,4tzc,EF2,505,1,B,815,N09,49.52,-32.801,-67.598,0.0
CRBN,4tzc,EF2,505,1,B,816,C11,49.528,-28.269,-68.88,37.436
CRBN,4tzc,EF2,505,1,B,817,C12,48.681,-29.209,-68.245,24.153
CRBN,4tzc,EF2,505,1,B,818,C13,49.198,-30.501,-68.112,6.038
CRBN,4tzc,EF2,505,1,B,819,C14,50.474,-30.853,-68.557,7.246
CRBN,4tzc,EF2,505,1,B,820,O16,47.328,-31.837,-66.942,2.143
CRBN,4tzc,EF2,505,1,B,821,O18,51.747,-33.084,-68.493,21.429
CRBN,4tzc,EF2,505,1,B,822,C19,51.329,-29.952,-69.182,32.606
CRBN,4tzc,EF2,505,1,B,823,C20,50.827,-28.636,-69.331,37.436
CRBN,4tzc,EF2,505,1,B,824,C3,50.589,-32.291,-68.205,6.038
CRBN,4tzc,EF2,505,1,B,825,C4,48.666,-31.757,-67.525,0.0
CRBN,4tzu,Y70,503,1,D,724,C1,-50.274,-29.63,-1.206,31.398
CRBN,4tzu,Y70,503,1,D,725,C2,-49.021,-29.33,-1.743,36.229
CRBN,4tzu,Y70,503,1,D,726,C3,-48.251,-30.336,-2.325,20.53
CRBN,4tzu,Y70,503,1,D,727,C4,-48.742,-31.639,-2.361,4.831
CRBN,4tzu,Y70,503,1,D,728,C5,-49.994,-31.942,-1.832,7.246
CRBN,4tzu,Y70,503,1,D,729,C6,-50.764,-30.933,-1.248,9.661
CRBN,4tzu,Y70,503,1,D,730,C7,-48.233,-32.835,-2.861,1.208
CRBN,4tzu,Y70,503,1,D,731,N8,-49.11,-33.812,-2.661,0.0
CRBN,4tzu,Y70,503,1,D,732,C9,-50.174,-33.314,-2.036,4.831
CRBN,4tzu,Y70,503,1,D,733,N10,-51.961,-31.202,-0.732,42.65
CRBN,4tzu,Y70,503,1,D,734,O11,-51.154,-33.982,-1.705,15.0
CRBN,4tzu,Y70,503,1,D,735,C12,-48.929,-35.23,-3.01,0.0
CRBN,4tzu,Y70,503,1,D,736,O13,-47.146,-32.964,-3.408,0.0
CRBN,4tzu,Y70,503,1,D,737,C14,-48.978,-35.479,-4.521,0.0
CRBN,4tzu,Y70,503,1,D,738,C15,-47.591,-35.73,-2.439,0.0
CRBN,4tzu,Y70,503,1,D,739,N16,-46.916,-36.777,-3.052,0.0
CRBN,4tzu,Y70,503,1,D,740,C17,-47.442,-37.433,-4.161,0.0
CRBN,4tzu,Y70,503,1,D,741,C18,-48.78,-36.981,-4.768,0.0
CRBN,4tzu,Y70,503,1,D,742,O19,-47.072,-35.186,-1.461,12.858
CRBN,4tzu,Y70,503,1,D,743,O20,-46.807,-38.375,-4.632,0.0
CRBN,4tzu,Y70,504,1,C,723,C1,-74.325,-49.75,-28.528,31.398
CRBN,4tzu,Y70,504,1,C,724,C2,-73.854,-51.011,-28.905,36.229
CRBN,4tzu,Y70,504,1,C,725,C3,-73.971,-51.439,-30.226,28.983
CRBN,4tzu,Y70,504,1,C,726,C4,-74.564,-50.591,-31.164,3.623
CRBN,4tzu,Y70,504,1,C,727,C5,-75.03,-49.33,-30.791,3.623
CRBN,4tzu,Y70,504,1,C,728,C6,-74.912,-48.907,-29.471,7.246
CRBN,4tzu,Y70,504,1,C,729,C7,-74.826,-50.706,-32.524,6.038
CRBN,4tzu,Y70,504,1,C,730,N8,-75.431,-49.607,-32.954,0.0
CRBN,4tzu,Y70,504,1,C,731,C9,-75.551,-48.748,-31.947,0.0
CRBN,4tzu,Y70,504,1,C,732,N10,-75.357,-47.707,-29.113,27.34
CRBN,4tzu,Y70,504,1,C,733,O11,-76.06,-47.626,-32.024,0.0
CRBN,4tzu,Y70,504,1,C,734,C12,-75.799,-49.371,-34.353,0.0
CRBN,4tzu,Y70,504,1,C,735,O13,-74.556,-51.678,-33.224,18.215
CRBN,4tzu,Y70,504,1,C,736,C14,-77.287,-49.325,-34.649,1.208
CRBN,4tzu,Y70,504,1,C,737,C15,-75.124,-48.098,-34.833,0.0
CRBN,4tzu,Y70,504,1,C,738,N16,-75.609,-47.423,-35.955,0.0
CRBN,4tzu,Y70,504,1,C,739,C17,-76.729,-47.892,-36.65,0.0
CRBN,4tzu,Y70,504,1,C,740,C18,-77.463,-49.144,-36.174,0.0
CRBN,4tzu,Y70,504,1,C,741,O19,-74.141,-47.664,-34.233,11.786
CRBN,4tzu,Y70,504,1,C,742,O20,-77.124,-47.267,-37.632,0.0
CRBN,5yj0,EF2,501,1,t,766,O01,-76.411,-61.719,38.686,9.643
CRBN,5yj0,EF2,501,1,t,767,C02,-77.522,-61.194,38.678,0.0
CRBN,5yj0,EF2,501,1,t,768,N03,-78.663,-61.999,38.642,0.0
CRBN,5yj0,EF2,501,1,t,769,C04,-79.939,-61.43,38.735,0.0
CRBN,5yj0,EF2,501,1,t,770,O05,-80.923,-62.169,38.724,0.0
CRBN,5yj0,EF2,501,1,t,771,C06,-80.123,-59.915,38.648,0.0
CRBN,5yj0,EF2,501,1,t,772,C07,-78.914,-59.266,37.979,1.208
CRBN,5yj0,EF2,501,1,t,773,C08,-77.668,-59.675,38.752,0.0
CRBN,5yj0,EF2,501,1,t,774,N09,-76.486,-59.008,38.197,0.0
CRBN,5yj0,EF2,501,1,t,775,C11,-72.461,-57.023,37.418,35.021
CRBN,5yj0,EF2,501,1,t,776,C12,-73.461,-57.092,38.381,27.775
CRBN,5yj0,EF2,501,1,t,777,C13,-74.557,-57.921,38.17,4.831
CRBN,5yj0,EF2,501,1,t,778,C14,-74.657,-58.663,37.001,2.415
CRBN,5yj0,EF2,501,1,t,779,O16,-75.984,-57.727,40.0,21.429
CRBN,5yj0,EF2,501,1,t,780,O18,-76.283,-60.136,36.233,1.071
CRBN,5yj0,EF2,501,1,t,781,C19,-73.65,-58.61,36.046,20.53
CRBN,5yj0,EF2,501,1,t,782,C20,-72.555,-57.777,36.253,32.606
CRBN,5yj0,EF2,501,1,t,783,C3,-75.828,-59.406,37.112,0.0
CRBN,5yj0,EF2,501,1,t,784,C4,-75.687,-58.229,38.916,3.623
CRBN,4tzu,Y70,504,1,A,723,C1,-29.913,-70.083,-21.895,32.606
CRBN,4tzu,Y70,504,1,A,724,C2,-29.655,-69.662,-23.203,35.021
CRBN,4tzu,Y70,504,1,A,725,C3,-30.68,-69.115,-23.98,22.945
CRBN,4tzu,Y70,504,1,A,726,C4,-31.962,-69.0,-23.444,6.038
CRBN,4tzu,Y70,504,1,A,727,C5,-32.216,-69.419,-22.142,3.623
CRBN,4tzu,Y70,504,1,A,728,C6,-31.197,-69.963,-21.362,4.831
CRBN,4tzu,Y70,504,1,A,729,C7,-33.179,-68.519,-23.938,0.0
CRBN,4tzu,Y70,504,1,A,730,N8,-34.112,-68.631,-22.996,0.0
CRBN,4tzu,Y70,504,1,A,731,C9,-33.572,-69.171,-21.918,7.246
CRBN,4tzu,Y70,504,1,A,732,N10,-31.455,-70.37,-20.113,44.837
CRBN,4tzu,Y70,504,1,A,733,O11,-34.196,-69.406,-20.888,11.786
CRBN,4tzu,Y70,504,1,A,734,C12,-35.538,-68.28,-23.101,0.0
CRBN,4tzu,Y70,504,1,A,735,O13,-33.359,-68.058,-25.062,0.0
CRBN,4tzu,Y70,504,1,A,736,C14,-35.817,-66.773,-23.083,0.0
CRBN,4tzu,Y70,504,1,A,737,C15,-36.15,-68.945,-24.343,0.0
CRBN,4tzu,Y70,504,1,A,738,N16,-37.308,-68.419,-24.915,0.0
CRBN,4tzu,Y70,504,1,A,739,C17,-37.942,-67.288,-24.373,0.0
CRBN,4tzu,Y70,504,1,A,740,C18,-37.349,-66.57,-23.145,0.0
CRBN,4tzu,Y70,504,1,A,741,O19,-35.634,-69.954,-24.837,10.715
CRBN,4tzu,Y70,504,1,A,742,O20,-38.959,-66.862,-24.918,0.0
CRBN,5yiz,EF2,501,1,k,741,O01,-74.545,-63.288,40.813,11.786
CRBN,5yiz,EF2,501,1,k,742,C02,-73.482,-63.208,41.429,0.0
CRBN,5yiz,EF2,501,1,k,743,N03,-72.302,-63.514,40.745,0.0
CRBN,5yiz,EF2,501,1,k,744,C04,-71.05,-63.256,41.32,0.0
CRBN,5yiz,EF2,501,1,k,745,O05,-70.031,-63.452,40.66,0.0
CRBN,5yiz,EF2,501,1,k,746,C06,-70.94,-62.718,42.751,0.0
CRBN,5yiz,EF2,501,1,k,747,C07,-72.188,-63.052,43.57,1.208
CRBN,5yiz,EF2,501,1,k,748,C08,-73.425,-62.565,42.821,0.0
CRBN,5yiz,EF2,501,1,k,749,N09,-74.652,-62.841,43.592,0.0
CRBN,5yiz,EF2,501,1,k,750,C11,-78.675,-62.73,45.778,35.021
CRBN,5yiz,EF2,501,1,k,751,C12,-77.635,-61.897,45.376,31.398
CRBN,5yiz,EF2,501,1,k,752,C13,-76.536,-62.44,44.713,4.831
CRBN,5yiz,EF2,501,1,k,753,C14,-76.493,-63.796,44.403,4.831
CRBN,5yiz,EF2,501,1,k,754,O16,-75.051,-60.705,44.254,22.501
CRBN,5yiz,EF2,501,1,k,755,O18,-74.927,-65.079,43.23,1.071
CRBN,5yiz,EF2,501,1,k,756,C19,-77.558,-64.617,44.761,24.153
CRBN,5yiz,EF2,501,1,k,757,C20,-78.634,-64.087,45.471,36.229
CRBN,5yiz,EF2,501,1,k,758,C3,-75.318,-63.995,43.671,0.0
CRBN,5yiz,EF2,501,1,k,759,C4,-75.347,-61.9,44.23,4.831
CRBN,5yiz,EF2,501,1,P,733,O01,-93.038,-22.996,28.743,11.786
CRBN,5yiz,EF2,501,1,P,734,C02,-92.334,-22.228,29.397,0.0
CRBN,5yiz,EF2,501,1,P,735,N03,-91.879,-22.601,30.678,0.0
CRBN,5yiz,EF2,501,1,P,736,C04,-91.026,-21.755,31.412,0.0
CRBN,5yiz,EF2,501,1,P,737,O05,-90.663,-22.079,32.544,0.0
CRBN,5yiz,EF2,501,1,P,738,C06,-90.554,-20.425,30.817,0.0
CRBN,5yiz,EF2,501,1,P,739,C07,-91.558,-19.896,29.789,0.0
CRBN,5yiz,EF2,501,1,P,740,C08,-91.796,-20.964,28.723,0.0
CRBN,5yiz,EF2,501,1,P,741,N09,-92.73,-20.5,27.677,0.0
CRBN,5yiz,EF2,501,1,P,742,C11,-96.085,-19.878,24.621,37.436
CRBN,5yiz,EF2,501,1,P,743,C12,-95.876,-20.185,25.964,22.945
CRBN,5yiz,EF2,501,1,P,744,C13,-94.578,-20.291,26.464,6.038
CRBN,5yiz,EF2,501,1,P,745,C14,-93.491,-20.064,25.63,4.831
CRBN,5yiz,EF2,501,1,P,746,O16,-94.697,-20.742,28.732,1.071
CRBN,5yiz,EF2,501,1,P,747,O18,-91.193,-20.268,26.039,20.358
CRBN,5yiz,EF2,501,1,P,748,C19,-93.697,-19.803,24.278,30.191
CRBN,5yiz,EF2,501,1,P,749,C20,-94.994,-19.666,23.783,35.021
CRBN,5yiz,EF2,501,1,P,750,C3,-92.365,-20.313,26.411,6.038
CRBN,5yiz,EF2,501,1,P,751,C4,-94.046,-20.707,27.689,1.208
CRBN,5yj1,6EL,501,1,M,733,O,-75.583,-23.374,67.897,11.786
CRBN,5yj1,6EL,501,1,M,734,C,-76.053,-23.065,66.806,0.0
CRBN,5yj1,6EL,501,1,M,735,NE2,-75.637,-21.949,66.195,0.0
CRBN,5yj1,6EL,501,1,M,736,CD,-76.048,-21.626,64.919,0.0
CRBN,5yj1,6EL,501,1,M,737,OE1,-75.543,-20.66,64.364,0.0
CRBN,5yj1,6EL,501,1,M,738,CG,-77.161,-22.415,64.208,0.0
CRBN,5yj1,6EL,501,1,M,739,CB,-77.294,-23.837,64.767,1.208
CRBN,5yj1,6EL,501,1,M,740,CA,-77.312,-23.714,66.273,0.0
CRBN,5yj1,6EL,501,1,M,741,N,-77.818,-24.851,67.072,0.0
CRBN,5yj1,6EL,501,1,M,742,CAN,-78.683,-24.631,68.051,1.208
CRBN,5yj1,6EL,501,1,M,743,OAC,-78.822,-23.483,68.538,2.143
CRBN,5yj1,6EL,501,1,M,744,CAO,-77.802,-26.186,66.887,3.623
CRBN,5yj1,6EL,501,1,M,745,OAD,-77.02,-26.792,66.113,19.286
CRBN,5yj1,6EL,501,1,M,746,CAQ,-78.365,-26.811,68.004,4.831
CRBN,5yj1,6EL,501,1,M,747,CAP,-78.939,-25.798,68.751,3.623
CRBN,5yj1,6EL,501,1,M,748,CAH,-78.563,-28.14,68.358,30.191
CRBN,5yj1,6EL,501,1,M,749,CAF,-79.32,-28.429,69.497,35.021
CRBN,5yj1,6EL,501,1,M,750,CAE,-79.885,-27.399,70.254,31.398
CRBN,5yj1,6EL,501,1,M,751,CAG,-79.706,-26.073,69.873,24.153
CRBN,5yiz,EF2,501,1,t,766,O01,-76.217,-61.621,38.554,9.643
CRBN,5yiz,EF2,501,1,t,767,C02,-77.311,-61.064,38.604,0.0
CRBN,5yiz,EF2,501,1,t,768,N03,-78.467,-61.848,38.534,0.0
CRBN,5yiz,EF2,501,1,t,769,C04,-79.737,-61.27,38.641,0.0
CRBN,5yiz,EF2,501,1,t,770,O05,-80.721,-62.007,38.647,0.0
CRBN,5yiz,EF2,501,1,t,771,C06,-79.891,-59.75,38.703,0.0
CRBN,5yiz,EF2,501,1,t,772,C07,-78.714,-59.073,37.994,1.208
CRBN,5yiz,EF2,501,1,t,773,C08,-77.423,-59.535,38.666,0.0
CRBN,5yiz,EF2,501,1,t,774,N09,-76.242,-58.881,38.082,0.0
CRBN,5yiz,EF2,501,1,t,775,C11,-72.145,-56.973,37.442,35.021
CRBN,5yiz,EF2,501,1,t,776,C12,-73.186,-57.018,38.368,26.568
CRBN,5yiz,EF2,501,1,t,777,C13,-74.3,-57.813,38.109,3.623
CRBN,5yiz,EF2,501,1,t,778,C14,-74.381,-58.546,36.929,4.831
CRBN,5yiz,EF2,501,1,t,779,O16,-75.818,-57.608,39.89,22.501
CRBN,5yiz,EF2,501,1,t,780,O18,-76.014,-60.006,36.126,1.071
CRBN,5yiz,EF2,501,1,t,781,C19,-73.307,-58.555,36.041,20.53
CRBN,5yiz,EF2,501,1,t,782,C20,-72.179,-57.777,36.304,36.229
CRBN,5yiz,EF2,501,1,t,783,C3,-75.543,-59.319,37.037,0.0
CRBN,5yiz,EF2,501,1,t,784,C4,-75.459,-58.111,38.825,6.038
CRBN,5yj0,EF2,501,1,e,741,O01,-26.229,-34.227,-0.16,12.858
CRBN,5yj0,EF2,501,1,e,742,C02,-27.3,-33.652,-0.351,0.0
CRBN,5yj0,EF2,501,1,e,743,N03,-28.473,-34.408,-0.381,0.0
CRBN,5yj0,EF2,501,1,e,744,C04,-29.726,-33.784,-0.373,0.0
CRBN,5yj0,EF2,501,1,e,745,O05,-30.737,-34.482,-0.388,0.0
CRBN,5yj0,EF2,501,1,e,746,C06,-29.855,-32.261,-0.431,0.0
CRBN,5yj0,EF2,501,1,e,747,C07,-28.596,-31.62,-1.003,0.0
CRBN,5yj0,EF2,501,1,e,748,C08,-27.388,-32.129,-0.226,0.0
CRBN,5yj0,EF2,501,1,e,749,N09,-26.17,-31.499,-0.741,0.0
CRBN,5yj0,EF2,501,1,e,750,C11,-22.216,-30.27,-2.629,33.814
CRBN,5yj0,EF2,501,1,e,751,C12,-23.303,-31.106,-2.849,18.114
CRBN,5yj0,EF2,501,1,e,752,C13,-24.343,-31.128,-1.93,3.623
CRBN,5yj0,EF2,501,1,e,753,C14,-24.255,-30.386,-0.759,4.831
CRBN,5yj0,EF2,501,1,e,754,O16,-25.944,-32.613,-2.713,1.071
CRBN,5yj0,EF2,501,1,e,755,O18,-25.697,-30.179,1.052,20.358
CRBN,5yj0,EF2,501,1,e,756,C19,-23.176,-29.541,-0.541,27.775
CRBN,5yj0,EF2,501,1,e,757,C20,-22.161,-29.477,-1.488,35.021
CRBN,5yj0,EF2,501,1,e,758,C3,-25.423,-30.641,-0.054,4.831
CRBN,5yj0,EF2,501,1,e,759,C4,-25.502,-31.886,-1.824,0.0
CRBN,5yiz,EF2,501,1,A,762,O01,-18.737,39.074,2.025,10.715
CRBN,5yiz,EF2,501,1,A,763,C02,-19.078,38.001,2.518,0.0
CRBN,5yiz,EF2,501,1,A,764,N03,-19.971,37.184,1.818,0.0
CRBN,5yiz,EF2,501,1,A,765,C04,-20.314,35.913,2.295,0.0
CRBN,5yiz,EF2,501,1,A,766,O05,-21.07,35.213,1.623,0.0
CRBN,5yiz,EF2,501,1,A,767,C06,-19.969,35.52,3.731,0.0
CRBN,5yiz,EF2,501,1,A,768,C07,-19.756,36.774,4.586,1.208
CRBN,5yiz,EF2,501,1,A,769,C08,-18.668,37.633,3.944,0.0
CRBN,5yiz,EF2,501,1,A,770,N09,-18.377,38.833,4.746,0.0
CRBN,5yiz,EF2,501,1,A,771,C11,-17.528,42.974,6.469,37.436
CRBN,5yiz,EF2,501,1,A,772,C12,-18.515,42.256,5.798,22.945
CRBN,5yiz,EF2,501,1,A,773,C13,-18.291,40.927,5.449,2.415
CRBN,5yiz,EF2,501,1,A,774,C14,-17.076,40.321,5.753,7.246
CRBN,5yiz,EF2,501,1,A,775,O16,-20.169,40.163,4.324,1.071
CRBN,5yiz,EF2,501,1,A,776,O18,-16.301,38.153,5.301,19.286
CRBN,5yiz,EF2,501,1,A,777,C19,-16.097,41.023,6.453,32.606
CRBN,5yiz,EF2,501,1,A,778,C20,-16.321,42.357,6.793,37.436
CRBN,5yiz,EF2,501,1,A,779,C3,-17.19,39.006,5.309,6.038
CRBN,5yiz,EF2,501,1,A,780,C4,-18.99,40.014,4.657,0.0
CRBN,5yj0,EF2,501,1,M,741,O01,-75.632,-23.526,67.967,12.858
CRBN,5yj0,EF2,501,1,M,742,C02,-76.124,-23.208,66.881,0.0
CRBN,5yj0,EF2,501,1,M,743,N03,-75.716,-22.014,66.281,0.0
CRBN,5yj0,EF2,501,1,M,744,C04,-76.071,-21.714,64.96,0.0
CRBN,5yj0,EF2,501,1,M,745,O05,-75.677,-20.662,64.459,0.0
CRBN,5yj0,EF2,501,1,M,746,C06,-76.991,-22.642,64.162,0.0
CRBN,5yj0,EF2,501,1,M,747,C07,-77.844,-23.492,65.097,1.208
CRBN,5yj0,EF2,501,1,M,748,C08,-76.92,-24.225,66.062,0.0
CRBN,5yj0,EF2,501,1,M,749,N09,-77.699,-25.115,66.928,0.0
CRBN,5yj0,EF2,501,1,M,750,C11,-79.931,-27.43,70.155,35.021
CRBN,5yj0,EF2,501,1,M,751,C12,-79.662,-26.128,69.751,22.945
CRBN,5yj0,EF2,501,1,M,752,C13,-78.889,-25.902,68.619,3.623
CRBN,5yj0,EF2,501,1,M,753,C14,-78.338,-26.98,67.936,3.623
CRBN,5yj0,EF2,501,1,M,754,O16,-78.71,-23.608,68.293,1.071
CRBN,5yj0,EF2,501,1,M,755,O18,-76.943,-27.085,66.081,21.429
CRBN,5yj0,EF2,501,1,M,756,C19,-78.606,-28.284,68.334,31.398
CRBN,5yj0,EF2,501,1,M,757,C20,-79.414,-28.505,69.442,35.021
CRBN,5yj0,EF2,501,1,M,758,C3,-77.618,-26.439,66.881,3.623
CRBN,5yj0,EF2,501,1,M,759,C4,-78.355,-24.758,68.031,1.208
CRBN,5yj1,6EL,501,1,D,754,O,-43.294,7.346,-13.003,11.786
CRBN,5yj1,6EL,501,1,D,755,C,-42.545,8.08,-12.367,0.0
CRBN,5yj1,6EL,501,1,D,756,NE2,-42.049,7.699,-11.179,0.0
CRBN,5yj1,6EL,501,1,D,757,CD,-41.251,8.538,-10.423,0.0
CRBN,5yj1,6EL,501,1,D,758,OE1,-40.834,8.147,-9.34,0.0
CRBN,5yj1,6EL,501,1,D,759,CG,-40.864,9.944,-10.911,0.0
CRBN,5yj1,6EL,501,1,D,760,CB,-41.087,10.098,-12.418,0.0
CRBN,5yj1,6EL,501,1,D,761,CA,-42.459,9.542,-12.714,0.0
CRBN,5yj1,6EL,501,1,D,762,N,-43.029,9.826,-14.038,1.094
CRBN,5yj1,6EL,501,1,D,763,CAN,-44.341,9.759,-14.206,1.208
CRBN,5yj1,6EL,501,1,D,764,OAC,-45.123,9.882,-13.229,2.143
CRBN,5yj1,6EL,501,1,D,765,CAO,-42.492,9.807,-15.265,4.831
CRBN,5yj1,6EL,501,1,D,766,OAD,-41.264,9.901,-15.501,17.143
CRBN,5yj1,6EL,501,1,D,767,CAQ,-43.48,10.146,-16.196,6.038
CRBN,5yj1,6EL,501,1,D,768,CAP,-44.673,10.166,-15.488,4.831
CRBN,5yj1,6EL,501,1,D,769,CAH,-43.491,10.253,-17.581,32.606
CRBN,5yj1,6EL,501,1,D,770,CAF,-44.713,10.418,-18.235,35.021
CRBN,5yj1,6EL,501,1,D,771,CAE,-45.912,10.408,-17.517,35.021
CRBN,5yj1,6EL,501,1,D,772,CAG,-45.897,10.233,-16.137,25.36
CRBN,5yj0,EF2,501,1,G,758,O01,-28.005,5.397,26.951,12.858
CRBN,5yj0,EF2,501,1,G,759,C02,-28.345,5.721,25.814,0.0
CRBN,5yj0,EF2,501,1,G,760,N03,-27.86,6.914,25.263,0.0
CRBN,5yj0,EF2,501,1,G,761,C04,-28.168,7.272,23.944,0.0
CRBN,5yj0,EF2,501,1,G,762,O05,-27.739,8.331,23.487,0.0
CRBN,5yj0,EF2,501,1,G,763,C06,-29.125,6.42,23.113,0.0
CRBN,5yj0,EF2,501,1,G,764,C07,-30.049,5.609,24.019,1.208
CRBN,5yj0,EF2,501,1,G,765,C08,-29.185,4.775,24.956,0.0
CRBN,5yj0,EF2,501,1,G,766,N09,-30.024,3.901,25.788,0.0
CRBN,5yj0,EF2,501,1,G,767,C11,-32.289,1.688,29.065,35.021
CRBN,5yj0,EF2,501,1,G,768,C12,-32.011,2.974,28.618,21.737
CRBN,5yj0,EF2,501,1,G,769,C13,-31.189,3.157,27.513,4.831
CRBN,5yj0,EF2,501,1,G,770,C14,-30.629,2.06,26.871,4.831
CRBN,5yj0,EF2,501,1,G,771,O16,-31.013,5.432,27.125,1.071
CRBN,5yj0,EF2,501,1,G,772,O18,-29.266,1.914,24.989,20.358
CRBN,5yj0,EF2,501,1,G,773,C19,-30.939,0.77,27.287,30.191
CRBN,5yj0,EF2,501,1,G,774,C20,-31.763,0.59,28.394,36.229
CRBN,5yj0,EF2,501,1,G,775,C3,-29.92,2.576,25.793,4.831
CRBN,5yj0,EF2,501,1,G,776,C4,-30.629,4.282,26.911,0.0
CRBN,5yj1,6EL,501,1,q,733,O,-42.508,-55.117,68.089,11.786
CRBN,5yj1,6EL,501,1,q,734,C,-42.57,-55.546,66.943,0.0
CRBN,5yj1,6EL,501,1,q,735,NE2,-43.737,-55.553,66.274,0.0
CRBN,5yj1,6EL,501,1,q,736,CD,-43.849,-56.108,65.011,0.0
CRBN,5yj1,6EL,501,1,q,737,OE1,-44.945,-56.137,64.46,0.0
CRBN,5yj1,6EL,501,1,q,738,CG,-42.631,-56.698,64.285,0.0
CRBN,5yj1,6EL,501,1,q,739,CB,-41.318,-56.191,64.882,0.0
CRBN,5yj1,6EL,501,1,q,740,CA,-41.438,-56.364,66.374,0.0
CRBN,5yj1,6EL,501,1,q,741,N,-40.2,-56.335,67.172,0.0
CRBN,5yj1,6EL,501,1,q,742,CAN,-39.081,-55.595,67.112,4.831
CRBN,5yj1,6EL,501,1,q,743,OAC,-38.768,-54.821,66.18,18.215
CRBN,5yj1,6EL,501,1,q,744,CAO,-40.16,-56.983,68.319,0.0
CRBN,5yj1,6EL,501,1,q,745,OAD,-41.017,-57.849,68.607,1.071
CRBN,5yj1,6EL,501,1,q,746,CAQ,-38.903,-56.902,68.893,3.623
CRBN,5yj1,6EL,501,1,q,747,CAP,-38.209,-55.976,68.135,6.038
CRBN,5yj1,6EL,501,1,q,748,CAH,-38.376,-57.425,70.063,24.153
CRBN,5yj1,6EL,501,1,q,749,CAF,-37.102,-57.025,70.459,36.229
CRBN,5yj1,6EL,501,1,q,750,CAE,-36.39,-56.1,69.695,37.436
CRBN,5yj1,6EL,501,1,q,751,CAG,-36.966,-55.525,68.56,27.775
CRBN,5yiz,EF2,501,1,b,733,O01,-58.309,-5.888,-1.653,12.858
CRBN,5yiz,EF2,501,1,b,734,C02,-58.243,-7.115,-1.68,0.0
CRBN,5yiz,EF2,501,1,b,735,N03,-56.987,-7.737,-1.619,0.0
CRBN,5yiz,EF2,501,1,b,736,C04,-56.881,-9.134,-1.529,0.0
CRBN,5yiz,EF2,501,1,b,737,O05,-55.764,-9.649,-1.474,0.0
CRBN,5yiz,EF2,501,1,b,738,C06,-58.13,-10.015,-1.628,0.0
CRBN,5yiz,EF2,501,1,b,739,C07,-59.258,-9.292,-2.371,0.0
CRBN,5yiz,EF2,501,1,b,740,C08,-59.525,-7.957,-1.677,0.0
CRBN,5yiz,EF2,501,1,b,741,N09,-60.636,-7.221,-2.308,1.094
CRBN,5yiz,EF2,501,1,b,742,C11,-63.471,-4.22,-4.288,35.021
CRBN,5yiz,EF2,501,1,b,743,C12,-62.202,-4.779,-4.435,21.737
CRBN,5yiz,EF2,501,1,b,744,C13,-61.732,-5.698,-3.496,2.415
CRBN,5yiz,EF2,501,1,b,745,C14,-62.533,-6.06,-2.422,7.246
CRBN,5yiz,EF2,501,1,b,746,O16,-59.644,-6.437,-4.17,3.214
CRBN,5yiz,EF2,501,1,b,747,O18,-62.103,-7.489,-0.619,21.429
CRBN,5yiz,EF2,501,1,b,748,C19,-63.779,-5.463,-2.245,30.191
CRBN,5yiz,EF2,501,1,b,749,C20,-64.261,-4.561,-3.192,35.021
CRBN,5yiz,EF2,501,1,b,750,C3,-61.756,-6.927,-1.655,7.246
CRBN,5yiz,EF2,501,1,b,751,C4,-60.503,-6.334,-3.296,0.0
CRBN,5yiz,EF2,501,1,G,758,O01,-28.002,5.483,26.922,9.643
CRBN,5yiz,EF2,501,1,G,759,C02,-28.258,5.725,25.743,0.0
CRBN,5yiz,EF2,501,1,G,760,N03,-27.871,6.959,25.21,0.0
CRBN,5yiz,EF2,501,1,G,761,C04,-28.072,7.256,23.857,0.0
CRBN,5yiz,EF2,501,1,G,762,O05,-27.667,8.332,23.414,0.0
CRBN,5yiz,EF2,501,1,G,763,C06,-28.961,6.358,22.999,0.0
CRBN,5yiz,EF2,501,1,G,764,C07,-29.911,5.53,23.876,1.208
CRBN,5yiz,EF2,501,1,G,765,C08,-29.097,4.754,24.908,0.0
CRBN,5yiz,EF2,501,1,G,766,N09,-29.951,3.917,25.761,0.0
CRBN,5yiz,EF2,501,1,G,767,C11,-32.079,1.692,29.137,33.814
CRBN,5yiz,EF2,501,1,G,768,C12,-31.821,2.985,28.679,21.737
CRBN,5yiz,EF2,501,1,G,769,C13,-31.064,3.17,27.525,3.623
CRBN,5yiz,EF2,501,1,G,770,C14,-30.551,2.073,26.84,6.038
CRBN,5yiz,EF2,501,1,G,771,O16,-30.86,5.453,27.178,1.071
CRBN,5yiz,EF2,501,1,G,772,O18,-29.24,1.943,24.907,19.286
CRBN,5yiz,EF2,501,1,G,773,C19,-30.797,0.78,27.296,28.983
CRBN,5yiz,EF2,501,1,G,774,C20,-31.564,0.598,28.445,35.021
CRBN,5yiz,EF2,501,1,G,775,C3,-29.831,2.594,25.77,6.038
CRBN,5yiz,EF2,501,1,G,776,C4,-30.517,4.298,26.91,0.0
CRBN,5yj1,6EL,501,1,e,733,O,-26.193,-34.247,-0.276,12.858
CRBN,5yj1,6EL,501,1,e,734,C,-27.271,-33.672,-0.385,0.0
CRBN,5yj1,6EL,501,1,e,735,NE2,-28.41,-34.381,-0.414,0.0
CRBN,5yj1,6EL,501,1,e,736,CD,-29.641,-33.75,-0.419,0.0
CRBN,5yj1,6EL,501,1,e,737,OE1,-30.656,-34.433,-0.385,0.0
CRBN,5yj1,6EL,501,1,e,738,CG,-29.778,-32.237,-0.651,0.0
CRBN,5yj1,6EL,501,1,e,739,CB,-28.491,-31.484,-0.295,0.0
CRBN,5yj1,6EL,501,1,e,740,CA,-27.351,-32.255,-0.916,0.0
CRBN,5yj1,6EL,501,1,e,741,N,-26.054,-31.567,-1.075,0.0
CRBN,5yj1,6EL,501,1,e,742,CAN,-25.359,-30.737,-0.282,4.831
CRBN,5yj1,6EL,501,1,e,743,OAC,-25.771,-30.244,0.794,18.215
CRBN,5yj1,6EL,501,1,e,744,CAO,-25.349,-31.708,-2.185,1.208
CRBN,5yj1,6EL,501,1,e,745,OAD,-25.658,-32.544,-3.065,2.143
CRBN,5yj1,6EL,501,1,e,746,CAQ,-24.136,-31.046,-2.108,4.831
CRBN,5yj1,6EL,501,1,e,747,CAP,-24.17,-30.351,-0.912,4.831
CRBN,5yj1,6EL,501,1,e,748,CAH,-23.058,-30.95,-2.973,22.945
CRBN,5yj1,6EL,501,1,e,749,CAF,-21.991,-30.127,-2.624,33.814
CRBN,5yj1,6EL,501,1,e,750,CAE,-22.015,-29.424,-1.418,35.021
CRBN,5yj1,6EL,501,1,e,751,CAG,-23.091,-29.561,-0.536,31.398
CRBN,5yj1,6EL,501,1,t,758,O,-76.326,-61.743,38.625,10.715
CRBN,5yj1,6EL,501,1,t,759,C,-77.425,-61.2,38.675,0.0
CRBN,5yj1,6EL,501,1,t,760,NE2,-78.532,-61.934,38.834,0.0
CRBN,5yj1,6EL,501,1,t,761,CD,-79.771,-61.339,38.939,0.0
CRBN,5yj1,6EL,501,1,t,762,OE1,-80.755,-62.056,39.083,0.0
CRBN,5yj1,6EL,501,1,t,763,CG,-79.967,-59.83,38.73,0.0
CRBN,5yj1,6EL,501,1,t,764,CB,-78.653,-59.062,38.902,0.0
CRBN,5yj1,6EL,501,1,t,765,CA,-77.609,-59.814,38.113,0.0
CRBN,5yj1,6EL,501,1,t,766,N,-76.321,-59.136,37.942,0.0
CRBN,5yj1,6EL,501,1,t,767,CAN,-75.638,-58.313,38.744,4.831
CRBN,5yj1,6EL,501,1,t,768,OAC,-76.061,-57.834,39.821,17.143
CRBN,5yj1,6EL,501,1,t,769,CAO,-75.554,-59.39,36.896,1.208
CRBN,5yj1,6EL,501,1,t,770,OAD,-75.881,-60.182,35.983,3.214
CRBN,5yj1,6EL,501,1,t,771,CAQ,-74.367,-58.686,36.962,6.038
CRBN,5yj1,6EL,501,1,t,772,CAP,-74.423,-57.973,38.148,3.623
CRBN,5yj1,6EL,501,1,t,773,CAH,-73.26,-58.624,36.128,22.945
CRBN,5yj1,6EL,501,1,t,774,CAF,-72.179,-57.837,36.514,35.021
CRBN,5yj1,6EL,501,1,t,775,CAE,-72.23,-57.11,37.707,36.229
CRBN,5yj1,6EL,501,1,t,776,CAG,-73.353,-57.179,38.536,31.398
CRBN,5yj0,EF2,501,1,h,733,O01,-66.793,-48.257,-1.639,10.715
CRBN,5yj0,EF2,501,1,h,734,C02,-65.752,-47.609,-1.742,0.0
CRBN,5yj0,EF2,501,1,h,735,N03,-65.824,-46.21,-1.78,0.0
CRBN,5yj0,EF2,501,1,h,736,C04,-64.674,-45.423,-1.641,0.0
CRBN,5yj0,EF2,501,1,h,737,O05,-64.782,-44.198,-1.654,0.0
CRBN,5yj0,EF2,501,1,h,738,C06,-63.285,-46.068,-1.619,0.0
CRBN,5yj0,EF2,501,1,h,739,C07,-63.318,-47.468,-2.234,0.0
CRBN,5yj0,EF2,501,1,h,740,C08,-64.4,-48.302,-1.555,0.0
CRBN,5yj0,EF2,501,1,h,741,N09,-64.419,-49.668,-2.113,1.094
CRBN,5yj0,EF2,501,1,h,742,C11,-65.409,-53.7,-4.008,36.229
CRBN,5yj0,EF2,501,1,h,743,C12,-65.527,-52.335,-4.246,20.53
CRBN,5yj0,EF2,501,1,h,744,C13,-65.048,-51.428,-3.307,3.623
CRBN,5yj0,EF2,501,1,h,745,C14,-64.466,-51.888,-2.133,4.831
CRBN,5yj0,EF2,501,1,h,746,O16,-65.467,-49.28,-4.085,1.071
CRBN,5yj0,EF2,501,1,h,747,O18,-63.624,-50.756,-0.288,21.429
CRBN,5yj0,EF2,501,1,h,748,C19,-64.357,-53.251,-1.886,28.983
CRBN,5yj0,EF2,501,1,h,749,C20,-64.822,-54.157,-2.832,37.436
CRBN,5yj0,EF2,501,1,h,750,C3,-64.193,-50.754,-1.379,6.038
CRBN,5yj0,EF2,501,1,h,751,C4,-65.124,-50.042,-3.181,0.0
CRBN,5yj0,EF2,501,1,P,733,O01,-93.21,-23.156,28.795,13.929
CRBN,5yj0,EF2,501,1,P,734,C02,-92.566,-22.344,29.458,0.0
CRBN,5yj0,EF2,501,1,P,735,N03,-92.128,-22.705,30.741,0.0
CRBN,5yj0,EF2,501,1,P,736,C04,-91.339,-21.837,31.509,0.0
CRBN,5yj0,EF2,501,1,P,737,O05,-90.97,-22.182,32.632,0.0
CRBN,5yj0,EF2,501,1,P,738,C06,-90.874,-20.499,30.932,0.0
CRBN,5yj0,EF2,501,1,P,739,C07,-91.857,-19.989,29.881,0.0
CRBN,5yj0,EF2,501,1,P,740,C08,-92.05,-21.056,28.807,0.0
CRBN,5yj0,EF2,501,1,P,741,N09,-92.97,-20.574,27.761,0.0
CRBN,5yj0,EF2,501,1,P,742,C11,-96.271,-19.934,24.689,37.436
CRBN,5yj0,EF2,501,1,P,743,C12,-96.084,-20.253,26.029,22.945
CRBN,5yj0,EF2,501,1,P,744,C13,-94.796,-20.353,26.541,3.623
CRBN,5yj0,EF2,501,1,P,745,C14,-93.702,-20.201,25.7,3.623
CRBN,5yj0,EF2,501,1,P,746,O16,-94.954,-20.817,28.794,1.071
CRBN,5yj0,EF2,501,1,P,747,O18,-91.429,-20.389,26.111,19.286
CRBN,5yj0,EF2,501,1,P,748,C19,-93.884,-19.878,24.361,30.191
CRBN,5yj0,EF2,501,1,P,749,C20,-95.173,-19.73,23.861,35.021
CRBN,5yj0,EF2,501,1,P,750,C3,-92.584,-20.274,26.523,7.246
CRBN,5yj0,EF2,501,1,P,751,C4,-94.285,-20.795,27.76,1.208
CRBN,5yj0,EF2,501,1,D,762,O01,-43.302,7.39,-13.126,12.858
CRBN,5yj0,EF2,501,1,D,763,C02,-42.616,8.148,-12.441,0.0
CRBN,5yj0,EF2,501,1,D,764,N03,-42.295,7.79,-11.124,0.0
CRBN,5yj0,EF2,501,1,D,765,C04,-41.463,8.602,-10.338,0.0
CRBN,5yj0,EF2,501,1,D,766,O05,-41.181,8.257,-9.191,0.0
CRBN,5yj0,EF2,501,1,D,767,C06,-40.969,9.947,-10.87,0.0
CRBN,5yj0,EF2,501,1,D,768,C07,-41.905,10.473,-11.957,0.0
CRBN,5yj0,EF2,501,1,D,769,C08,-42.025,9.418,-13.052,0.0
CRBN,5yj0,EF2,501,1,D,770,N09,-42.868,9.921,-14.151,0.0
CRBN,5yj0,EF2,501,1,D,771,C11,-44.845,10.772,-18.161,35.021
CRBN,5yj0,EF2,501,1,D,772,C12,-43.594,10.539,-17.604,30.191
CRBN,5yj0,EF2,501,1,D,773,C13,-43.491,10.242,-16.251,4.831
CRBN,5yj0,EF2,501,1,D,774,C14,-44.624,10.223,-15.449,4.831
CRBN,5yj0,EF2,501,1,D,775,O16,-41.253,9.955,-15.74,19.286
CRBN,5yj0,EF2,501,1,D,776,O18,-44.91,9.822,-13.19,1.071
CRBN,5yj0,EF2,501,1,D,777,C19,-45.879,10.409,-16.014,24.153
CRBN,5yj0,EF2,501,1,D,778,C20,-45.987,10.694,-17.372,36.229
CRBN,5yj0,EF2,501,1,D,779,C3,-44.194,9.795,-14.195,0.0
CRBN,5yj0,EF2,501,1,D,780,C4,-42.413,10.162,-15.378,7.246
CRBN,5yiz,EF2,501,1,e,741,O01,-26.161,-34.203,-0.306,11.786
CRBN,5yiz,EF2,501,1,e,742,C02,-27.225,-33.594,-0.428,0.0
CRBN,5yiz,EF2,501,1,e,743,N03,-28.408,-34.334,-0.466,0.0
CRBN,5yiz,EF2,501,1,e,744,C04,-29.651,-33.699,-0.396,0.0
CRBN,5yiz,EF2,501,1,e,745,O05,-30.655,-34.403,-0.417,0.0
CRBN,5yiz,EF2,501,1,e,746,C06,-29.775,-32.166,-0.448,0.0
CRBN,5yiz,EF2,501,1,e,747,C07,-28.522,-31.52,-1.044,0.0
CRBN,5yiz,EF2,501,1,e,748,C08,-27.289,-32.061,-0.318,0.0
CRBN,5yiz,EF2,501,1,e,749,N09,-26.059,-31.434,-0.829,0.0
CRBN,5yiz,EF2,501,1,e,750,C11,-22.076,-30.153,-2.668,33.814
CRBN,5yiz,EF2,501,1,e,751,C12,-23.175,-30.971,-2.917,19.322
CRBN,5yiz,EF2,501,1,e,752,C13,-24.24,-30.985,-2.024,4.831
CRBN,5yiz,EF2,501,1,e,753,C14,-24.165,-30.275,-0.831,3.623
CRBN,5yiz,EF2,501,1,e,754,O16,-25.81,-32.496,-2.835,1.071
CRBN,5yiz,EF2,501,1,e,755,O18,-25.636,-30.14,0.981,20.358
CRBN,5yiz,EF2,501,1,e,756,C19,-23.075,-29.441,-0.587,27.775
CRBN,5yiz,EF2,501,1,e,757,C20,-22.047,-29.36,-1.524,36.229
CRBN,5yiz,EF2,501,1,e,758,C3,-25.367,-30.511,-0.163,6.038
CRBN,5yiz,EF2,501,1,e,759,C4,-25.412,-31.734,-1.954,0.0
CRBN,5yj0,EF2,501,1,Y,741,O01,-25.308,4.488,28.352,10.715
CRBN,5yj0,EF2,501,1,Y,742,C02,-24.838,3.561,29.008,0.0
CRBN,5yj0,EF2,501,1,Y,743,N03,-25.259,3.396,30.33,0.0
CRBN,5yj0,EF2,501,1,Y,744,C04,-24.911,2.254,31.058,0.0
CRBN,5yj0,EF2,501,1,Y,745,O05,-25.316,2.132,32.211,0.0
CRBN,5yj0,EF2,501,1,Y,746,C06,-24.04,1.161,30.435,0.0
CRBN,5yj0,EF2,501,1,Y,747,C07,-23.167,1.728,29.32,1.208
CRBN,5yj0,EF2,501,1,Y,748,C08,-24.057,2.445,28.311,0.0
CRBN,5yj0,EF2,501,1,Y,749,N09,-23.245,2.972,27.208,0.0
CRBN,5yj0,EF2,501,1,Y,750,C11,-20.991,5.328,24.024,31.398
CRBN,5yj0,EF2,501,1,Y,751,C12,-21.303,5.363,25.377,21.737
CRBN,5yj0,EF2,501,1,Y,752,C13,-22.071,4.347,25.929,3.623
CRBN,5yj0,EF2,501,1,Y,753,C14,-22.571,3.329,25.125,6.038
CRBN,5yj0,EF2,501,1,Y,754,O16,-22.327,4.815,28.186,1.071
CRBN,5yj0,EF2,501,1,Y,755,O18,-23.917,1.493,25.62,18.215
CRBN,5yj0,EF2,501,1,Y,756,C19,-22.268,3.295,23.769,28.983
CRBN,5yj0,EF2,501,1,Y,757,C20,-21.463,4.292,23.226,36.229
CRBN,5yj0,EF2,501,1,Y,758,C3,-23.331,2.52,25.961,4.831
CRBN,5yj0,EF2,501,1,Y,759,C4,-22.609,4.142,27.194,0.0
CRBN,4tzu,Y70,505,1,B,735,C1,-71.126,-50.695,-40.719,30.191
CRBN,4tzu,Y70,505,1,B,736,C2,-70.679,-49.41,-41.022,33.814
CRBN,4tzu,Y70,505,1,B,737,C3,-70.105,-48.612,-40.034,20.53
CRBN,4tzu,Y70,505,1,B,738,C4,-69.979,-49.111,-38.744,4.831
CRBN,4tzu,Y70,505,1,B,739,C5,-70.422,-50.395,-38.439,4.831
CRBN,4tzu,Y70,505,1,B,740,C6,-70.999,-51.191,-39.423,7.246
CRBN,4tzu,Y70,505,1,B,741,C7,-69.463,-48.586,-37.561,0.0
CRBN,4tzu,Y70,505,1,B,742,N8,-69.577,-49.491,-36.589,0.0
CRBN,4tzu,Y70,505,1,B,743,C9,-70.152,-50.585,-37.085,4.831
CRBN,4tzu,Y70,505,1,B,744,N10,-71.422,-52.417,-39.129,44.837
CRBN,4tzu,Y70,505,1,B,745,O11,-70.413,-51.601,-36.44,13.929
CRBN,4tzu,Y70,505,1,B,746,C12,-69.186,-49.333,-35.181,0.0
CRBN,4tzu,Y70,505,1,B,747,O13,-68.982,-47.462,-37.445,2.143
CRBN,4tzu,Y70,505,1,B,748,C14,-67.677,-49.235,-34.978,0.0
CRBN,4tzu,Y70,505,1,B,749,C15,-69.897,-48.119,-34.568,0.0
CRBN,4tzu,Y70,505,1,B,750,N16,-69.365,-47.48,-33.451,0.0
CRBN,4tzu,Y70,505,1,B,751,C17,-68.171,-47.925,-32.865,0.0
CRBN,4tzu,Y70,505,1,B,752,C18,-67.389,-49.116,-33.474,0.0
CRBN,4tzu,Y70,505,1,B,753,O19,-70.954,-47.706,-35.047,15.0
CRBN,4tzu,Y70,505,1,B,754,O20,-67.745,-47.332,-31.879,0.0
CRBN,5yj1,6EL,501,1,b,733,O,-58.381,-5.875,-1.642,12.858
CRBN,5yj1,6EL,501,1,b,734,C,-58.317,-7.098,-1.656,0.0
CRBN,5yj1,6EL,501,1,b,735,NE2,-57.134,-7.721,-1.524,0.0
CRBN,5yj1,6EL,501,1,b,736,CD,-57.061,-9.1,-1.471,0.0
CRBN,5yj1,6EL,501,1,b,737,OE1,-55.962,-9.626,-1.345,0.0
CRBN,5yj1,6EL,501,1,b,738,CG,-58.287,-9.991,-1.732,0.0
CRBN,5yj1,6EL,501,1,b,739,CB,-59.602,-9.236,-1.528,0.0
CRBN,5yj1,6EL,501,1,b,740,CA,-59.451,-7.908,-2.229,0.0
CRBN,5yj1,6EL,501,1,b,741,N,-60.671,-7.123,-2.477,1.094
CRBN,5yj1,6EL,501,1,b,742,CAN,-61.773,-6.897,-1.745,4.831
CRBN,5yj1,6EL,501,1,b,743,OAC,-62.097,-7.54,-0.719,18.215
CRBN,5yj1,6EL,501,1,b,744,CAO,-60.683,-6.241,-3.461,1.208
CRBN,5yj1,6EL,501,1,b,745,OAD,-59.865,-6.352,-4.406,3.214
CRBN,5yj1,6EL,501,1,b,746,CAQ,-61.955,-5.712,-3.612,2.415
CRBN,5yj1,6EL,501,1,b,747,CAP,-62.653,-6.095,-2.475,3.623
CRBN,5yj1,6EL,501,1,b,748,CAH,-62.464,-4.759,-4.484,22.945
CRBN,5yj1,6EL,501,1,b,749,CAF,-63.727,-4.228,-4.237,33.814
CRBN,5yj1,6EL,501,1,b,750,CAE,-64.442,-4.621,-3.105,33.814
CRBN,5yj1,6EL,501,1,b,751,CAG,-63.881,-5.511,-2.187,30.191
CRBN,5yiz,EF2,501,1,S,733,O01,-7.706,-32.175,41.675,9.643
CRBN,5yiz,EF2,501,1,S,734,C02,-8.421,-31.325,42.198,0.0
CRBN,5yiz,EF2,501,1,S,735,N03,-8.813,-30.2,41.458,0.0
CRBN,5yiz,EF2,501,1,S,736,C04,-9.673,-29.236,42.008,0.0
CRBN,5yiz,EF2,501,1,S,737,O05,-10.029,-28.277,41.321,0.0
CRBN,5yiz,EF2,501,1,S,738,C06,-10.132,-29.353,43.464,0.0
CRBN,5yiz,EF2,501,1,S,739,C07,-9.129,-30.157,44.303,1.208
CRBN,5yiz,EF2,501,1,S,740,C08,-8.896,-31.517,43.643,0.0
CRBN,5yiz,EF2,501,1,S,741,N09,-7.954,-32.362,44.406,0.0
CRBN,5yiz,EF2,501,1,S,742,C11,-4.623,-35.056,46.016,32.606
CRBN,5yiz,EF2,501,1,S,743,C12,-4.82,-33.887,45.28,24.153
CRBN,5yiz,EF2,501,1,S,744,C13,-6.113,-33.422,45.039,3.623
CRBN,5yiz,EF2,501,1,S,745,C14,-7.204,-34.136,45.519,4.831
CRBN,5yiz,EF2,501,1,S,746,O16,-5.972,-31.461,43.825,0.0
CRBN,5yiz,EF2,501,1,S,747,O18,-9.5,-33.794,45.222,20.358
CRBN,5yiz,EF2,501,1,S,748,C19,-7.007,-35.33,46.212,30.191
CRBN,5yiz,EF2,501,1,S,749,C20,-5.717,-35.765,46.51,37.436
CRBN,5yiz,EF2,501,1,S,750,C3,-8.327,-33.492,45.002,6.038
CRBN,5yiz,EF2,501,1,S,751,C4,-6.635,-32.42,44.216,1.208
CRBN,4tzc,EF2,505,1,D,858,O01,47.587,-34.84,-72.225,9.643
CRBN,4tzc,EF2,505,1,D,859,C02,48.031,-34.356,-73.272,0.0
CRBN,4tzc,EF2,505,1,D,860,N03,47.409,-33.312,-73.837,0.0
CRBN,4tzc,EF2,505,1,D,861,C04,47.881,-32.669,-74.933,0.0
CRBN,4tzc,EF2,505,1,D,862,O05,47.329,-31.694,-75.363,0.0
CRBN,4tzc,EF2,505,1,D,863,C06,49.12,-33.201,-75.628,0.0
CRBN,4tzc,EF2,505,1,D,864,C07,49.264,-34.709,-75.422,0.0
CRBN,4tzc,EF2,505,1,D,865,C08,49.289,-34.905,-73.919,0.0
CRBN,4tzc,EF2,505,1,D,866,N09,49.446,-36.315,-73.512,0.0
CRBN,4tzc,EF2,505,1,D,867,C11,49.419,-40.787,-72.115,35.021
CRBN,4tzc,EF2,505,1,D,868,C12,48.568,-39.854,-72.738,21.737
CRBN,4tzc,EF2,505,1,D,869,C13,49.099,-38.592,-72.933,3.623
CRBN,4tzc,EF2,505,1,D,870,C14,50.386,-38.276,-72.555,4.831
CRBN,4tzc,EF2,505,1,D,871,O16,47.241,-37.206,-74.069,1.071
CRBN,4tzc,EF2,505,1,D,872,O18,51.716,-36.108,-72.663,21.429
CRBN,4tzc,EF2,505,1,D,873,C19,51.25,-39.169,-71.928,28.983
CRBN,4tzc,EF2,505,1,D,874,C20,50.746,-40.459,-71.725,33.814
CRBN,4tzc,EF2,505,1,D,875,C3,50.523,-36.863,-72.941,4.831
CRBN,4tzc,EF2,505,1,D,876,C4,48.575,-37.327,-73.527,0.0
CRBN,5yj0,EF2,501,1,n,722,O01,-34.202,-69.441,28.247,11.786
CRBN,5yj0,EF2,501,1,n,723,C02,-35.24,-69.263,28.882,0.0
CRBN,5yj0,EF2,501,1,n,724,N03,-35.162,-68.851,30.217,0.0
CRBN,5yj0,EF2,501,1,n,725,C04,-36.309,-68.453,30.915,0.0
CRBN,5yj0,EF2,501,1,n,726,O05,-36.195,-68.039,32.067,0.0
CRBN,5yj0,EF2,501,1,n,727,C06,-37.696,-68.591,30.282,0.0
CRBN,5yj0,EF2,501,1,n,728,C07,-37.686,-69.634,29.164,0.0
CRBN,5yj0,EF2,501,1,n,729,C08,-36.588,-69.288,28.161,0.0
CRBN,5yj0,EF2,501,1,n,730,N09,-36.567,-70.268,27.061,0.0
CRBN,5yj0,EF2,501,1,n,731,C11,-36.175,-72.414,23.055,33.814
CRBN,5yj0,EF2,501,1,n,732,C12,-36.67,-71.24,23.607,30.191
CRBN,5yj0,EF2,501,1,n,733,C13,-36.504,-71.0,24.965,3.623
CRBN,5yj0,EF2,501,1,n,734,C14,-35.905,-71.951,25.78,2.415
CRBN,5yj0,EF2,501,1,n,735,O16,-37.39,-68.906,25.437,22.501
CRBN,5yj0,EF2,501,1,n,736,O18,-35.461,-71.976,28.056,0.0
CRBN,5yj0,EF2,501,1,n,737,C19,-35.416,-73.131,25.23,20.53
CRBN,5yj0,EF2,501,1,n,738,C20,-35.55,-73.357,23.864,36.229
CRBN,5yj0,EF2,501,1,n,739,C3,-35.823,-71.373,27.045,0.0
CRBN,5yj0,EF2,501,1,n,740,C4,-36.91,-69.976,25.809,4.831
CRBN,5yj1,6EL,501,1,Y,733,O,-25.208,4.577,28.414,12.858
CRBN,5yj1,6EL,501,1,Y,734,C,-24.779,3.624,29.056,0.0
CRBN,5yj1,6EL,501,1,Y,735,NE2,-25.186,3.429,30.321,0.0
CRBN,5yj1,6EL,501,1,Y,736,CD,-24.762,2.337,31.056,0.0
CRBN,5yj1,6EL,501,1,Y,737,OE1,-25.245,2.136,32.162,0.0
CRBN,5yj1,6EL,501,1,Y,738,CG,-23.661,1.391,30.537,0.0
CRBN,5yj1,6EL,501,1,Y,739,CB,-23.546,1.438,29.012,0.0
CRBN,5yj1,6EL,501,1,Y,740,CA,-23.528,2.893,28.619,0.0
CRBN,5yj1,6EL,501,1,Y,741,N,-23.04,3.245,27.272,0.0
CRBN,5yj1,6EL,501,1,Y,742,CAN,-23.07,2.604,26.092,6.038
CRBN,5yj1,6EL,501,1,Y,743,OAC,-23.85,1.66,25.811,17.143
CRBN,5yj1,6EL,501,1,Y,744,CAO,-22.162,4.224,27.138,1.208
CRBN,5yj1,6EL,501,1,Y,745,OAD,-22.002,5.068,28.051,2.143
CRBN,5yj1,6EL,501,1,Y,746,CAQ,-21.898,4.467,25.802,2.415
CRBN,5yj1,6EL,501,1,Y,747,CAP,-22.486,3.42,25.115,6.038
CRBN,5yj1,6EL,501,1,Y,748,CAH,-21.118,5.414,25.157,24.153
CRBN,5yj1,6EL,501,1,Y,749,CAF,-20.939,5.305,23.782,33.814
CRBN,5yj1,6EL,501,1,Y,750,CAE,-21.528,4.251,23.08,37.436
CRBN,5yj1,6EL,501,1,Y,751,CAG,-22.31,3.301,23.742,30.191
CRBN,5yiz,EF2,501,1,Y,741,O01,-25.208,4.578,28.363,12.858
CRBN,5yiz,EF2,501,1,Y,742,C02,-24.737,3.629,28.989,0.0
CRBN,5yiz,EF2,501,1,Y,743,N03,-25.127,3.462,30.316,0.0
CRBN,5yiz,EF2,501,1,Y,744,C04,-24.821,2.28,31.007,0.0
CRBN,5yiz,EF2,501,1,Y,745,O05,-25.22,2.15,32.161,0.0
CRBN,5yiz,EF2,501,1,Y,746,C06,-23.889,1.222,30.404,0.0
CRBN,5yiz,EF2,501,1,Y,747,C07,-23.028,1.806,29.284,1.208
CRBN,5yiz,EF2,501,1,Y,748,C08,-23.925,2.528,28.284,0.0
CRBN,5yiz,EF2,501,1,Y,749,N09,-23.143,3.067,27.158,0.0
CRBN,5yiz,EF2,501,1,Y,750,C11,-20.952,5.381,23.874,35.021
CRBN,5yiz,EF2,501,1,Y,751,C12,-21.219,5.427,25.237,22.945
CRBN,5yiz,EF2,501,1,Y,752,C13,-21.957,4.409,25.832,3.623
CRBN,5yiz,EF2,501,1,Y,753,C14,-22.469,3.376,25.052,6.038
CRBN,5yiz,EF2,501,1,Y,754,O16,-22.197,4.93,28.09,1.071
CRBN,5yiz,EF2,501,1,Y,755,O18,-23.771,1.523,25.607,18.215
CRBN,5yiz,EF2,501,1,Y,756,C19,-22.197,3.321,23.687,28.983
CRBN,5yiz,EF2,501,1,Y,757,C20,-21.391,4.303,23.112,37.436
CRBN,5yiz,EF2,501,1,Y,758,C3,-23.176,2.553,25.927,3.623
CRBN,5yiz,EF2,501,1,Y,759,C4,-22.383,4.166,27.141,0.0
CRBN,4ci2,LVY,1429,1,B,2979,C1,84.23,156.371,13.871,0.0
CRBN,4ci2,LVY,1429,1,B,2980,C2,85.153,156.878,15.009,0.0
CRBN,4ci2,LVY,1429,1,B,2981,C3,84.846,158.363,15.282,0.0
CRBN,4ci2,LVY,1429,1,B,2982,C4,85.01,159.15,14.003,0.0
CRBN,4ci2,LVY,1429,1,B,2983,N5,84.782,158.539,12.808,0.0
CRBN,4ci2,LVY,1429,1,B,2984,C6,84.432,157.23,12.643,0.0
CRBN,4ci2,LVY,1429,1,B,2985,C7,84.106,152.712,13.165,2.415
CRBN,4ci2,LVY,1429,1,B,2986,C8,85.417,153.01,12.79,0.0
CRBN,4ci2,LVY,1429,1,B,2987,C9,85.721,154.487,12.998,0.0
CRBN,4ci2,LVY,1429,1,B,2988,N10,84.453,154.974,13.532,0.0
CRBN,4ci2,LVY,1429,1,B,2989,C11,83.502,154.007,13.641,1.208
CRBN,4ci2,LVY,1429,1,B,2990,C12,84.453,150.404,12.599,16.907
CRBN,4ci2,LVY,1429,1,B,2991,C13,85.79,150.71,12.234,21.737
CRBN,4ci2,LVY,1429,1,B,2992,C14,86.3,152.026,12.319,1.208
CRBN,4ci2,LVY,1429,1,B,2993,C15,83.58,151.414,13.063,15.699
CRBN,4ci2,LVY,1429,1,B,2994,O16,82.33,154.09,14.04,4.286
CRBN,4ci2,LVY,1429,1,B,2995,N17,87.576,152.361,11.975,24.059
CRBN,4ci2,LVY,1429,1,B,2996,O18,84.217,156.737,11.543,0.0
CRBN,4ci2,LVY,1429,1,B,2997,O19,85.305,160.331,14.074,0.0
CRBN,5yiz,EF2,501,1,V,733,O01,-32.042,-8.781,68.432,11.786
CRBN,5yiz,EF2,501,1,V,734,C02,-31.662,-8.63,67.271,0.0
CRBN,5yiz,EF2,501,1,V,735,N03,-30.849,-9.602,66.679,0.0
CRBN,5yiz,EF2,501,1,V,736,C04,-30.544,-9.551,65.314,0.0
CRBN,5yiz,EF2,501,1,V,737,O05,-29.834,-10.433,64.842,0.0
CRBN,5yiz,EF2,501,1,V,738,C06,-30.881,-8.31,64.478,0.0
CRBN,5yiz,EF2,501,1,V,739,C07,-31.146,-7.1,65.376,0.0
CRBN,5yiz,EF2,501,1,V,740,C08,-32.184,-7.462,66.431,0.0
CRBN,5yiz,EF2,501,1,V,741,N09,-32.502,-6.308,67.287,0.0
CRBN,5yiz,EF2,501,1,V,742,C11,-33.325,-3.393,70.706,36.229
CRBN,5yiz,EF2,501,1,V,743,C12,-32.337,-4.254,70.233,20.53
CRBN,5yiz,EF2,501,1,V,744,C13,-32.563,-4.987,69.072,3.623
CRBN,5yiz,EF2,501,1,V,745,C14,-33.773,-4.859,68.397,3.623
CRBN,5yiz,EF2,501,1,V,746,O16,-30.699,-6.338,68.677,0.0
CRBN,5yiz,EF2,501,1,V,747,O18,-34.6,-5.922,66.499,21.429
CRBN,5yiz,EF2,501,1,V,748,C19,-34.771,-4.018,68.88,30.191
CRBN,5yiz,EF2,501,1,V,749,C20,-34.548,-3.288,70.045,32.606
CRBN,5yiz,EF2,501,1,V,750,C3,-33.726,-5.784,67.357,3.623
CRBN,5yiz,EF2,501,1,V,751,C4,-31.848,-5.982,68.403,1.208
CRBN,5yj0,EF2,501,1,A,762,O01,-18.683,39.168,2.026,11.786
CRBN,5yj0,EF2,501,1,A,763,C02,-19.135,38.14,2.528,0.0
CRBN,5yj0,EF2,501,1,A,764,N03,-19.958,37.302,1.767,0.0
CRBN,5yj0,EF2,501,1,A,765,C04,-20.395,36.072,2.278,0.0
CRBN,5yj0,EF2,501,1,A,766,O05,-21.098,35.344,1.58,0.0
CRBN,5yj0,EF2,501,1,A,767,C06,-20.115,35.685,3.73,0.0
CRBN,5yj0,EF2,501,1,A,768,C07,-19.866,36.93,4.575,1.208
CRBN,5yj0,EF2,501,1,A,769,C08,-18.729,37.722,3.94,0.0
CRBN,5yj0,EF2,501,1,A,770,N09,-18.408,38.891,4.766,1.094
CRBN,5yj0,EF2,501,1,A,771,C11,-17.637,42.976,6.613,35.021
CRBN,5yj0,EF2,501,1,A,772,C12,-18.601,42.276,5.898,21.737
CRBN,5yj0,EF2,501,1,A,773,C13,-18.351,40.966,5.514,2.415
CRBN,5yj0,EF2,501,1,A,774,C14,-17.133,40.371,5.813,6.038
CRBN,5yj0,EF2,501,1,A,775,O16,-20.21,40.203,4.36,1.071
CRBN,5yj0,EF2,501,1,A,776,O18,-16.317,38.238,5.371,19.286
CRBN,5yj0,EF2,501,1,A,777,C19,-16.182,41.051,6.564,28.983
CRBN,5yj0,EF2,501,1,A,778,C20,-16.436,42.362,6.955,36.229
CRBN,5yj0,EF2,501,1,A,779,C3,-17.22,39.073,5.332,6.038
CRBN,5yj0,EF2,501,1,A,780,C4,-19.035,40.063,4.704,0.0
CRBN,5yj1,6EL,501,1,P,733,O,-93.088,-23.14,28.809,11.786
CRBN,5yj1,6EL,501,1,P,734,C,-92.373,-22.352,29.417,0.0
CRBN,5yj1,6EL,501,1,P,735,NE2,-91.885,-22.656,30.633,0.0
CRBN,5yj1,6EL,501,1,P,736,CD,-91.093,-21.76,31.333,0.0
CRBN,5yj1,6EL,501,1,P,737,OE1,-90.675,-22.074,32.442,0.0
CRBN,5yj1,6EL,501,1,P,738,CG,-90.817,-20.339,30.81,0.0
CRBN,5yj1,6EL,501,1,P,739,CB,-91.075,-20.224,29.307,0.0
CRBN,5yj1,6EL,501,1,P,740,CA,-92.397,-20.897,29.044,0.0
CRBN,5yj1,6EL,501,1,P,741,N,-93.062,-20.626,27.763,0.0
CRBN,5yj1,6EL,501,1,P,742,CAN,-94.379,-20.707,27.674,1.208
CRBN,5yj1,6EL,501,1,P,743,OAC,-95.06,-20.559,28.724,1.071
CRBN,5yj1,6EL,501,1,P,744,CAO,-92.594,-20.352,26.542,7.246
CRBN,5yj1,6EL,501,1,P,745,OAD,-91.394,-20.445,26.194,18.215
CRBN,5yj1,6EL,501,1,P,746,CAQ,-93.656,-20.092,25.674,6.038
CRBN,5yj1,6EL,501,1,P,747,CAP,-94.8,-20.185,26.45,4.831
CRBN,5yj1,6EL,501,1,P,748,CAH,-93.759,-19.925,24.299,30.191
CRBN,5yj1,6EL,501,1,P,749,CAF,-95.018,-19.721,23.733,33.814
CRBN,5yj1,6EL,501,1,P,750,CAE,-96.169,-19.817,24.518,36.229
CRBN,5yj1,6EL,501,1,P,751,CAG,-96.062,-20.084,25.88,24.153
