Protein,Scaffold_ID,Original_Scaffold_SMILES,Murcko_SMILES,Scaffold_Class,CenterOfMass_X,CenterOfMass_Y,CenterOfMass_Z,Connectivity,Recruiter_Count,Recruiter_Density
HER2,HER2_SCAF_1,,,Unknown,,,,1,1,0.022727272727272728
HER2,HER2_SCAF_10,O=c1[nH]cnc2c1NCCN2,O=c1[nH]cnc2c1NCCN2,Bicyclic_Hetero,-4.51101144742432e-15,-4.7447426105033005e-15,-2.3197817935588798e-15,1,1,0.022727272727272728
HER2,HER2_SCAF_11,c1cscn1,c1cscn1,Monocyclic_Hetero,1.8318679906315083e-15,8.101158632811689e-16,0.11661043937002352,1,1,0.022727272727272728
HER2,HER2_SCAF_12,c1ccc(Nc2ncnc3cc(O[C@H]4CCOC4)ccc23)cc1,c1ccc(Nc2ncnc3cc(O[C@H]4CCOC4)ccc23)cc1,Polycyclic_Hetero,-1.689759443479488e-14,-1.1712852909795402e-15,-0.07658237156140087,1,2,0.045454545454545456
HER2,HER2_SCAF_13,O=c1nc(Nc2ccccc2)cn[nH]1,O=c1nc(Nc2ccccc2)cn[nH]1,Bicyclic_Hetero,-4.198661620400592e-15,-3.588038956856756e-15,3.0278809762504267e-16,1,1,0.022727272727272728
HER2,HER2_SCAF_14,c1ccc(-c2nn3ccccc3c2-c2cc3cn[nH]c3nn2)cc1,c1ccc(-c2nn3ccccc3c2-c2cc3cn[nH]c3nn2)cc1,Polycyclic_Hetero,6.053182646484047e-14,-2.0563797578334845e-14,0.1842135431201621,1,1,0.022727272727272728
HER2,HER2_SCAF_15,O=c1nc2c3ccccc3ncn2nc1Cc1ccccc1,O=c1nc2c3ccccc3ncn2nc1Cc1ccccc1,Polycyclic_Hetero,-1.2343067744362034e-14,-1.436759208338438e-16,-0.0124213411588424,1,1,0.022727272727272728
HER2,HER2_SCAF_16,c1ccc(CCc2nccn2Cc2ccccc2)cc1,c1ccc(CCc2nccn2Cc2ccccc2)cc1,Polycyclic_Hetero,-1.8020672673389384e-14,0.05704040061112453,9.379193328428708e-15,1,1,0.022727272727272728
HER2,HER2_SCAF_17,,,Unknown,,,,1,1,0.022727272727272728
HER2,HER2_SCAF_18,c1ncc2ncn([C@H]3CCCO3)c2n1,c1ncc2ncn([C@H]3CCCO3)c2n1,Polycyclic_Hetero,2.5905203907920318e-15,1.1677580199117206e-15,6.661338147750939e-16,1,2,0.045454545454545456
HER2,HER2_SCAF_19,C1CCNC1,C1CCNC1,Monocyclic_Hetero,-1.7446361815538174e-16,1.2291754915492804e-15,3.489272363107635e-16,1,1,0.022727272727272728
HER2,HER2_SCAF_2,,,Unknown,,,,1,1,0.022727272727272728
HER2,HER2_SCAF_20,,,Unknown,,,,1,1,0.022727272727272728
HER2,HER2_SCAF_21,O=S(=O)(Nc1cccnc1)c1ccccc1,O=S(=O)(Nc1cccnc1)c1ccccc1,Bicyclic_Hetero,-6.823601512888462e-15,-1.5585823230314697e-15,0.02329150578743675,1,2,0.045454545454545456
HER2,HER2_SCAF_22,O=S(=O)(Nc1ccccn1)c1ccccc1,O=S(=O)(Nc1ccccn1)c1ccccc1,Bicyclic_Hetero,4.659520632580657e-14,-4.697097411875662e-15,0.015641578810076568,1,3,0.06818181818181818
HER2,HER2_SCAF_23,O=S(=O)(Nc1ccc(SCCc2ccccc2)cc1)N1CCN(Cc2ccccc2)CC1,O=S(=O)(Nc1ccc(SCCc2ccccc2)cc1)N1CCN(Cc2ccccc2)CC1,Polycyclic_Hetero,-2.4636030920206752e-14,0.04861003070347561,-1.822403794356015e-14,1,1,0.022727272727272728
HER2,HER2_SCAF_24,N=C1C/C=C/CCCC[C@@H]2CCCC(O2)C(=O)C(=O)N2CCCC[C@H]2C(=O)O[C@H](/C=C/C2CCCCC2)CCC1,N=C1C/C=C/CCCC[C@@H]2CCCC(O2)C(=O)C(=O)N2CCCC[C@H]2C(=O)O[C@H](/C=C/C2CCCCC2)CCC1,Polycyclic_Hetero,-5.739853037312059e-14,-5.2599899744462975e-15,-1.010056236181198e-14,1,1,0.022727272727272728
HER2,HER2_SCAF_25,,,Unknown,,,,1,1,0.022727272727272728
HER2,HER2_SCAF_26,,,Unknown,,,,1,1,0.022727272727272728
HER2,HER2_SCAF_27,O=c1[nH]c(=O)n(Cc2ccccc2)cc1-c1cccc2cn[nH]c12,O=c1[nH]c(=O)n(Cc2ccccc2)cc1-c1cccc2cn[nH]c12,Polycyclic_Hetero,-1.0803638685418167e-13,4.315845926253372e-14,0.057040400611111576,1,1,0.022727272727272728
HER2,HER2_SCAF_28,c1ccc(-c2cccnc2)nc1,c1ccc(-c2cccnc2)nc1,Bicyclic_Hetero,-1.3544720900426909e-15,3.885780586188048e-16,-0.032545349870385175,1,1,0.022727272727272728
HER2,HER2_SCAF_29,O=C(Cc1ccc(Nc2nc(Nc3ccn[nH]3)cc(-c3cn[nH]c3)n2)cc1)Nc1ccccc1,O=C(Cc1ccc(Nc2nc(Nc3ccn[nH]3)cc(-c3cn[nH]c3)n2)cc1)Nc1ccccc1,Polycyclic_Hetero,2.7549679709243886e-14,0.010387175793685135,1.0441748475965472e-13,1,1,0.022727272727272728
HER2,HER2_SCAF_3,,,Unknown,,,,1,1,0.022727272727272728
HER2,HER2_SCAF_30,c1ccc(-c2ccccn2)cc1,c1ccc(-c2ccccn2)cc1,Bicyclic_Hetero,3.2355071003361704e-15,7.824428935453484e-16,4.708535149079905e-16,1,1,0.022727272727272728
HER2,HER2_SCAF_31,N=C(Nc1ccc(CCNCc2cccc(NC(=N)c3cccs3)c2)cc1)c1cccs1,N=C(Nc1ccc(CCNCc2cccc(NC(=N)c3cccs3)c2)cc1)c1cccs1,Polycyclic_Hetero,2.804773956947764e-15,4.81291419973467e-15,0.024924314375321853,1,1,0.022727272727272728
HER2,HER2_SCAF_32,N=C(Nc1ccc(CCNCc2cccc(NC(=N)c3ccoc3)c2)cc1)c1ccoc1,N=C(Nc1ccc(CCNCc2cccc(NC(=N)c3ccoc3)c2)cc1)c1ccoc1,Polycyclic_Hetero,-1.2995452667191306e-14,4.7681157268111984e-15,0.042928086029190377,1,1,0.022727272727272728
HER2,HER2_SCAF_33,N=C(Nc1ccc(CCNCc2cccc(NC(=N)c3nccs3)c2)cc1)c1nccs1,N=C(Nc1ccc(CCNCc2cccc(NC(=N)c3nccs3)c2)cc1)c1nccs1,Polycyclic_Hetero,-7.883794627229112e-14,-1.2515241368501765e-15,0.012813291744424898,1,1,0.022727272727272728
HER2,HER2_SCAF_34,N=C(Nc1cccc(CCNCc2cccc(NC(=N)c3ccco3)c2)c1)c1ccco1,N=C(Nc1cccc(CCNCc2cccc(NC(=N)c3ccco3)c2)c1)c1ccco1,Polycyclic_Hetero,5.2667422080463564e-15,-0.14861843552753398,2.7268635692547706e-15,1,1,0.022727272727272728
HER2,HER2_SCAF_35,N=C(Nc1cccc(CNCCc2ccc(-c3ccccc3)cc2)c1)c1ccco1,N=C(Nc1cccc(CNCCc2ccc(-c3ccccc3)cc2)c1)c1ccco1,Polycyclic_Hetero,1.4436936494762035e-14,-7.125613230776005e-15,-0.09021574116501893,1,1,0.022727272727272728
HER2,HER2_SCAF_36,N=C(Nc1cccc(CNCCc2ccc(-c3ccccc3)cc2)c1)c1cccs1,N=C(Nc1cccc(CNCCc2ccc(-c3ccccc3)cc2)c1)c1cccs1,Polycyclic_Hetero,1.0819628021801525e-14,-2.672609608370377e-15,-0.09021574116502015,1,1,0.022727272727272728
HER2,HER2_SCAF_37,N=C(Nc1cccc(CNCCc2ccc(-c3ccccc3)cc2)c1)c1cncs1,N=C(Nc1cccc(CNCCc2ccc(-c3ccccc3)cc2)c1)c1cncs1,Polycyclic_Hetero,-1.3191094307398156e-14,0.10966187789556736,-8.591892629460239e-15,1,1,0.022727272727272728
HER2,HER2_SCAF_38,c1ccc(-c2ccc3cccnc3c2)cc1,c1ccc(-c2ccc3cccnc3c2)cc1,Polycyclic_Hetero,1.0197604078038475e-15,-2.0559685641206603e-16,-0.0448379083436767,1,1,0.022727272727272728
HER2,HER2_SCAF_39,c1ccc2c(N3CCc4c(nc(OC[C@@H]5CCCN5)nc4N4CCNCC4)C3)cccc2c1,c1ccc2c(N3CCc4c(nc(OC[C@@H]5CCCN5)nc4N4CCNCC4)C3)cccc2c1,Polycyclic_Hetero,-3.2507330161024585e-14,-9.667480491351363e-15,1.567634910770721e-14,1,1,0.022727272727272728
HER2,HER2_SCAF_4,O=c1nc2[nH]c3ccccc3nc-2c(=O)[nH]1,O=c1nc2[nH]c3ccccc3nc-2c(=O)[nH]1,Polycyclic_Hetero,-2.220446049250313e-15,1.5442192978877176e-15,1.1102230246251565e-16,1,1,0.022727272727272728
HER2,HER2_SCAF_5,O=c1cc[nH]c(=O)[nH]1,O=c1cc[nH]c(=O)[nH]1,Monocyclic_Hetero,-2.0874505827587578e-16,-8.141635513917814e-16,3.7643499428696714e-16,1,1,0.022727272727272728
HER2,HER2_SCAF_6,O=C(NCc1ccccc1)[C@@H]1CCCN1C(=O)c1ccccc1,O=C(NCc1ccccc1)[C@@H]1CCCN1C(=O)c1ccccc1,Polycyclic_Hetero,2.0378530904096363e-13,-3.867448996711679e-14,0.1312679916892307,1,1,0.022727272727272728
HER2,HER2_SCAF_7,c1ccc(Nc2ccc(Oc3ccccc3)cc2)cc1,c1ccc(Nc2ccc(Oc3ccccc3)cc2)cc1,Polycyclic_Hetero,-1.3599280431922776e-13,3.5416114485542494e-14,-2.986864228171626e-14,1,1,0.022727272727272728
HER2,HER2_SCAF_8,O=C(NCc1ccc(-c2cncs2)cc1)[C@@H]1CCCN1C(=O)c1ccccc1,O=C(NCc1ccc(-c2cncs2)cc1)[C@@H]1CCCN1C(=O)c1ccccc1,Polycyclic_Hetero,-6.887914275225461e-16,-6.619988004486839e-15,0.054985403438592685,1,1,0.022727272727272728
HER2,HER2_SCAF_9,,,Unknown,,,,1,1,0.022727272727272728
