Target,pdb_id,Chain,Warhead,Residue_ID,SMILES,%Exposed,pdb_path,sdf_path,sdf_available
HER2,1d5l,A,CYN,1603,[C-]#N,1.0,/app/jobs/8c9ee94e/WAR_PDB/HER2/1d5l_A_CYN.pdb,/app/jobs/8c9ee94e/TARGET_RESULTS/MCS_Output/MCS_SDF/1d5l_A_CYN_1603.sdf,True
HER2,1d5l,B,CYN,2602,[C-]#N,1.0,/app/jobs/8c9ee94e/WAR_PDB/HER2/1d5l_B_CYN.pdb,/app/jobs/8c9ee94e/TARGET_RESULTS/MCS_Output/MCS_SDF/1d5l_B_CYN_2602.sdf,True
HER2,1d7w,A,CYN,1603,[C-]#N,1.0,/app/jobs/8c9ee94e/WAR_PDB/HER2/1d7w_A_CYN.pdb,/app/jobs/8c9ee94e/TARGET_RESULTS/MCS_Output/MCS_SDF/1d7w_A_CYN_1603.sdf,True
HER2,1d7w,B,CYN,205,[C-]#N,1.0,/app/jobs/8c9ee94e/WAR_PDB/HER2/1d7w_B_CYN.pdb,/app/jobs/8c9ee94e/TARGET_RESULTS/MCS_Output/MCS_SDF/1d7w_B_CYN_205.sdf,True
HER2,5v61,I,FRZ,801,Nc1n[nH]c2nnc(-c3c(-c4ccccc4)nn4ccccc34)cc12,0.96,/app/jobs/8c9ee94e/WAR_PDB/HER2/5v61_I_FRZ.pdb,/app/jobs/8c9ee94e/TARGET_RESULTS/MCS_Output/MCS_SDF/5v61_I_FRZ_801.sdf,True
HER2,4g5j,A,0WM,1102,CN(C)C/C=C/C(=O)Nc1cc2c(Nc3ccc(F)c(Cl)c3)ncnc2cc1O[C@H]1CCOC1,0.912,/app/jobs/8c9ee94e/WAR_PDB/HER2/4g5j_A_0WM.pdb,/app/jobs/8c9ee94e/TARGET_RESULTS/MCS_Output/MCS_SDF/4g5j_A_0WM_1102.sdf,True
HER2,7bia,A,TVQ,403,CS(=O)CCCN=C=S,0.889,/app/jobs/8c9ee94e/WAR_PDB/HER2/7bia_A_TVQ.pdb,/app/jobs/8c9ee94e/TARGET_RESULTS/MCS_Output/MCS_SDF/7bia_A_TVQ_403.sdf,True
HER2,9mwn,C,H4B,502,C[C@H](O)[C@H](O)[C@H]1CNc2nc(N)[nH]c(=O)c2N1,0.882,/app/jobs/8c9ee94e/WAR_PDB/HER2/9mwn_C_H4B.pdb,/app/jobs/8c9ee94e/TARGET_RESULTS/MCS_Output/MCS_SDF/9mwn_C_H4B_502.sdf,True
HER2,9mww,C,H4B,502,C[C@H](O)[C@H](O)[C@H]1CNc2nc(N)[nH]c(=O)c2N1,0.882,/app/jobs/8c9ee94e/WAR_PDB/HER2/9mww_C_H4B.pdb,/app/jobs/8c9ee94e/TARGET_RESULTS/MCS_Output/MCS_SDF/9mww_C_H4B_502.sdf,True
HER2,9mwn,D,H44,503,[H]/N=C(\Nc1ccc(CCNCc2cccc(N/C(=N/[H])c3cccs3)c2)cc1)c1cccs1,0.875,/app/jobs/8c9ee94e/WAR_PDB/HER2/9mwn_D_H44.pdb,/app/jobs/8c9ee94e/TARGET_RESULTS/MCS_Output/MCS_SDF/9mwn_D_H44_503.sdf,True
HER2,2prl,A,DDQ,700,CCCCCCCCCC[N+](C)(C)[O-],0.857,/app/jobs/8c9ee94e/WAR_PDB/HER2/2prl_A_DDQ.pdb,/app/jobs/8c9ee94e/TARGET_RESULTS/MCS_Output/MCS_SDF/2prl_A_DDQ_700.sdf,True
HER2,4d1o,B,H4B,1481,C[C@H](O)[C@H](O)[C@H]1CNc2nc(N)[nH]c(=O)c2N1,0.824,/app/jobs/8c9ee94e/WAR_PDB/HER2/4d1o_B_H4B.pdb,/app/jobs/8c9ee94e/TARGET_RESULTS/MCS_Output/MCS_SDF/4d1o_B_H4B_1481.sdf,True
HER2,9cw7,A,H4B,502,C[C@H](O)[C@H](O)[C@H]1CNc2nc(N)[nH]c(=O)c2N1,0.824,/app/jobs/8c9ee94e/WAR_PDB/HER2/9cw7_A_H4B.pdb,/app/jobs/8c9ee94e/TARGET_RESULTS/MCS_Output/MCS_SDF/9cw7_A_H4B_502.sdf,True
HER2,9cw7,B,H4B,502,C[C@H](O)[C@H](O)[C@H]1CNc2nc(N)[nH]c(=O)c2N1,0.824,/app/jobs/8c9ee94e/WAR_PDB/HER2/9cw7_B_H4B.pdb,/app/jobs/8c9ee94e/TARGET_RESULTS/MCS_Output/MCS_SDF/9cw7_B_H4B_502.sdf,True
HER2,9cw7,D,H4B,502,C[C@H](O)[C@H](O)[C@H]1CNc2nc(N)[nH]c(=O)c2N1,0.824,/app/jobs/8c9ee94e/WAR_PDB/HER2/9cw7_D_H4B.pdb,/app/jobs/8c9ee94e/TARGET_RESULTS/MCS_Output/MCS_SDF/9cw7_D_H4B_502.sdf,True
HER2,9cwk,A,H4B,502,C[C@H](O)[C@H](O)[C@H]1CNc2nc(N)[nH]c(=O)c2N1,0.824,/app/jobs/8c9ee94e/WAR_PDB/HER2/9cwk_A_H4B.pdb,/app/jobs/8c9ee94e/TARGET_RESULTS/MCS_Output/MCS_SDF/9cwk_A_H4B_502.sdf,True
HER2,9cwk,B,H4B,502,C[C@H](O)[C@H](O)[C@H]1CNc2nc(N)[nH]c(=O)c2N1,0.824,/app/jobs/8c9ee94e/WAR_PDB/HER2/9cwk_B_H4B.pdb,/app/jobs/8c9ee94e/TARGET_RESULTS/MCS_Output/MCS_SDF/9cwk_B_H4B_502.sdf,True
HER2,9cwk,D,H4B,502,C[C@H](O)[C@H](O)[C@H]1CNc2nc(N)[nH]c(=O)c2N1,0.824,/app/jobs/8c9ee94e/WAR_PDB/HER2/9cwk_D_H4B.pdb,/app/jobs/8c9ee94e/TARGET_RESULTS/MCS_Output/MCS_SDF/9cwk_D_H4B_502.sdf,True
HER2,9mwn,B,H4B,502,C[C@H](O)[C@H](O)[C@H]1CNc2nc(N)[nH]c(=O)c2N1,0.824,/app/jobs/8c9ee94e/WAR_PDB/HER2/9mwn_B_H4B.pdb,/app/jobs/8c9ee94e/TARGET_RESULTS/MCS_Output/MCS_SDF/9mwn_B_H4B_502.sdf,True
HER2,9mwr,B,H4B,502,C[C@H](O)[C@H](O)[C@H]1CNc2nc(N)[nH]c(=O)c2N1,0.824,/app/jobs/8c9ee94e/WAR_PDB/HER2/9mwr_B_H4B.pdb,/app/jobs/8c9ee94e/TARGET_RESULTS/MCS_Output/MCS_SDF/9mwr_B_H4B_502.sdf,True
HER2,9mwt,C,H4B,502,C[C@H](O)[C@H](O)[C@H]1CNc2nc(N)[nH]c(=O)c2N1,0.824,/app/jobs/8c9ee94e/WAR_PDB/HER2/9mwt_C_H4B.pdb,/app/jobs/8c9ee94e/TARGET_RESULTS/MCS_Output/MCS_SDF/9mwt_C_H4B_502.sdf,True
HER2,9mwu,B,H4B,502,C[C@H](O)[C@H](O)[C@H]1CNc2nc(N)[nH]c(=O)c2N1,0.824,/app/jobs/8c9ee94e/WAR_PDB/HER2/9mwu_B_H4B.pdb,/app/jobs/8c9ee94e/TARGET_RESULTS/MCS_Output/MCS_SDF/9mwu_B_H4B_502.sdf,True
HER2,9mwv,B,H4B,503,C[C@H](O)[C@H](O)[C@H]1CNc2nc(N)[nH]c(=O)c2N1,0.824,/app/jobs/8c9ee94e/WAR_PDB/HER2/9mwv_B_H4B.pdb,/app/jobs/8c9ee94e/TARGET_RESULTS/MCS_Output/MCS_SDF/9mwv_B_H4B_503.sdf,True
HER2,9mwv,C,H4B,502,C[C@H](O)[C@H](O)[C@H]1CNc2nc(N)[nH]c(=O)c2N1,0.824,/app/jobs/8c9ee94e/WAR_PDB/HER2/9mwv_C_H4B.pdb,/app/jobs/8c9ee94e/TARGET_RESULTS/MCS_Output/MCS_SDF/9mwv_C_H4B_502.sdf,True
HER2,9mwv,D,H4B,502,C[C@H](O)[C@H](O)[C@H]1CNc2nc(N)[nH]c(=O)c2N1,0.824,/app/jobs/8c9ee94e/WAR_PDB/HER2/9mwv_D_H4B.pdb,/app/jobs/8c9ee94e/TARGET_RESULTS/MCS_Output/MCS_SDF/9mwv_D_H4B_502.sdf,True
HER2,9mww,B,H4B,502,C[C@H](O)[C@H](O)[C@H]1CNc2nc(N)[nH]c(=O)c2N1,0.824,/app/jobs/8c9ee94e/WAR_PDB/HER2/9mww_B_H4B.pdb,/app/jobs/8c9ee94e/TARGET_RESULTS/MCS_Output/MCS_SDF/9mww_B_H4B_502.sdf,True
HER2,9mww,D,H4B,503,C[C@H](O)[C@H](O)[C@H]1CNc2nc(N)[nH]c(=O)c2N1,0.824,/app/jobs/8c9ee94e/WAR_PDB/HER2/9mww_D_H4B.pdb,/app/jobs/8c9ee94e/TARGET_RESULTS/MCS_Output/MCS_SDF/9mww_D_H4B_503.sdf,True
HER2,9mz3,A,H4B,502,C[C@H](O)[C@H](O)[C@H]1CNc2nc(N)[nH]c(=O)c2N1,0.824,/app/jobs/8c9ee94e/WAR_PDB/HER2/9mz3_A_H4B.pdb,/app/jobs/8c9ee94e/TARGET_RESULTS/MCS_Output/MCS_SDF/9mz3_A_H4B_502.sdf,True
HER2,9mz3,B,H4B,502,C[C@H](O)[C@H](O)[C@H]1CNc2nc(N)[nH]c(=O)c2N1,0.824,/app/jobs/8c9ee94e/WAR_PDB/HER2/9mz3_B_H4B.pdb,/app/jobs/8c9ee94e/TARGET_RESULTS/MCS_Output/MCS_SDF/9mz3_B_H4B_502.sdf,True
HER2,9mz3,C,H4B,502,C[C@H](O)[C@H](O)[C@H]1CNc2nc(N)[nH]c(=O)c2N1,0.824,/app/jobs/8c9ee94e/WAR_PDB/HER2/9mz3_C_H4B.pdb,/app/jobs/8c9ee94e/TARGET_RESULTS/MCS_Output/MCS_SDF/9mz3_C_H4B_502.sdf,True
HER2,2prl,A,ORO,399,O=C(O)c1cc(=O)[nH]c(=O)[nH]1,0.818,/app/jobs/8c9ee94e/WAR_PDB/HER2/2prl_A_ORO.pdb,/app/jobs/8c9ee94e/TARGET_RESULTS/MCS_Output/MCS_SDF/2prl_A_ORO_399.sdf,True
HER2,9mwn,B,H44,503,[H]/N=C(\Nc1ccc(CCNCc2cccc(N/C(=N/[H])c3cccs3)c2)cc1)c1cccs1,0.812,/app/jobs/8c9ee94e/WAR_PDB/HER2/9mwn_B_H44.pdb,/app/jobs/8c9ee94e/TARGET_RESULTS/MCS_Output/MCS_SDF/9mwn_B_H44_503.sdf,True
HER2,9mwn,A,H44,503,[H]/N=C(\Nc1ccc(CCNCc2cccc(N/C(=N/[H])c3cccs3)c2)cc1)c1cccs1,0.781,/app/jobs/8c9ee94e/WAR_PDB/HER2/9mwn_A_H44.pdb,/app/jobs/8c9ee94e/TARGET_RESULTS/MCS_Output/MCS_SDF/9mwn_A_H44_503.sdf,True
HER2,4d1o,A,H4B,1481,C[C@H](O)[C@H](O)[C@H]1CNc2nc(N)[nH]c(=O)c2N1,0.765,/app/jobs/8c9ee94e/WAR_PDB/HER2/4d1o_A_H4B.pdb,/app/jobs/8c9ee94e/TARGET_RESULTS/MCS_Output/MCS_SDF/4d1o_A_H4B_1481.sdf,True
HER2,9cw7,C,H4B,502,C[C@H](O)[C@H](O)[C@H]1CNc2nc(N)[nH]c(=O)c2N1,0.765,/app/jobs/8c9ee94e/WAR_PDB/HER2/9cw7_C_H4B.pdb,/app/jobs/8c9ee94e/TARGET_RESULTS/MCS_Output/MCS_SDF/9cw7_C_H4B_502.sdf,True
HER2,9cwk,C,H4B,502,C[C@H](O)[C@H](O)[C@H]1CNc2nc(N)[nH]c(=O)c2N1,0.765,/app/jobs/8c9ee94e/WAR_PDB/HER2/9cwk_C_H4B.pdb,/app/jobs/8c9ee94e/TARGET_RESULTS/MCS_Output/MCS_SDF/9cwk_C_H4B_502.sdf,True
HER2,9mwn,A,H4B,502,C[C@H](O)[C@H](O)[C@H]1CNc2nc(N)[nH]c(=O)c2N1,0.765,/app/jobs/8c9ee94e/WAR_PDB/HER2/9mwn_A_H4B.pdb,/app/jobs/8c9ee94e/TARGET_RESULTS/MCS_Output/MCS_SDF/9mwn_A_H4B_502.sdf,True
HER2,9mwn,D,H4B,502,C[C@H](O)[C@H](O)[C@H]1CNc2nc(N)[nH]c(=O)c2N1,0.765,/app/jobs/8c9ee94e/WAR_PDB/HER2/9mwn_D_H4B.pdb,/app/jobs/8c9ee94e/TARGET_RESULTS/MCS_Output/MCS_SDF/9mwn_D_H4B_502.sdf,True
HER2,9mwp,A,H4B,502,C[C@H](O)[C@H](O)[C@H]1CNc2nc(N)[nH]c(=O)c2N1,0.765,/app/jobs/8c9ee94e/WAR_PDB/HER2/9mwp_A_H4B.pdb,/app/jobs/8c9ee94e/TARGET_RESULTS/MCS_Output/MCS_SDF/9mwp_A_H4B_502.sdf,True
HER2,9mwp,B,H4B,502,C[C@H](O)[C@H](O)[C@H]1CNc2nc(N)[nH]c(=O)c2N1,0.765,/app/jobs/8c9ee94e/WAR_PDB/HER2/9mwp_B_H4B.pdb,/app/jobs/8c9ee94e/TARGET_RESULTS/MCS_Output/MCS_SDF/9mwp_B_H4B_502.sdf,True
HER2,9mwr,A,H4B,502,C[C@H](O)[C@H](O)[C@H]1CNc2nc(N)[nH]c(=O)c2N1,0.765,/app/jobs/8c9ee94e/WAR_PDB/HER2/9mwr_A_H4B.pdb,/app/jobs/8c9ee94e/TARGET_RESULTS/MCS_Output/MCS_SDF/9mwr_A_H4B_502.sdf,True
HER2,9mwr,C,H4B,502,C[C@H](O)[C@H](O)[C@H]1CNc2nc(N)[nH]c(=O)c2N1,0.765,/app/jobs/8c9ee94e/WAR_PDB/HER2/9mwr_C_H4B.pdb,/app/jobs/8c9ee94e/TARGET_RESULTS/MCS_Output/MCS_SDF/9mwr_C_H4B_502.sdf,True
HER2,9mwt,A,H4B,502,C[C@H](O)[C@H](O)[C@H]1CNc2nc(N)[nH]c(=O)c2N1,0.765,/app/jobs/8c9ee94e/WAR_PDB/HER2/9mwt_A_H4B.pdb,/app/jobs/8c9ee94e/TARGET_RESULTS/MCS_Output/MCS_SDF/9mwt_A_H4B_502.sdf,True
HER2,9mwt,B,H4B,502,C[C@H](O)[C@H](O)[C@H]1CNc2nc(N)[nH]c(=O)c2N1,0.765,/app/jobs/8c9ee94e/WAR_PDB/HER2/9mwt_B_H4B.pdb,/app/jobs/8c9ee94e/TARGET_RESULTS/MCS_Output/MCS_SDF/9mwt_B_H4B_502.sdf,True
HER2,9mwt,D,H4B,502,C[C@H](O)[C@H](O)[C@H]1CNc2nc(N)[nH]c(=O)c2N1,0.765,/app/jobs/8c9ee94e/WAR_PDB/HER2/9mwt_D_H4B.pdb,/app/jobs/8c9ee94e/TARGET_RESULTS/MCS_Output/MCS_SDF/9mwt_D_H4B_502.sdf,True
HER2,9mwu,A,H4B,502,C[C@H](O)[C@H](O)[C@H]1CNc2nc(N)[nH]c(=O)c2N1,0.765,/app/jobs/8c9ee94e/WAR_PDB/HER2/9mwu_A_H4B.pdb,/app/jobs/8c9ee94e/TARGET_RESULTS/MCS_Output/MCS_SDF/9mwu_A_H4B_502.sdf,True
HER2,9mwv,A,H4B,502,C[C@H](O)[C@H](O)[C@H]1CNc2nc(N)[nH]c(=O)c2N1,0.765,/app/jobs/8c9ee94e/WAR_PDB/HER2/9mwv_A_H4B.pdb,/app/jobs/8c9ee94e/TARGET_RESULTS/MCS_Output/MCS_SDF/9mwv_A_H4B_502.sdf,True
HER2,9mww,A,H4B,502,C[C@H](O)[C@H](O)[C@H]1CNc2nc(N)[nH]c(=O)c2N1,0.765,/app/jobs/8c9ee94e/WAR_PDB/HER2/9mww_A_H4B.pdb,/app/jobs/8c9ee94e/TARGET_RESULTS/MCS_Output/MCS_SDF/9mww_A_H4B_502.sdf,True
HER2,9mz3,D,H4B,502,C[C@H](O)[C@H](O)[C@H]1CNc2nc(N)[nH]c(=O)c2N1,0.765,/app/jobs/8c9ee94e/WAR_PDB/HER2/9mz3_D_H4B.pdb,/app/jobs/8c9ee94e/TARGET_RESULTS/MCS_Output/MCS_SDF/9mz3_D_H4B_502.sdf,True
HER2,1g4u,R,AF3,1002,F[Al](F)F,0.75,/app/jobs/8c9ee94e/WAR_PDB/HER2/1g4u_R_AF3.pdb,/app/jobs/8c9ee94e/TARGET_RESULTS/MCS_Output/MCS_SDF/1g4u_R_AF3_1002.sdf,True
HER2,9mwn,C,H44,503,[H]/N=C(\Nc1ccc(CCNCc2cccc(N/C(=N/[H])c3cccs3)c2)cc1)c1cccs1,0.75,/app/jobs/8c9ee94e/WAR_PDB/HER2/9mwn_C_H44.pdb,/app/jobs/8c9ee94e/TARGET_RESULTS/MCS_Output/MCS_SDF/9mwn_C_H44_503.sdf,True
HER2,5kh9,A,6T5,1305,Cc1n[nH]c(=O)nc1Nc1ccc(C(C)C)cc1,0.722,/app/jobs/8c9ee94e/WAR_PDB/HER2/5kh9_A_6T5.pdb,/app/jobs/8c9ee94e/TARGET_RESULTS/MCS_Output/MCS_SDF/5kh9_A_6T5_1305.sdf,True
HER2,9mwr,D,H4B,502,C[C@H](O)[C@H](O)[C@H]1CNc2nc(N)[nH]c(=O)c2N1,0.706,/app/jobs/8c9ee94e/WAR_PDB/HER2/9mwr_D_H4B.pdb,/app/jobs/8c9ee94e/TARGET_RESULTS/MCS_Output/MCS_SDF/9mwr_D_H4B_502.sdf,True
HER2,5b8d,A,6T4,1306,CC(=O)Nc1nc(C)cs1,0.7,/app/jobs/8c9ee94e/WAR_PDB/HER2/5b8d_A_6T4.pdb,/app/jobs/8c9ee94e/TARGET_RESULTS/MCS_Output/MCS_SDF/5b8d_A_6T4_1306.sdf,True
HER2,7bia,A,GSH,402,N[C@@H](CCC(=O)N[C@@H](CS)C(=O)NCC(=O)O)C(=O)O,0.7,/app/jobs/8c9ee94e/WAR_PDB/HER2/7bia_A_GSH.pdb,/app/jobs/8c9ee94e/TARGET_RESULTS/MCS_Output/MCS_SDF/7bia_A_GSH_402.sdf,True
HER2,7bia,B,GSH,402,N[C@@H](CCC(=O)N[C@@H](CS)C(=O)NCC(=O)O)C(=O)O,0.7,/app/jobs/8c9ee94e/WAR_PDB/HER2/7bia_B_GSH.pdb,/app/jobs/8c9ee94e/TARGET_RESULTS/MCS_Output/MCS_SDF/7bia_B_GSH_402.sdf,True
HER2,6u65,C,Q0A,401,O=C(O)c1cc(SCCc2ccccc2)ccc1NS(=O)(=O)N1CCN(Cc2ccc(F)cc2)CC1,0.667,/app/jobs/8c9ee94e/WAR_PDB/HER2/6u65_C_Q0A.pdb,/app/jobs/8c9ee94e/TARGET_RESULTS/MCS_Output/MCS_SDF/6u65_C_Q0A_401.sdf,True
HER2,5li9,A,MRD,610,C[C@@H](O)CC(C)(C)O,0.625,/app/jobs/8c9ee94e/WAR_PDB/HER2/5li9_A_MRD.pdb,/app/jobs/8c9ee94e/TARGET_RESULTS/MCS_Output/MCS_SDF/5li9_A_MRD_610.sdf,True
HER2,6ehj,A,SER,505,N[C@@H](CO)C(=O)O,0.617,/app/jobs/8c9ee94e/WAR_PDB/HER2/6ehj_A_SER.pdb,/app/jobs/8c9ee94e/TARGET_RESULTS/MCS_Output/MCS_SDF/6ehj_A_SER_505.sdf,True
HER2,4d1o,A,ARG,700,NC(=[NH2+])NCCC[C@H](N)C(=O)O,0.615,/app/jobs/8c9ee94e/WAR_PDB/HER2/4d1o_A_ARG.pdb,/app/jobs/8c9ee94e/TARGET_RESULTS/MCS_Output/MCS_SDF/4d1o_A_ARG_700.sdf,True
HER2,4d1o,B,ARG,700,NC(=[NH2+])NCCC[C@H](N)C(=O)O,0.602,/app/jobs/8c9ee94e/WAR_PDB/HER2/4d1o_B_ARG.pdb,/app/jobs/8c9ee94e/TARGET_RESULTS/MCS_Output/MCS_SDF/4d1o_B_ARG_700.sdf,True
HER2,4b95,F,UCK,1206,O=C(NCc1ccc(Cl)cc1)[C@@H]1C[C@@H](O)CN1C(=O)c1ccccc1Cl,0.577,/app/jobs/8c9ee94e/WAR_PDB/HER2/4b95_F_UCK.pdb,/app/jobs/8c9ee94e/TARGET_RESULTS/MCS_Output/MCS_SDF/4b95_F_UCK_1206.sdf,True
HER2,4b95,L,UCK,1206,O=C(NCc1ccc(Cl)cc1)[C@@H]1C[C@@H](O)CN1C(=O)c1ccccc1Cl,0.577,/app/jobs/8c9ee94e/WAR_PDB/HER2/4b95_L_UCK.pdb,/app/jobs/8c9ee94e/TARGET_RESULTS/MCS_Output/MCS_SDF/4b95_L_UCK_1206.sdf,True
HER2,6ehj,B,SER,506,N[C@@H](CO)C(=O)O,0.569,/app/jobs/8c9ee94e/WAR_PDB/HER2/6ehj_B_SER.pdb,/app/jobs/8c9ee94e/TARGET_RESULTS/MCS_Output/MCS_SDF/6ehj_B_SER_506.sdf,True
HER2,6ehj,A,PRO,510,O=C(O)[C@@H]1CCCN1,0.543,/app/jobs/8c9ee94e/WAR_PDB/HER2/6ehj_A_PRO.pdb,/app/jobs/8c9ee94e/TARGET_RESULTS/MCS_Output/MCS_SDF/6ehj_A_PRO_510.sdf,True
HER2,4b95,C,UCK,1206,O=C(NCc1ccc(Cl)cc1)[C@@H]1C[C@@H](O)CN1C(=O)c1ccccc1Cl,0.538,/app/jobs/8c9ee94e/WAR_PDB/HER2/4b95_C_UCK.pdb,/app/jobs/8c9ee94e/TARGET_RESULTS/MCS_Output/MCS_SDF/4b95_C_UCK_1206.sdf,True
HER2,4b95,I,UCK,1206,O=C(NCc1ccc(Cl)cc1)[C@@H]1C[C@@H](O)CN1C(=O)c1ccccc1Cl,0.538,/app/jobs/8c9ee94e/WAR_PDB/HER2/4b95_I_UCK.pdb,/app/jobs/8c9ee94e/TARGET_RESULTS/MCS_Output/MCS_SDF/4b95_I_UCK_1206.sdf,True
HER2,6p0k,B,NLV,503,O=S(=O)(O)c1ccc(S(=O)(=O)Nc2cccc(Cl)n2)cc1,0.536,/app/jobs/8c9ee94e/WAR_PDB/HER2/6p0k_B_NLV.pdb,/app/jobs/8c9ee94e/TARGET_RESULTS/MCS_Output/MCS_SDF/6p0k_B_NLV_503.sdf,True
HER2,6ehj,B,PRO,511,O=C(O)[C@@H]1CCCN1,0.533,/app/jobs/8c9ee94e/WAR_PDB/HER2/6ehj_B_PRO.pdb,/app/jobs/8c9ee94e/TARGET_RESULTS/MCS_Output/MCS_SDF/6ehj_B_PRO_511.sdf,True
HER2,4b9k,C,TG0,1203,Cc1ncsc1-c1ccc(CNC(=O)[C@@H]2C[C@@H](O)CN2C(=O)c2cccc(N)c2C)cc1,0.531,/app/jobs/8c9ee94e/WAR_PDB/HER2/4b9k_C_TG0.pdb,/app/jobs/8c9ee94e/TARGET_RESULTS/MCS_Output/MCS_SDF/4b9k_C_TG0_1203.sdf,True
HER2,4b9k,I,TG0,1210,Cc1ncsc1-c1ccc(CNC(=O)[C@@H]2C[C@@H](O)CN2C(=O)c2cccc(N)c2C)cc1,0.531,/app/jobs/8c9ee94e/WAR_PDB/HER2/4b9k_I_TG0.pdb,/app/jobs/8c9ee94e/TARGET_RESULTS/MCS_Output/MCS_SDF/4b9k_I_TG0_1210.sdf,True
HER2,6u65,D,Q0A,401,O=C(O)c1cc(SCCc2ccccc2)ccc1NS(=O)(=O)N1CCN(Cc2ccc(F)cc2)CC1,0.528,/app/jobs/8c9ee94e/WAR_PDB/HER2/6u65_D_Q0A.pdb,/app/jobs/8c9ee94e/TARGET_RESULTS/MCS_Output/MCS_SDF/6u65_D_Q0A_401.sdf,True
HER2,5wbn,A,9ZV,1304,O=C(O)CCc1nc2ccccc2c2nc(=O)c(Cc3ccccc3)nn12,0.519,/app/jobs/8c9ee94e/WAR_PDB/HER2/5wbn_A_9ZV.pdb,/app/jobs/8c9ee94e/TARGET_RESULTS/MCS_Output/MCS_SDF/5wbn_A_9ZV_1304.sdf,True
HER2,4b9k,F,TG0,1206,Cc1ncsc1-c1ccc(CNC(=O)[C@@H]2C[C@@H](O)CN2C(=O)c2cccc(N)c2C)cc1,0.5,/app/jobs/8c9ee94e/WAR_PDB/HER2/4b9k_F_TG0.pdb,/app/jobs/8c9ee94e/TARGET_RESULTS/MCS_Output/MCS_SDF/4b9k_F_TG0_1206.sdf,True
HER2,4b9k,L,TG0,1209,Cc1ncsc1-c1ccc(CNC(=O)[C@@H]2C[C@@H](O)CN2C(=O)c2cccc(N)c2C)cc1,0.5,/app/jobs/8c9ee94e/WAR_PDB/HER2/4b9k_L_TG0.pdb,/app/jobs/8c9ee94e/TARGET_RESULTS/MCS_Output/MCS_SDF/4b9k_L_TG0_1209.sdf,True
HER2,4g5j,A,0WN,1101,CN(C)CCCC(=O)Nc1cc2c(Nc3ccc(F)c(Cl)c3)ncnc2cc1O[C@H]1CCOC1,0.5,/app/jobs/8c9ee94e/WAR_PDB/HER2/4g5j_A_0WN.pdb,/app/jobs/8c9ee94e/TARGET_RESULTS/MCS_Output/MCS_SDF/4g5j_A_0WN_1101.sdf,True
HER2,6ehj,B,COA,503,CC(C)(CO[P@](=O)(O)O[P@@](=O)(O)OC[C@H]1O[C@@H](n2cnc3c(N)ncnc32)[C@H](O)[C@@H]1OP(=O)(O)O)[C@@H](O)C(=O)NCCC(=O)NCCS,0.5,/app/jobs/8c9ee94e/WAR_PDB/HER2/6ehj_B_COA.pdb,/app/jobs/8c9ee94e/TARGET_RESULTS/MCS_Output/MCS_SDF/6ehj_B_COA_503.sdf,True
HER2,6p0l,B,NLJ,502,COc1ncccc1NS(=O)(=O)c1ccc(S(=O)(=O)O)cc1,0.5,/app/jobs/8c9ee94e/WAR_PDB/HER2/6p0l_B_NLJ.pdb,/app/jobs/8c9ee94e/TARGET_RESULTS/MCS_Output/MCS_SDF/6p0l_B_NLJ_502.sdf,True
HER2,6p0n,B,NLS,504,O=S(=O)(O)c1ccc(S(=O)(=O)Nc2cccc(F)n2)cc1,0.5,/app/jobs/8c9ee94e/WAR_PDB/HER2/6p0n_B_NLS.pdb,/app/jobs/8c9ee94e/TARGET_RESULTS/MCS_Output/MCS_SDF/6p0n_B_NLS_504.sdf,True
HER2,6u65,A,Q0A,401,O=C(O)c1cc(SCCc2ccccc2)ccc1NS(=O)(=O)N1CCN(Cc2ccc(F)cc2)CC1,0.472,/app/jobs/8c9ee94e/WAR_PDB/HER2/6u65_A_Q0A.pdb,/app/jobs/8c9ee94e/TARGET_RESULTS/MCS_Output/MCS_SDF/6u65_A_Q0A_401.sdf,True
HER2,6u65,B,Q0A,401,O=C(O)c1cc(SCCc2ccccc2)ccc1NS(=O)(=O)N1CCN(Cc2ccc(F)cc2)CC1,0.472,/app/jobs/8c9ee94e/WAR_PDB/HER2/6u65_B_Q0A.pdb,/app/jobs/8c9ee94e/TARGET_RESULTS/MCS_Output/MCS_SDF/6u65_B_Q0A_401.sdf,True
HER2,6vcu,B,R27,203,C=CC[C@@H]1/C=C(\C)C[C@H](C)C[C@H](OC)[C@H]2O[C@@](O)(C(=O)C(=O)N3CCCC[C@H]3C(=O)O[C@H](/C(C)=C/[C@@H]3CC[C@@H](O)[C@H](OC)C3)[C@H](C)[C@@H](O)C/C1=N/NC(C)=O)[C@H](C)C[C@@H]2OC,0.463,/app/jobs/8c9ee94e/WAR_PDB/HER2/6vcu_B_R27.pdb,/app/jobs/8c9ee94e/TARGET_RESULTS/MCS_Output/MCS_SDF/6vcu_B_R27_203.sdf,True
HER2,6ehj,A,COA,513,CC(C)(CO[P@](=O)(O)O[P@@](=O)(O)OC[C@H]1O[C@@H](n2cnc3c(N)ncnc32)[C@H](O)[C@@H]1OP(=O)(O)O)[C@@H](O)C(=O)NCCC(=O)NCCS,0.458,/app/jobs/8c9ee94e/WAR_PDB/HER2/6ehj_A_COA.pdb,/app/jobs/8c9ee94e/TARGET_RESULTS/MCS_Output/MCS_SDF/6ehj_A_COA_513.sdf,True
HER2,6vcu,A,R27,203,C=CC[C@@H]1/C=C(\C)C[C@H](C)C[C@H](OC)[C@H]2O[C@@](O)(C(=O)C(=O)N3CCCC[C@H]3C(=O)O[C@H](/C(C)=C/[C@@H]3CC[C@@H](O)[C@H](OC)C3)[C@H](C)[C@@H](O)C/C1=N/NC(C)=O)[C@H](C)C[C@@H]2OC,0.44,/app/jobs/8c9ee94e/WAR_PDB/HER2/6vcu_A_R27.pdb,/app/jobs/8c9ee94e/TARGET_RESULTS/MCS_Output/MCS_SDF/6vcu_A_R27_203.sdf,True
HER2,6p0i,B,NL7,405,COc1cncc(NS(=O)(=O)c2ccc(S(=O)(=O)O)cc2)c1,0.438,/app/jobs/8c9ee94e/WAR_PDB/HER2/6p0i_B_NL7.pdb,/app/jobs/8c9ee94e/TARGET_RESULTS/MCS_Output/MCS_SDF/6p0i_B_NL7_405.sdf,True
HER2,6vcu,C,R27,201,C=CC[C@@H]1/C=C(\C)C[C@H](C)C[C@H](OC)[C@H]2O[C@@](O)(C(=O)C(=O)N3CCCC[C@H]3C(=O)O[C@H](/C(C)=C/[C@@H]3CC[C@@H](O)[C@H](OC)C3)[C@H](C)[C@@H](O)C/C1=N/NC(C)=O)[C@H](C)C[C@@H]2OC,0.433,/app/jobs/8c9ee94e/WAR_PDB/HER2/6vcu_C_R27.pdb,/app/jobs/8c9ee94e/TARGET_RESULTS/MCS_Output/MCS_SDF/6vcu_C_R27_201.sdf,True
HER2,6vcu,D,R27,202,C=CC[C@@H]1/C=C(\C)C[C@H](C)C[C@H](OC)[C@H]2O[C@@](O)(C(=O)C(=O)N3CCCC[C@H]3C(=O)O[C@H](/C(C)=C/[C@@H]3CC[C@@H](O)[C@H](OC)C3)[C@H](C)[C@@H](O)C/C1=N/NC(C)=O)[C@H](C)C[C@@H]2OC,0.433,/app/jobs/8c9ee94e/WAR_PDB/HER2/6vcu_D_R27.pdb,/app/jobs/8c9ee94e/TARGET_RESULTS/MCS_Output/MCS_SDF/6vcu_D_R27_202.sdf,True
HER2,7nzn,A,VJH,1101,Cc1cc(Nc2cc(-c3cnn(CCN(C)C)c3)nc(Nc3ccc(CC(=O)Nc4cccc(F)c4)cc3)n2)[nH]n1,0.431,/app/jobs/8c9ee94e/WAR_PDB/HER2/7nzn_A_VJH.pdb,/app/jobs/8c9ee94e/TARGET_RESULTS/MCS_Output/MCS_SDF/7nzn_A_VJH_1101.sdf,True
HER2,6p0m,B,NLM,501,O=S(=O)(O)c1ccc(S(=O)(=O)Nc2ncccc2Cl)cc1,0.429,/app/jobs/8c9ee94e/WAR_PDB/HER2/6p0m_B_NLM.pdb,/app/jobs/8c9ee94e/TARGET_RESULTS/MCS_Output/MCS_SDF/6p0m_B_NLM_501.sdf,True
HER2,6ehj,A,MYA,503,CCCCCCCCCCCCCC(=O)SCCNC(=O)CCNC(=O)[C@H](O)C(C)(C)COP(=O)(O)OP(=O)(O)OC[C@H]1O[C@@H](n2cnc3c(N)ncnc32)[C@H](O)[C@@H]1OP(=O)(O)O,0.349,/app/jobs/8c9ee94e/WAR_PDB/HER2/6ehj_A_MYA.pdb,/app/jobs/8c9ee94e/TARGET_RESULTS/MCS_Output/MCS_SDF/6ehj_A_MYA_503.sdf,True
HER2,2prl,A,R2C,400,COc1ccc(Nc2ccc(Oc3ccccc3)cc2)c(C(=O)O)c1,0.32,/app/jobs/8c9ee94e/WAR_PDB/HER2/2prl_A_R2C.pdb,/app/jobs/8c9ee94e/TARGET_RESULTS/MCS_Output/MCS_SDF/2prl_A_R2C_400.sdf,True
HER2,2prl,A,FMN,398,Cc1cc2nc3c(=O)[nH]c(=O)nc-3n(C[C@H](O)[C@H](O)[C@H](O)COP(=O)(O)O)c2cc1C,0.258,/app/jobs/8c9ee94e/WAR_PDB/HER2/2prl_A_FMN.pdb,/app/jobs/8c9ee94e/TARGET_RESULTS/MCS_Output/MCS_SDF/2prl_A_FMN_398.sdf,True
HER2,5vyy,A,9QY,301,COC(=O)c1c(O)cc(O)c(Cl)c1CCc1nccn1Cc1ccccc1,0.239,/app/jobs/8c9ee94e/WAR_PDB/HER2/5vyy_A_9QY.pdb,/app/jobs/8c9ee94e/TARGET_RESULTS/MCS_Output/MCS_SDF/5vyy_A_9QY_301.sdf,True
HER2,8ouu,B,W49,1405,C#Cc1n[nH]c2c(-c3cn([C@@H](C)c4ccccc4)c(=O)[nH]c3=O)cc(F)cc12,0.071,/app/jobs/8c9ee94e/WAR_PDB/HER2/8ouu_B_W49.pdb,/app/jobs/8c9ee94e/TARGET_RESULTS/MCS_Output/MCS_SDF/8ouu_B_W49_1405.sdf,True
HER2,8ouu,A,W49,1404,C#Cc1n[nH]c2c(-c3cn([C@@H](C)c4ccccc4)c(=O)[nH]c3=O)cc(F)cc12,0.036,/app/jobs/8c9ee94e/WAR_PDB/HER2/8ouu_A_W49.pdb,/app/jobs/8c9ee94e/TARGET_RESULTS/MCS_Output/MCS_SDF/8ouu_A_W49_1404.sdf,True
HER2,4d1o,A,GD,1482,,0.0,/app/jobs/8c9ee94e/WAR_PDB/HER2/4d1o_A_GD.pdb,/app/jobs/8c9ee94e/TARGET_RESULTS/MCS_Output/MCS_SDF/4d1o_A_GD_1482.sdf,True
HER2,4d1o,B,GD,1482,,0.0,/app/jobs/8c9ee94e/WAR_PDB/HER2/4d1o_B_GD.pdb,/app/jobs/8c9ee94e/TARGET_RESULTS/MCS_Output/MCS_SDF/4d1o_B_GD_1482.sdf,True
HER2,9cw7,A,GD3,510,,0.0,/app/jobs/8c9ee94e/WAR_PDB/HER2/9cw7_A_GD3.pdb,/app/jobs/8c9ee94e/TARGET_RESULTS/MCS_Output/MCS_SDF/9cw7_A_GD3_510.sdf,True
HER2,9cw7,B,GD3,509,,0.0,/app/jobs/8c9ee94e/WAR_PDB/HER2/9cw7_B_GD3.pdb,/app/jobs/8c9ee94e/TARGET_RESULTS/MCS_Output/MCS_SDF/9cw7_B_GD3_509.sdf,True
HER2,9cw7,D,GD3,509,,0.0,/app/jobs/8c9ee94e/WAR_PDB/HER2/9cw7_D_GD3.pdb,/app/jobs/8c9ee94e/TARGET_RESULTS/MCS_Output/MCS_SDF/9cw7_D_GD3_509.sdf,True
HER2,9cwk,A,GD3,511,,0.0,/app/jobs/8c9ee94e/WAR_PDB/HER2/9cwk_A_GD3.pdb,/app/jobs/8c9ee94e/TARGET_RESULTS/MCS_Output/MCS_SDF/9cwk_A_GD3_511.sdf,True
HER2,9cwk,B,GD3,509,,0.0,/app/jobs/8c9ee94e/WAR_PDB/HER2/9cwk_B_GD3.pdb,/app/jobs/8c9ee94e/TARGET_RESULTS/MCS_Output/MCS_SDF/9cwk_B_GD3_509.sdf,True
HER2,9cwk,C,GD3,509,,0.0,/app/jobs/8c9ee94e/WAR_PDB/HER2/9cwk_C_GD3.pdb,/app/jobs/8c9ee94e/TARGET_RESULTS/MCS_Output/MCS_SDF/9cwk_C_GD3_509.sdf,True
HER2,9cwk,D,GD3,509,,0.0,/app/jobs/8c9ee94e/WAR_PDB/HER2/9cwk_D_GD3.pdb,/app/jobs/8c9ee94e/TARGET_RESULTS/MCS_Output/MCS_SDF/9cwk_D_GD3_509.sdf,True
HER2,9mwn,A,GD,509,,0.0,/app/jobs/8c9ee94e/WAR_PDB/HER2/9mwn_A_GD.pdb,/app/jobs/8c9ee94e/TARGET_RESULTS/MCS_Output/MCS_SDF/9mwn_A_GD_509.sdf,True
HER2,9mwn,B,GD,508,,0.0,/app/jobs/8c9ee94e/WAR_PDB/HER2/9mwn_B_GD.pdb,/app/jobs/8c9ee94e/TARGET_RESULTS/MCS_Output/MCS_SDF/9mwn_B_GD_508.sdf,True
HER2,9mwn,D,GD,509,,0.0,/app/jobs/8c9ee94e/WAR_PDB/HER2/9mwn_D_GD.pdb,/app/jobs/8c9ee94e/TARGET_RESULTS/MCS_Output/MCS_SDF/9mwn_D_GD_509.sdf,True
HER2,9mwp,A,GD,511,,0.0,/app/jobs/8c9ee94e/WAR_PDB/HER2/9mwp_A_GD.pdb,/app/jobs/8c9ee94e/TARGET_RESULTS/MCS_Output/MCS_SDF/9mwp_A_GD_511.sdf,True
HER2,9mwp,B,GD,511,,0.0,/app/jobs/8c9ee94e/WAR_PDB/HER2/9mwp_B_GD.pdb,/app/jobs/8c9ee94e/TARGET_RESULTS/MCS_Output/MCS_SDF/9mwp_B_GD_511.sdf,True
HER2,9mwr,A,GD,511,,0.0,/app/jobs/8c9ee94e/WAR_PDB/HER2/9mwr_A_GD.pdb,/app/jobs/8c9ee94e/TARGET_RESULTS/MCS_Output/MCS_SDF/9mwr_A_GD_511.sdf,True
HER2,9mwr,B,GD,509,,0.0,/app/jobs/8c9ee94e/WAR_PDB/HER2/9mwr_B_GD.pdb,/app/jobs/8c9ee94e/TARGET_RESULTS/MCS_Output/MCS_SDF/9mwr_B_GD_509.sdf,True
HER2,9mwr,C,GD,510,,0.0,/app/jobs/8c9ee94e/WAR_PDB/HER2/9mwr_C_GD.pdb,/app/jobs/8c9ee94e/TARGET_RESULTS/MCS_Output/MCS_SDF/9mwr_C_GD_510.sdf,True
HER2,9mwr,D,GD,509,,0.0,/app/jobs/8c9ee94e/WAR_PDB/HER2/9mwr_D_GD.pdb,/app/jobs/8c9ee94e/TARGET_RESULTS/MCS_Output/MCS_SDF/9mwr_D_GD_509.sdf,True
HER2,9mwt,A,GD,508,,0.0,/app/jobs/8c9ee94e/WAR_PDB/HER2/9mwt_A_GD.pdb,/app/jobs/8c9ee94e/TARGET_RESULTS/MCS_Output/MCS_SDF/9mwt_A_GD_508.sdf,True
HER2,9mwt,B,GD,508,,0.0,/app/jobs/8c9ee94e/WAR_PDB/HER2/9mwt_B_GD.pdb,/app/jobs/8c9ee94e/TARGET_RESULTS/MCS_Output/MCS_SDF/9mwt_B_GD_508.sdf,True
HER2,9mwt,C,GD,509,,0.0,/app/jobs/8c9ee94e/WAR_PDB/HER2/9mwt_C_GD.pdb,/app/jobs/8c9ee94e/TARGET_RESULTS/MCS_Output/MCS_SDF/9mwt_C_GD_509.sdf,True
HER2,9mwt,D,GD,510,,0.0,/app/jobs/8c9ee94e/WAR_PDB/HER2/9mwt_D_GD.pdb,/app/jobs/8c9ee94e/TARGET_RESULTS/MCS_Output/MCS_SDF/9mwt_D_GD_510.sdf,True
HER2,9mwu,A,GD,511,,0.0,/app/jobs/8c9ee94e/WAR_PDB/HER2/9mwu_A_GD.pdb,/app/jobs/8c9ee94e/TARGET_RESULTS/MCS_Output/MCS_SDF/9mwu_A_GD_511.sdf,True
HER2,9mwu,B,GD,510,,0.0,/app/jobs/8c9ee94e/WAR_PDB/HER2/9mwu_B_GD.pdb,/app/jobs/8c9ee94e/TARGET_RESULTS/MCS_Output/MCS_SDF/9mwu_B_GD_510.sdf,True
HER2,9mwv,A,GD,511,,0.0,/app/jobs/8c9ee94e/WAR_PDB/HER2/9mwv_A_GD.pdb,/app/jobs/8c9ee94e/TARGET_RESULTS/MCS_Output/MCS_SDF/9mwv_A_GD_511.sdf,True
HER2,9mwv,B,GD,511,,0.0,/app/jobs/8c9ee94e/WAR_PDB/HER2/9mwv_B_GD.pdb,/app/jobs/8c9ee94e/TARGET_RESULTS/MCS_Output/MCS_SDF/9mwv_B_GD_511.sdf,True
HER2,9mwv,D,GD,510,,0.0,/app/jobs/8c9ee94e/WAR_PDB/HER2/9mwv_D_GD.pdb,/app/jobs/8c9ee94e/TARGET_RESULTS/MCS_Output/MCS_SDF/9mwv_D_GD_510.sdf,True
HER2,9mww,B,GD,510,,0.0,/app/jobs/8c9ee94e/WAR_PDB/HER2/9mww_B_GD.pdb,/app/jobs/8c9ee94e/TARGET_RESULTS/MCS_Output/MCS_SDF/9mww_B_GD_510.sdf,True
HER2,9mww,C,GD,511,,0.0,/app/jobs/8c9ee94e/WAR_PDB/HER2/9mww_C_GD.pdb,/app/jobs/8c9ee94e/TARGET_RESULTS/MCS_Output/MCS_SDF/9mww_C_GD_511.sdf,True
HER2,9mww,D,GD,501,,0.0,/app/jobs/8c9ee94e/WAR_PDB/HER2/9mww_D_GD.pdb,/app/jobs/8c9ee94e/TARGET_RESULTS/MCS_Output/MCS_SDF/9mww_D_GD_501.sdf,True
HER2,9mz3,A,GD,512,,0.0,/app/jobs/8c9ee94e/WAR_PDB/HER2/9mz3_A_GD.pdb,/app/jobs/8c9ee94e/TARGET_RESULTS/MCS_Output/MCS_SDF/9mz3_A_GD_512.sdf,True
HER2,9mz3,B,GD,510,,0.0,/app/jobs/8c9ee94e/WAR_PDB/HER2/9mz3_B_GD.pdb,/app/jobs/8c9ee94e/TARGET_RESULTS/MCS_Output/MCS_SDF/9mz3_B_GD_510.sdf,True
HER2,9mz3,C,GD,511,,0.0,/app/jobs/8c9ee94e/WAR_PDB/HER2/9mz3_C_GD.pdb,/app/jobs/8c9ee94e/TARGET_RESULTS/MCS_Output/MCS_SDF/9mz3_C_GD_511.sdf,True
HER2,9mz3,D,GD,511,,0.0,/app/jobs/8c9ee94e/WAR_PDB/HER2/9mz3_D_GD.pdb,/app/jobs/8c9ee94e/TARGET_RESULTS/MCS_Output/MCS_SDF/9mz3_D_GD_511.sdf,True
