pdb_id,requested_pdb_id,target,source,query,download_url,status,intended_path,actual_path,exists,size_bytes,error,downloaded_at
2oqb,2OQB,PRMT4,rcsb,Histone-arginine methyltransferase CARM1 5'-{[2-(benzylcarbamamido)ethyl][3-(N'-cyclopentylcarbamimidamido)propyl]amino}-5'-deoxyadenosine I1K CALCIUM ION CA bound inhibitor Homo sapiens,https://files.rcsb.org/download/2OQB.cif,verified,WAR/PRMT4/2oqb.cif,WAR/PRMT4/2oqb.cif,true,239283,,2026-06-05T08:10:29Z
3b3g,3B3G,PRMT4,rcsb,Histone-arginine methyltransferase CARM1 5'-{[2-(benzylcarbamamido)ethyl][3-(N'-cyclopentylcarbamimidamido)propyl]amino}-5'-deoxyadenosine I1K CALCIUM ION CA bound inhibitor Homo sapiens,https://files.rcsb.org/download/3B3G.cif,verified,WAR/PRMT4/3b3g.cif,WAR/PRMT4/3b3g.cif,true,556691,,2026-06-05T08:10:29Z
3b3j,3B3J,PRMT4,rcsb,Histone-arginine methyltransferase CARM1 5'-{[2-(benzylcarbamamido)ethyl][3-(N'-cyclopentylcarbamimidamido)propyl]amino}-5'-deoxyadenosine I1K CALCIUM ION CA bound inhibitor Homo sapiens,https://files.rcsb.org/download/3B3J.cif,verified,WAR/PRMT4/3b3j.cif,WAR/PRMT4/3b3j.cif,true,331701,,2026-06-05T08:10:29Z
5dwq,5DWQ,PRMT4,rcsb,Histone-arginine methyltransferase CARM1 5'-{[2-(benzylcarbamamido)ethyl][3-(N'-cyclopentylcarbamimidamido)propyl]amino}-5'-deoxyadenosine I1K CALCIUM ION CA bound inhibitor Homo sapiens,https://files.rcsb.org/download/5DWQ.cif,verified,WAR/PRMT4/5dwq.cif,WAR/PRMT4/5dwq.cif,true,1243041,,2026-06-05T08:10:29Z
5dxa,5DXA,PRMT4,rcsb,Histone-arginine methyltransferase CARM1 5'-{[2-(benzylcarbamamido)ethyl][3-(N'-cyclopentylcarbamimidamido)propyl]amino}-5'-deoxyadenosine I1K CALCIUM ION CA bound inhibitor Homo sapiens,https://files.rcsb.org/download/5DXA.cif,verified,WAR/PRMT4/5dxa.cif,WAR/PRMT4/5dxa.cif,true,1294568,,2026-06-05T08:10:29Z
5dxj,5DXJ,PRMT4,rcsb,Histone-arginine methyltransferase CARM1 5'-{[2-(benzylcarbamamido)ethyl][3-(N'-cyclopentylcarbamimidamido)propyl]amino}-5'-deoxyadenosine I1K CALCIUM ION CA bound inhibitor Homo sapiens,https://files.rcsb.org/download/5DXJ.cif,verified,WAR/PRMT4/5dxj.cif,WAR/PRMT4/5dxj.cif,true,1325507,,2026-06-05T08:10:29Z
5dx1,5DX1,PRMT4,rcsb,Histone-arginine methyltransferase CARM1 5'-{[2-(benzylcarbamamido)ethyl][3-(N'-cyclopentylcarbamimidamido)propyl]amino}-5'-deoxyadenosine I1K CALCIUM ION CA bound inhibitor Homo sapiens,https://files.rcsb.org/download/5DX1.cif,verified,WAR/PRMT4/5dx1.cif,WAR/PRMT4/5dx1.cif,true,1304026,,2026-06-05T08:10:29Z
5dx0,5DX0,PRMT4,rcsb,Histone-arginine methyltransferase CARM1 5'-{[2-(benzylcarbamamido)ethyl][3-(N'-cyclopentylcarbamimidamido)propyl]amino}-5'-deoxyadenosine I1K CALCIUM ION CA bound inhibitor Homo sapiens,https://files.rcsb.org/download/5DX0.cif,verified,WAR/PRMT4/5dx0.cif,WAR/PRMT4/5dx0.cif,true,1272325,,2026-06-05T08:10:29Z
3b3f,3B3F,PRMT4,rcsb,Histone-arginine methyltransferase CARM1 5'-{[2-(benzylcarbamamido)ethyl][3-(N'-cyclopentylcarbamimidamido)propyl]amino}-5'-deoxyadenosine I1K CALCIUM ION CA bound inhibitor Homo sapiens,https://files.rcsb.org/download/3B3F.cif,verified,WAR/PRMT4/3b3f.cif,WAR/PRMT4/3b3f.cif,true,1224635,,2026-06-05T08:10:29Z
5dx8,5DX8,PRMT4,rcsb,Histone-arginine methyltransferase CARM1 5'-{[2-(benzylcarbamamido)ethyl][3-(N'-cyclopentylcarbamimidamido)propyl]amino}-5'-deoxyadenosine I1K CALCIUM ION CA bound inhibitor Homo sapiens,https://files.rcsb.org/download/5DX8.cif,verified,WAR/PRMT4/5dx8.cif,WAR/PRMT4/5dx8.cif,true,1269645,,2026-06-05T08:10:29Z
4ikp,4IKP,PRMT4,rcsb,Histone-arginine methyltransferase CARM1 5'-{[2-(benzylcarbamamido)ethyl][3-(N'-cyclopentylcarbamimidamido)propyl]amino}-5'-deoxyadenosine I1K CALCIUM ION CA bound inhibitor Homo sapiens,https://files.rcsb.org/download/4IKP.cif,verified,WAR/PRMT4/4ikp.cif,WAR/PRMT4/4ikp.cif,true,1269537,,2026-06-05T08:10:29Z
5ih3,5IH3,PRMT4,rcsb,Histone-arginine methyltransferase CARM1 5'-{[2-(benzylcarbamamido)ethyl][3-(N'-cyclopentylcarbamimidamido)propyl]amino}-5'-deoxyadenosine I1K CALCIUM ION CA bound inhibitor Homo sapiens,https://files.rcsb.org/download/5IH3.cif,verified,WAR/PRMT4/5ih3.cif,WAR/PRMT4/5ih3.cif,true,3399799,,2026-06-05T08:10:29Z
5is8,5IS8,PRMT4,rcsb,Histone-arginine methyltransferase CARM1 5'-{[2-(benzylcarbamamido)ethyl][3-(N'-cyclopentylcarbamimidamido)propyl]amino}-5'-deoxyadenosine I1K CALCIUM ION CA bound inhibitor Homo sapiens,https://files.rcsb.org/download/5IS8.cif,verified,WAR/PRMT4/5is8.cif,WAR/PRMT4/5is8.cif,true,3216597,,2026-06-05T08:10:29Z
5is7,5IS7,PRMT4,rcsb,Histone-arginine methyltransferase CARM1 5'-{[2-(benzylcarbamamido)ethyl][3-(N'-cyclopentylcarbamimidamido)propyl]amino}-5'-deoxyadenosine I1K CALCIUM ION CA bound inhibitor Homo sapiens,https://files.rcsb.org/download/5IS7.cif,verified,WAR/PRMT4/5is7.cif,WAR/PRMT4/5is7.cif,true,3199962,,2026-06-05T08:10:29Z
5is6,5IS6,PRMT4,rcsb,Histone-arginine methyltransferase CARM1 5'-{[2-(benzylcarbamamido)ethyl][3-(N'-cyclopentylcarbamimidamido)propyl]amino}-5'-deoxyadenosine I1K CALCIUM ION CA bound inhibitor Homo sapiens,https://files.rcsb.org/download/5IS6.cif,verified,WAR/PRMT4/5is6.cif,WAR/PRMT4/5is6.cif,true,3409005,,2026-06-05T08:10:29Z
5isb,5ISB,PRMT4,rcsb,Histone-arginine methyltransferase CARM1 5'-{[2-(benzylcarbamamido)ethyl][3-(N'-cyclopentylcarbamimidamido)propyl]amino}-5'-deoxyadenosine I1K CALCIUM ION CA bound inhibitor Homo sapiens,https://files.rcsb.org/download/5ISB.cif,verified,WAR/PRMT4/5isb.cif,WAR/PRMT4/5isb.cif,true,3381728,,2026-06-05T08:10:29Z
5isa,5ISA,PRMT4,rcsb,Histone-arginine methyltransferase CARM1 5'-{[2-(benzylcarbamamido)ethyl][3-(N'-cyclopentylcarbamimidamido)propyl]amino}-5'-deoxyadenosine I1K CALCIUM ION CA bound inhibitor Homo sapiens,https://files.rcsb.org/download/5ISA.cif,verified,WAR/PRMT4/5isa.cif,WAR/PRMT4/5isa.cif,true,3217673,,2026-06-05T08:10:29Z
5is9,5IS9,PRMT4,rcsb,Histone-arginine methyltransferase CARM1 5'-{[2-(benzylcarbamamido)ethyl][3-(N'-cyclopentylcarbamimidamido)propyl]amino}-5'-deoxyadenosine I1K CALCIUM ION CA bound inhibitor Homo sapiens,https://files.rcsb.org/download/5IS9.cif,verified,WAR/PRMT4/5is9.cif,WAR/PRMT4/5is9.cif,true,3255445,,2026-06-05T08:10:29Z
5isd,5ISD,PRMT4,rcsb,Histone-arginine methyltransferase CARM1 5'-{[2-(benzylcarbamamido)ethyl][3-(N'-cyclopentylcarbamimidamido)propyl]amino}-5'-deoxyadenosine I1K CALCIUM ION CA bound inhibitor Homo sapiens,https://files.rcsb.org/download/5ISD.cif,verified,WAR/PRMT4/5isd.cif,WAR/PRMT4/5isd.cif,true,3203932,,2026-06-05T08:10:29Z
5isc,5ISC,PRMT4,rcsb,Histone-arginine methyltransferase CARM1 5'-{[2-(benzylcarbamamido)ethyl][3-(N'-cyclopentylcarbamimidamido)propyl]amino}-5'-deoxyadenosine I1K CALCIUM ION CA bound inhibitor Homo sapiens,https://files.rcsb.org/download/5ISC.cif,verified,WAR/PRMT4/5isc.cif,WAR/PRMT4/5isc.cif,true,3225670,,2026-06-05T08:10:29Z
5isg,5ISG,PRMT4,rcsb,Histone-arginine methyltransferase CARM1 5'-{[2-(benzylcarbamamido)ethyl][3-(N'-cyclopentylcarbamimidamido)propyl]amino}-5'-deoxyadenosine I1K CALCIUM ION CA bound inhibitor Homo sapiens,https://files.rcsb.org/download/5ISG.cif,verified,WAR/PRMT4/5isg.cif,WAR/PRMT4/5isg.cif,true,3191275,,2026-06-05T08:10:29Z
5isf,5ISF,PRMT4,rcsb,Histone-arginine methyltransferase CARM1 5'-{[2-(benzylcarbamamido)ethyl][3-(N'-cyclopentylcarbamimidamido)propyl]amino}-5'-deoxyadenosine I1K CALCIUM ION CA bound inhibitor Homo sapiens,https://files.rcsb.org/download/5ISF.cif,verified,WAR/PRMT4/5isf.cif,WAR/PRMT4/5isf.cif,true,3308749,,2026-06-05T08:10:29Z
5ise,5ISE,PRMT4,rcsb,Histone-arginine methyltransferase CARM1 5'-{[2-(benzylcarbamamido)ethyl][3-(N'-cyclopentylcarbamimidamido)propyl]amino}-5'-deoxyadenosine I1K CALCIUM ION CA bound inhibitor Homo sapiens,https://files.rcsb.org/download/5ISE.cif,verified,WAR/PRMT4/5ise.cif,WAR/PRMT4/5ise.cif,true,3337474,,2026-06-05T08:10:29Z
5ish,5ISH,PRMT4,rcsb,Histone-arginine methyltransferase CARM1 5'-{[2-(benzylcarbamamido)ethyl][3-(N'-cyclopentylcarbamimidamido)propyl]amino}-5'-deoxyadenosine I1K CALCIUM ION CA bound inhibitor Homo sapiens,https://files.rcsb.org/download/5ISH.cif,verified,WAR/PRMT4/5ish.cif,WAR/PRMT4/5ish.cif,true,3261426,,2026-06-05T08:10:29Z
5isi,5ISI,PRMT4,rcsb,Histone-arginine methyltransferase CARM1 5'-{[2-(benzylcarbamamido)ethyl][3-(N'-cyclopentylcarbamimidamido)propyl]amino}-5'-deoxyadenosine I1K CALCIUM ION CA bound inhibitor Homo sapiens,https://files.rcsb.org/download/5ISI.cif,verified,WAR/PRMT4/5isi.cif,WAR/PRMT4/5isi.cif,true,3129074,,2026-06-05T08:10:29Z
5k8w,5K8W,PRMT4,rcsb,Histone-arginine methyltransferase CARM1 5'-{[2-(benzylcarbamamido)ethyl][3-(N'-cyclopentylcarbamimidamido)propyl]amino}-5'-deoxyadenosine I1K CALCIUM ION CA bound inhibitor Homo sapiens,https://files.rcsb.org/download/5K8W.cif,verified,WAR/PRMT4/5k8w.cif,WAR/PRMT4/5k8w.cif,true,3424119,,2026-06-05T08:10:29Z
5k8v,5K8V,PRMT4,rcsb,Histone-arginine methyltransferase CARM1 5'-{[2-(benzylcarbamamido)ethyl][3-(N'-cyclopentylcarbamimidamido)propyl]amino}-5'-deoxyadenosine I1K CALCIUM ION CA bound inhibitor Homo sapiens,https://files.rcsb.org/download/5K8V.cif,verified,WAR/PRMT4/5k8v.cif,WAR/PRMT4/5k8v.cif,true,3293250,,2026-06-05T08:10:29Z
5k8x,5K8X,PRMT4,rcsb,Histone-arginine methyltransferase CARM1 5'-{[2-(benzylcarbamamido)ethyl][3-(N'-cyclopentylcarbamimidamido)propyl]amino}-5'-deoxyadenosine I1K CALCIUM ION CA bound inhibitor Homo sapiens,https://files.rcsb.org/download/5K8X.cif,verified,WAR/PRMT4/5k8x.cif,WAR/PRMT4/5k8x.cif,true,3339223,,2026-06-05T08:10:29Z
5lgp,5LGP,PRMT4,rcsb,Histone-arginine methyltransferase CARM1 5'-{[2-(benzylcarbamamido)ethyl][3-(N'-cyclopentylcarbamimidamido)propyl]amino}-5'-deoxyadenosine I1K CALCIUM ION CA bound inhibitor Homo sapiens,https://files.rcsb.org/download/5LGP.cif,verified,WAR/PRMT4/5lgp.cif,WAR/PRMT4/5lgp.cif,true,3234637,,2026-06-05T08:10:29Z
5lgq,5LGQ,PRMT4,rcsb,Histone-arginine methyltransferase CARM1 5'-{[2-(benzylcarbamamido)ethyl][3-(N'-cyclopentylcarbamimidamido)propyl]amino}-5'-deoxyadenosine I1K CALCIUM ION CA bound inhibitor Homo sapiens,https://files.rcsb.org/download/5LGQ.cif,verified,WAR/PRMT4/5lgq.cif,WAR/PRMT4/5lgq.cif,true,3344258,,2026-06-05T08:10:29Z
5lgr,5LGR,PRMT4,rcsb,Histone-arginine methyltransferase CARM1 5'-{[2-(benzylcarbamamido)ethyl][3-(N'-cyclopentylcarbamimidamido)propyl]amino}-5'-deoxyadenosine I1K CALCIUM ION CA bound inhibitor Homo sapiens,https://files.rcsb.org/download/5LGR.cif,verified,WAR/PRMT4/5lgr.cif,WAR/PRMT4/5lgr.cif,true,3355842,,2026-06-05T08:10:29Z
5lgs,5LGS,PRMT4,rcsb,Histone-arginine methyltransferase CARM1 5'-{[2-(benzylcarbamamido)ethyl][3-(N'-cyclopentylcarbamimidamido)propyl]amino}-5'-deoxyadenosine I1K CALCIUM ION CA bound inhibitor Homo sapiens,https://files.rcsb.org/download/5LGS.cif,verified,WAR/PRMT4/5lgs.cif,WAR/PRMT4/5lgs.cif,true,3304644,,2026-06-05T08:10:29Z
5lkj,5LKJ,PRMT4,rcsb,Histone-arginine methyltransferase CARM1 5'-{[2-(benzylcarbamamido)ethyl][3-(N'-cyclopentylcarbamimidamido)propyl]amino}-5'-deoxyadenosine I1K CALCIUM ION CA bound inhibitor Homo sapiens,https://files.rcsb.org/download/5LKJ.cif,verified,WAR/PRMT4/5lkj.cif,WAR/PRMT4/5lkj.cif,true,3346126,,2026-06-05T08:10:29Z
5lv3,5LV3,PRMT4,rcsb,Histone-arginine methyltransferase CARM1 5'-{[2-(benzylcarbamamido)ethyl][3-(N'-cyclopentylcarbamimidamido)propyl]amino}-5'-deoxyadenosine I1K CALCIUM ION CA bound inhibitor Homo sapiens,https://files.rcsb.org/download/5LV3.cif,verified,WAR/PRMT4/5lv3.cif,WAR/PRMT4/5lv3.cif,true,3349493,,2026-06-05T08:10:29Z
6dvr,6DVR,PRMT4,rcsb,Histone-arginine methyltransferase CARM1 5'-{[2-(benzylcarbamamido)ethyl][3-(N'-cyclopentylcarbamimidamido)propyl]amino}-5'-deoxyadenosine I1K CALCIUM ION CA bound inhibitor Homo sapiens,https://files.rcsb.org/download/6DVR.cif,verified,WAR/PRMT4/6dvr.cif,WAR/PRMT4/6dvr.cif,true,668680,,2026-06-05T08:10:30Z
6arj,6ARJ,PRMT4,rcsb,Histone-arginine methyltransferase CARM1 5'-{[2-(benzylcarbamamido)ethyl][3-(N'-cyclopentylcarbamimidamido)propyl]amino}-5'-deoxyadenosine I1K CALCIUM ION CA bound inhibitor Homo sapiens,https://files.rcsb.org/download/6ARJ.cif,verified,WAR/PRMT4/6arj.cif,WAR/PRMT4/6arj.cif,true,1350617,,2026-06-05T08:10:30Z
5u4x,5U4X,PRMT4,rcsb,Histone-arginine methyltransferase CARM1 5'-{[2-(benzylcarbamamido)ethyl][3-(N'-cyclopentylcarbamimidamido)propyl]amino}-5'-deoxyadenosine I1K CALCIUM ION CA bound inhibitor Homo sapiens,https://files.rcsb.org/download/5U4X.cif,verified,WAR/PRMT4/5u4x.cif,WAR/PRMT4/5u4x.cif,true,1284349,,2026-06-05T08:10:30Z
6arv,6ARV,PRMT4,rcsb,Histone-arginine methyltransferase CARM1 5'-{[2-(benzylcarbamamido)ethyl][3-(N'-cyclopentylcarbamimidamido)propyl]amino}-5'-deoxyadenosine I1K CALCIUM ION CA bound inhibitor Homo sapiens,https://files.rcsb.org/download/6ARV.cif,verified,WAR/PRMT4/6arv.cif,WAR/PRMT4/6arv.cif,true,1319930,,2026-06-05T08:10:30Z
6izq,6IZQ,PRMT4,rcsb,Histone-arginine methyltransferase CARM1 5'-{[2-(benzylcarbamamido)ethyl][3-(N'-cyclopentylcarbamimidamido)propyl]amino}-5'-deoxyadenosine I1K CALCIUM ION CA bound inhibitor Homo sapiens,https://files.rcsb.org/download/6IZQ.cif,verified,WAR/PRMT4/6izq.cif,WAR/PRMT4/6izq.cif,true,1081090,,2026-06-05T08:10:30Z
5ntc,5NTC,PRMT4,rcsb,Histone-arginine methyltransferase CARM1 5'-{[2-(benzylcarbamamido)ethyl][3-(N'-cyclopentylcarbamimidamido)propyl]amino}-5'-deoxyadenosine I1K CALCIUM ION CA bound inhibitor Homo sapiens,https://files.rcsb.org/download/5NTC.cif,verified,WAR/PRMT4/5ntc.cif,WAR/PRMT4/5ntc.cif,true,3214661,,2026-06-05T08:10:30Z
6d2l,6D2L,PRMT4,rcsb,Histone-arginine methyltransferase CARM1 5'-{[2-(benzylcarbamamido)ethyl][3-(N'-cyclopentylcarbamimidamido)propyl]amino}-5'-deoxyadenosine I1K CALCIUM ION CA bound inhibitor Homo sapiens,https://files.rcsb.org/download/6D2L.cif,verified,WAR/PRMT4/6d2l.cif,WAR/PRMT4/6d2l.cif,true,1748683,,2026-06-05T08:10:30Z
5tbj,5TBJ,PRMT4,rcsb,Histone-arginine methyltransferase CARM1 5'-{[2-(benzylcarbamamido)ethyl][3-(N'-cyclopentylcarbamimidamido)propyl]amino}-5'-deoxyadenosine I1K CALCIUM ION CA bound inhibitor Homo sapiens,https://files.rcsb.org/download/5TBJ.cif,verified,WAR/PRMT4/5tbj.cif,WAR/PRMT4/5tbj.cif,true,3241216,,2026-06-05T08:10:30Z
5tbh,5TBH,PRMT4,rcsb,Histone-arginine methyltransferase CARM1 5'-{[2-(benzylcarbamamido)ethyl][3-(N'-cyclopentylcarbamimidamido)propyl]amino}-5'-deoxyadenosine I1K CALCIUM ION CA bound inhibitor Homo sapiens,https://files.rcsb.org/download/5TBH.cif,verified,WAR/PRMT4/5tbh.cif,WAR/PRMT4/5tbh.cif,true,3286689,,2026-06-05T08:10:30Z
6s70,6S70,PRMT4,rcsb,Histone-arginine methyltransferase CARM1 5'-{[2-(benzylcarbamamido)ethyl][3-(N'-cyclopentylcarbamimidamido)propyl]amino}-5'-deoxyadenosine I1K CALCIUM ION CA bound inhibitor Homo sapiens,https://files.rcsb.org/download/6S70.cif,verified,WAR/PRMT4/6s70.cif,WAR/PRMT4/6s70.cif,true,2173839,,2026-06-05T08:10:30Z
5tbi,5TBI,PRMT4,rcsb,Histone-arginine methyltransferase CARM1 5'-{[2-(benzylcarbamamido)ethyl][3-(N'-cyclopentylcarbamimidamido)propyl]amino}-5'-deoxyadenosine I1K CALCIUM ION CA bound inhibitor Homo sapiens,https://files.rcsb.org/download/5TBI.cif,verified,WAR/PRMT4/5tbi.cif,WAR/PRMT4/5tbi.cif,true,3308283,,2026-06-05T08:10:30Z
6s71,6S71,PRMT4,rcsb,Histone-arginine methyltransferase CARM1 5'-{[2-(benzylcarbamamido)ethyl][3-(N'-cyclopentylcarbamimidamido)propyl]amino}-5'-deoxyadenosine I1K CALCIUM ION CA bound inhibitor Homo sapiens,https://files.rcsb.org/download/6S71.cif,verified,WAR/PRMT4/6s71.cif,WAR/PRMT4/6s71.cif,true,2222900,,2026-06-05T08:10:30Z
5lv2,5LV2,PRMT4,rcsb,Histone-arginine methyltransferase CARM1 5'-{[2-(benzylcarbamamido)ethyl][3-(N'-cyclopentylcarbamimidamido)propyl]amino}-5'-deoxyadenosine I1K CALCIUM ION CA bound inhibitor Homo sapiens,https://files.rcsb.org/download/5LV2.cif,verified,WAR/PRMT4/5lv2.cif,WAR/PRMT4/5lv2.cif,true,6727769,,2026-06-05T08:10:29Z
6s77,6S77,PRMT4,rcsb,Histone-arginine methyltransferase CARM1 5'-{[2-(benzylcarbamamido)ethyl][3-(N'-cyclopentylcarbamimidamido)propyl]amino}-5'-deoxyadenosine I1K CALCIUM ION CA bound inhibitor Homo sapiens,https://files.rcsb.org/download/6S77.cif,verified,WAR/PRMT4/6s77.cif,WAR/PRMT4/6s77.cif,true,2182299,,2026-06-05T08:10:30Z
6s79,6S79,PRMT4,rcsb,Histone-arginine methyltransferase CARM1 5'-{[2-(benzylcarbamamido)ethyl][3-(N'-cyclopentylcarbamimidamido)propyl]amino}-5'-deoxyadenosine I1K CALCIUM ION CA bound inhibitor Homo sapiens,https://files.rcsb.org/download/6S79.cif,verified,WAR/PRMT4/6s79.cif,WAR/PRMT4/6s79.cif,true,2173299,,2026-06-05T08:10:30Z
6s74,6S74,PRMT4,rcsb,Histone-arginine methyltransferase CARM1 5'-{[2-(benzylcarbamamido)ethyl][3-(N'-cyclopentylcarbamimidamido)propyl]amino}-5'-deoxyadenosine I1K CALCIUM ION CA bound inhibitor Homo sapiens,https://files.rcsb.org/download/6S74.cif,verified,WAR/PRMT4/6s74.cif,WAR/PRMT4/6s74.cif,true,2192880,,2026-06-05T08:10:30Z
6s7b,6S7B,PRMT4,rcsb,Histone-arginine methyltransferase CARM1 5'-{[2-(benzylcarbamamido)ethyl][3-(N'-cyclopentylcarbamimidamido)propyl]amino}-5'-deoxyadenosine I1K CALCIUM ION CA bound inhibitor Homo sapiens,https://files.rcsb.org/download/6S7B.cif,verified,WAR/PRMT4/6s7b.cif,WAR/PRMT4/6s7b.cif,true,2129323,,2026-06-05T08:10:30Z
6s7a,6S7A,PRMT4,rcsb,Histone-arginine methyltransferase CARM1 5'-{[2-(benzylcarbamamido)ethyl][3-(N'-cyclopentylcarbamimidamido)propyl]amino}-5'-deoxyadenosine I1K CALCIUM ION CA bound inhibitor Homo sapiens,https://files.rcsb.org/download/6S7A.cif,verified,WAR/PRMT4/6s7a.cif,WAR/PRMT4/6s7a.cif,true,2199165,,2026-06-05T08:10:30Z
7nr4,7NR4,PRMT4,rcsb,Histone-arginine methyltransferase CARM1 5'-{[2-(benzylcarbamamido)ethyl][3-(N'-cyclopentylcarbamimidamido)propyl]amino}-5'-deoxyadenosine I1K CALCIUM ION CA bound inhibitor Homo sapiens,https://files.rcsb.org/download/7NR4.cif,verified,WAR/PRMT4/7nr4.cif,WAR/PRMT4/7nr4.cif,true,1244202,,2026-06-05T08:10:30Z
7faj,7FAJ,PRMT4,rcsb,Histone-arginine methyltransferase CARM1 5'-{[2-(benzylcarbamamido)ethyl][3-(N'-cyclopentylcarbamimidamido)propyl]amino}-5'-deoxyadenosine I1K CALCIUM ION CA bound inhibitor Homo sapiens,https://files.rcsb.org/download/7FAJ.cif,verified,WAR/PRMT4/7faj.cif,WAR/PRMT4/7faj.cif,true,1223923,,2026-06-05T08:10:30Z
7fai,7FAI,PRMT4,rcsb,Histone-arginine methyltransferase CARM1 5'-{[2-(benzylcarbamamido)ethyl][3-(N'-cyclopentylcarbamimidamido)propyl]amino}-5'-deoxyadenosine I1K CALCIUM ION CA bound inhibitor Homo sapiens,https://files.rcsb.org/download/7FAI.cif,verified,WAR/PRMT4/7fai.cif,WAR/PRMT4/7fai.cif,true,1247808,,2026-06-05T08:10:30Z
6s7c,6S7C,PRMT4,rcsb,Histone-arginine methyltransferase CARM1 5'-{[2-(benzylcarbamamido)ethyl][3-(N'-cyclopentylcarbamimidamido)propyl]amino}-5'-deoxyadenosine I1K CALCIUM ION CA bound inhibitor Homo sapiens,https://files.rcsb.org/download/6S7C.cif,verified,WAR/PRMT4/6s7c.cif,WAR/PRMT4/6s7c.cif,true,2154504,,2026-06-05T08:10:30Z
7u9i,7U9I,PRMT4,rcsb,Histone-arginine methyltransferase CARM1 5'-{[2-(benzylcarbamamido)ethyl][3-(N'-cyclopentylcarbamimidamido)propyl]amino}-5'-deoxyadenosine I1K CALCIUM ION CA bound inhibitor Homo sapiens,https://files.rcsb.org/download/7U9I.cif,verified,WAR/PRMT4/7u9i.cif,WAR/PRMT4/7u9i.cif,true,614799,,2026-06-05T08:10:30Z
8g2h,8G2H,PRMT4,rcsb,Histone-arginine methyltransferase CARM1 5'-{[2-(benzylcarbamamido)ethyl][3-(N'-cyclopentylcarbamimidamido)propyl]amino}-5'-deoxyadenosine I1K CALCIUM ION CA bound inhibitor Homo sapiens,https://files.rcsb.org/download/8G2H.cif,verified,WAR/PRMT4/8g2h.cif,WAR/PRMT4/8g2h.cif,true,386899,,2026-06-05T08:10:30Z
8g2i,8G2I,PRMT4,rcsb,Histone-arginine methyltransferase CARM1 5'-{[2-(benzylcarbamamido)ethyl][3-(N'-cyclopentylcarbamimidamido)propyl]amino}-5'-deoxyadenosine I1K CALCIUM ION CA bound inhibitor Homo sapiens,https://files.rcsb.org/download/8G2I.cif,verified,WAR/PRMT4/8g2i.cif,WAR/PRMT4/8g2i.cif,true,349425,,2026-06-05T08:10:30Z
7okp,7OKP,PRMT4,rcsb,Histone-arginine methyltransferase CARM1 5'-{[2-(benzylcarbamamido)ethyl][3-(N'-cyclopentylcarbamimidamido)propyl]amino}-5'-deoxyadenosine I1K CALCIUM ION CA bound inhibitor Homo sapiens,https://files.rcsb.org/download/7OKP.cif,verified,WAR/PRMT4/7okp.cif,WAR/PRMT4/7okp.cif,true,3382701,,2026-06-05T08:10:30Z
7os4,7OS4,PRMT4,rcsb,Histone-arginine methyltransferase CARM1 5'-{[2-(benzylcarbamamido)ethyl][3-(N'-cyclopentylcarbamimidamido)propyl]amino}-5'-deoxyadenosine I1K CALCIUM ION CA bound inhibitor Homo sapiens,https://files.rcsb.org/download/7OS4.cif,verified,WAR/PRMT4/7os4.cif,WAR/PRMT4/7os4.cif,true,2232280,,2026-06-05T08:10:30Z
8sig,8SIG,PRMT4,rcsb,Histone-arginine methyltransferase CARM1 5'-{[2-(benzylcarbamamido)ethyl][3-(N'-cyclopentylcarbamimidamido)propyl]amino}-5'-deoxyadenosine I1K CALCIUM ION CA bound inhibitor Homo sapiens,https://files.rcsb.org/download/8SIG.cif,verified,WAR/PRMT4/8sig.cif,WAR/PRMT4/8sig.cif,true,392530,,2026-06-05T08:10:30Z
7pu8,7PU8,PRMT4,rcsb,Histone-arginine methyltransferase CARM1 5'-{[2-(benzylcarbamamido)ethyl][3-(N'-cyclopentylcarbamimidamido)propyl]amino}-5'-deoxyadenosine I1K CALCIUM ION CA bound inhibitor Homo sapiens,https://files.rcsb.org/download/7PU8.cif,verified,WAR/PRMT4/7pu8.cif,WAR/PRMT4/7pu8.cif,true,3141872,,2026-06-05T08:10:30Z
8uqh,8UQH,PRMT4,rcsb,Histone-arginine methyltransferase CARM1 5'-{[2-(benzylcarbamamido)ethyl][3-(N'-cyclopentylcarbamimidamido)propyl]amino}-5'-deoxyadenosine I1K CALCIUM ION CA bound inhibitor Homo sapiens,https://files.rcsb.org/download/8UQH.cif,verified,WAR/PRMT4/8uqh.cif,WAR/PRMT4/8uqh.cif,true,1327904,,2026-06-05T08:10:30Z
8sih,8SIH,PRMT4,rcsb,Histone-arginine methyltransferase CARM1 5'-{[2-(benzylcarbamamido)ethyl][3-(N'-cyclopentylcarbamimidamido)propyl]amino}-5'-deoxyadenosine I1K CALCIUM ION CA bound inhibitor Homo sapiens,https://files.rcsb.org/download/8SIH.cif,verified,WAR/PRMT4/8sih.cif,WAR/PRMT4/8sih.cif,true,359141,,2026-06-05T08:10:30Z
9i0a,9I0A,PRMT4,rcsb,Histone-arginine methyltransferase CARM1 5'-{[2-(benzylcarbamamido)ethyl][3-(N'-cyclopentylcarbamimidamido)propyl]amino}-5'-deoxyadenosine I1K CALCIUM ION CA bound inhibitor Homo sapiens,https://files.rcsb.org/download/9I0A.cif,verified,WAR/PRMT4/9i0a.cif,WAR/PRMT4/9i0a.cif,true,3325489,,2026-06-05T08:10:30Z
7qrd,7QRD,PRMT4,rcsb,Histone-arginine methyltransferase CARM1 5'-{[2-(benzylcarbamamido)ethyl][3-(N'-cyclopentylcarbamimidamido)propyl]amino}-5'-deoxyadenosine I1K CALCIUM ION CA bound inhibitor Homo sapiens,https://files.rcsb.org/download/7QRD.cif,verified,WAR/PRMT4/7qrd.cif,WAR/PRMT4/7qrd.cif,true,3426297,,2026-06-05T08:10:30Z
7ppy,7PPY,PRMT4,rcsb,Histone-arginine methyltransferase CARM1 5'-{[2-(benzylcarbamamido)ethyl][3-(N'-cyclopentylcarbamimidamido)propyl]amino}-5'-deoxyadenosine I1K CALCIUM ION CA bound inhibitor Homo sapiens,https://files.rcsb.org/download/7PPY.cif,verified,WAR/PRMT4/7ppy.cif,WAR/PRMT4/7ppy.cif,true,3117738,,2026-06-05T08:10:30Z
9i9u,9I9U,PRMT4,rcsb,Histone-arginine methyltransferase CARM1 5'-{[2-(benzylcarbamamido)ethyl][3-(N'-cyclopentylcarbamimidamido)propyl]amino}-5'-deoxyadenosine I1K CALCIUM ION CA bound inhibitor Homo sapiens,https://files.rcsb.org/download/9I9U.cif,verified,WAR/PRMT4/9i9u.cif,WAR/PRMT4/9i9u.cif,true,3317166,,2026-06-05T08:10:30Z
9o6h,9O6H,PRMT4,rcsb,Histone-arginine methyltransferase CARM1 5'-{[2-(benzylcarbamamido)ethyl][3-(N'-cyclopentylcarbamimidamido)propyl]amino}-5'-deoxyadenosine I1K CALCIUM ION CA bound inhibitor Homo sapiens,https://files.rcsb.org/download/9O6H.cif,verified,WAR/PRMT4/9o6h.cif,WAR/PRMT4/9o6h.cif,true,1277586,,2026-06-05T08:10:30Z
9o37,9O37,PRMT4,rcsb,Histone-arginine methyltransferase CARM1 5'-{[2-(benzylcarbamamido)ethyl][3-(N'-cyclopentylcarbamimidamido)propyl]amino}-5'-deoxyadenosine I1K CALCIUM ION CA bound inhibitor Homo sapiens,https://files.rcsb.org/download/9O37.cif,verified,WAR/PRMT4/9o37.cif,WAR/PRMT4/9o37.cif,true,387722,,2026-06-05T08:10:30Z
7pv6,7PV6,PRMT4,rcsb,Histone-arginine methyltransferase CARM1 5'-{[2-(benzylcarbamamido)ethyl][3-(N'-cyclopentylcarbamimidamido)propyl]amino}-5'-deoxyadenosine I1K CALCIUM ION CA bound inhibitor Homo sapiens,https://files.rcsb.org/download/7PV6.cif,verified,WAR/PRMT4/7pv6.cif,WAR/PRMT4/7pv6.cif,true,3231556,,2026-06-05T08:10:30Z
7puc,7PUC,PRMT4,rcsb,Histone-arginine methyltransferase CARM1 5'-{[2-(benzylcarbamamido)ethyl][3-(N'-cyclopentylcarbamimidamido)propyl]amino}-5'-deoxyadenosine I1K CALCIUM ION CA bound inhibitor Homo sapiens,https://files.rcsb.org/download/7PUC.cif,verified,WAR/PRMT4/7puc.cif,WAR/PRMT4/7puc.cif,true,3129463,,2026-06-05T08:10:30Z
7ppq,7PPQ,PRMT4,rcsb,Histone-arginine methyltransferase CARM1 5'-{[2-(benzylcarbamamido)ethyl][3-(N'-cyclopentylcarbamimidamido)propyl]amino}-5'-deoxyadenosine I1K CALCIUM ION CA bound inhibitor Homo sapiens,https://files.rcsb.org/download/7PPQ.cif,verified,WAR/PRMT4/7ppq.cif,WAR/PRMT4/7ppq.cif,true,3187815,,2026-06-05T08:10:30Z
7qph,7QPH,PRMT4,rcsb,Histone-arginine methyltransferase CARM1 5'-{[2-(benzylcarbamamido)ethyl][3-(N'-cyclopentylcarbamimidamido)propyl]amino}-5'-deoxyadenosine I1K CALCIUM ION CA bound inhibitor Homo sapiens,https://files.rcsb.org/download/7QPH.cif,verified,WAR/PRMT4/7qph.cif,WAR/PRMT4/7qph.cif,true,3221267,,2026-06-05T08:10:30Z
9i1t,9I1T,PRMT4,rcsb,Histone-arginine methyltransferase CARM1 5'-{[2-(benzylcarbamamido)ethyl][3-(N'-cyclopentylcarbamimidamido)propyl]amino}-5'-deoxyadenosine I1K CALCIUM ION CA bound inhibitor Homo sapiens,https://files.rcsb.org/download/9I1T.cif,verified,WAR/PRMT4/9i1t.cif,WAR/PRMT4/9i1t.cif,true,3305965,,2026-06-05T08:10:30Z
7puq,7PUQ,PRMT4,rcsb,Histone-arginine methyltransferase CARM1 5'-{[2-(benzylcarbamamido)ethyl][3-(N'-cyclopentylcarbamimidamido)propyl]amino}-5'-deoxyadenosine I1K CALCIUM ION CA bound inhibitor Homo sapiens,https://files.rcsb.org/download/7PUQ.cif,verified,WAR/PRMT4/7puq.cif,WAR/PRMT4/7puq.cif,true,3166398,,2026-06-05T08:10:30Z
