Target,pdb_id,Warhead,Residue_ID,Variant,Total_atoms,Exposed_atoms,SASA_in_complex_A2,%Exposed,%Buried
SHMT,8ssy,DSN,501,1,7,6,100.967,0.857,0.143
SHMT,10zb,KOU,1501,1,22,11,105.817,0.5,0.5
SHMT,10zb,THG,1502,1,32,25,306.854,0.781,0.219
SHMT,9boh,A00,NA,1,0,0,0.0,0.0,1.0
SHMT,9boh,FFO,502,1,34,20,244.557,0.588,0.412
SHMT,8sui,SER,1502,1,208,56,543.175,0.269,0.731
SHMT,9bow,SER,501,1,97,45,450.455,0.464,0.536
SHMT,9bow,FFO,502,1,34,21,248.492,0.618,0.382
SHMT,9bow,KOU,501,1,22,11,102.738,0.5,0.5
SHMT,9o50,THG,501,1,32,22,236.673,0.688,0.312
SHMT,9bpe,FFO,2001,1,55,22,159.191,0.4,0.6
SHMT,9o5g,C2F,2002,1,56,26,196.134,0.464,0.536
