Protein,Scaffold_ID,Original_Scaffold_SMILES,Murcko_SMILES,Scaffold_Class,CenterOfMass_X,CenterOfMass_Y,CenterOfMass_Z,Connectivity,Recruiter_Count,Recruiter_Density
DYRK1A,DYRK1A_SCAF_1,c1cncc(-c2nc3ccccc3s2)c1,c1cncc(-c2nc3ccccc3s2)c1,Polycyclic_Hetero,8.765934837909932e-15,-8.688701931849052e-17,-0.05726419155676569,1,1,0.011235955056179775
DYRK1A,DYRK1A_SCAF_10,c1cc(-c2ccc3nc[nH]c3c2)nc(Nc2ccc(CN3CCNCC3)cn2)n1,c1cc(-c2ccc3nc[nH]c3c2)nc(Nc2ccc(CN3CCNCC3)cn2)n1,Polycyclic_Hetero,-3.7529892048113136e-15,-1.2190684191962503e-15,0.1022107356321606,1,1,0.011235955056179775
DYRK1A,DYRK1A_SCAF_11,c1ccc(Nc2nc3ccccc3c3cnccc23)cc1,c1ccc(Nc2nc3ccccc3c3cnccc23)cc1,Polycyclic_Hetero,1.042303498412794e-14,0.0635198716884962,4.399258735077183e-15,1,1,0.011235955056179775
DYRK1A,DYRK1A_SCAF_12,O=c1[nH]cnc2[nH]ccc12,O=c1[nH]cnc2[nH]ccc12,Bicyclic_Hetero,8.585724723767877e-16,-3.848773152033876e-16,-5.662137425588298e-16,1,1,0.011235955056179775
DYRK1A,DYRK1A_SCAF_13,O=c1ccc2cnc3ccc(-c4cn[nH]c4)cc3c2n1-c1ccccc1,O=c1ccc2cnc3ccc(-c4cn[nH]c4)cc3c2n1-c1ccccc1,Polycyclic_Hetero,8.392342376595252e-13,2.6674773501156325e-13,-0.076582371560706,1,1,0.011235955056179775
DYRK1A,DYRK1A_SCAF_14,c1ccc(OCCn2cnc3ccc(-c4ccncc4)nc32)cc1,c1ccc(OCCn2cnc3ccc(-c4ccncc4)nc32)cc1,Polycyclic_Hetero,8.855138844410249e-14,-4.7079007359229764e-14,-0.07658237156134326,1,2,0.02247191011235955
DYRK1A,DYRK1A_SCAF_15,O=C(NCCN1CCOCC1)Nc1cccc(-c2ccc3nc(NC(=O)C4CC4)sc3n2)c1,O=C(NCCN1CCOCC1)Nc1cccc(-c2ccc3nc(NC(=O)C4CC4)sc3n2)c1,Polycyclic_Hetero,-1.5825382435758588e-15,2.415205512044726e-15,0.03358991090496053,1,1,0.011235955056179775
DYRK1A,DYRK1A_SCAF_16,c1ccc(-c2cnc3[nH]cc(-c4cccnc4)c3c2)cc1,c1ccc(-c2cnc3[nH]cc(-c4cccnc4)c3c2)cc1,Polycyclic_Hetero,4.414769203803564e-15,2.102893023113532e-15,-0.012421341158842362,1,2,0.02247191011235955
DYRK1A,DYRK1A_SCAF_17,O=c1[nH]cnc2n[nH]c(-c3ccccc3)c12,O=c1[nH]cnc2n[nH]c(-c3ccccc3)c12,Polycyclic_Hetero,3.9644213837656634e-15,5.273559366969494e-16,3.0531133177191805e-16,1,1,0.011235955056179775
DYRK1A,DYRK1A_SCAF_18,c1ccc2scnc2c1,c1ccc2scnc2c1,Bicyclic_Hetero,-1.9904712798636733e-15,1.5860328923216522e-16,-7.335402126987641e-16,1,5,0.056179775280898875
DYRK1A,DYRK1A_SCAF_19,O=C(c1ccccc1)c1cnc(Nc2ccc(N3CCNCC3)cc2)s1,O=C(c1ccccc1)c1cnc(Nc2ccc(N3CCNCC3)cc2)s1,Polycyclic_Hetero,2.3243243079021974e-13,0.1396291909986976,3.9914931263588783e-14,1,3,0.033707865168539325
DYRK1A,DYRK1A_SCAF_2,O=C(/C=C/c1ccccc1)CC(=O)/C=C/c1ccccc1,O=C(/C=C/c1ccccc1)CC(=O)/C=C/c1ccccc1,Bicyclic_Hetero,3.667936825139977e-14,1.7116188346535267e-14,-0.05514579550835326,1,1,0.011235955056179775
DYRK1A,DYRK1A_SCAF_20,c1ccc(Nc2nccc(-c3cnn4ncccc34)n2)cc1,c1ccc(Nc2nccc(-c3cnn4ncccc34)n2)cc1,Polycyclic_Hetero,-4.365135703879145e-14,-2.6318816407290476e-14,-0.012421341158850976,1,1,0.011235955056179775
DYRK1A,DYRK1A_SCAF_21,O=C1NC(=S)S/C1=C\c1ccccc1,O=C1NC(=S)S/C1=C\c1ccccc1,Bicyclic_Hetero,-4.8321135452733006e-15,6.555602621596163e-16,-0.1398957416919821,1,2,0.02247191011235955
DYRK1A,DYRK1A_SCAF_22,c1cc2c(-c3ccnc(Nc4ccc(N5CCNCC5)cc4)n3)c[nH]c2cn1,c1cc2c(-c3ccnc(Nc4ccc(N5CCNCC5)cc4)n3)c[nH]c2cn1,Polycyclic_Hetero,3.820979813730335e-14,0.00978901165936036,7.09183278995253e-16,1,1,0.011235955056179775
DYRK1A,DYRK1A_SCAF_23,O=C(N[C@H]1CC2O[C@H](C1)n1c3ccccc3c3c4c(c5c6ccccc6n2c5c31)CNC4=O)c1ccccc1,O=C(N[C@H]1CC2O[C@H](C1)n1c3ccccc3c3c4c(c5c6ccccc6n2c5c31)CNC4=O)c1ccccc1,Polycyclic_Hetero,-5.155664255306917e-13,-5.495603971894525e-15,-0.09350132976034982,1,1,0.011235955056179775
DYRK1A,DYRK1A_SCAF_24,c1ccc(-c2cnc3ccc(-c4ccncc4)nn23)cc1,c1ccc(-c2cnc3ccc(-c4ccncc4)nn23)cc1,Polycyclic_Hetero,6.4594794160009106e-15,-1.6686988491335687e-15,-1.3322676295501878e-15,1,1,0.011235955056179775
DYRK1A,DYRK1A_SCAF_25,c1cc(-c2ccc3occc3c2)ccn1,c1cc(-c2ccc3occc3c2)ccn1,Polycyclic_Hetero,-1.0177044392397269e-14,3.764581239333135e-14,2.5798807534727075e-14,1,5,0.056179775280898875
DYRK1A,DYRK1A_SCAF_26,c1cc(-c2ccc3occc3c2)cc(N2CCNCC2)n1,c1cc(-c2ccc3occc3c2)cc(N2CCNCC2)n1,Polycyclic_Hetero,4.832391796657918e-14,-1.4444585878280984e-14,0.057040400611128333,1,1,0.011235955056179775
DYRK1A,DYRK1A_SCAF_27,O=C(NCc1ccccc1)c1cccc(NC(=O)c2cc3cncnc3[nH]c2=O)c1,O=C(NCc1ccccc1)c1cccc(NC(=O)c2cc3cncnc3[nH]c2=O)c1,Polycyclic_Hetero,-8.052660193504594e-15,0.06632013151535279,6.789190958831443e-15,1,1,0.011235955056179775
DYRK1A,DYRK1A_SCAF_28,O=c1c(O[C@H]2CCC[C@@H](CO[C@H]3CCCCO3)O2)c(-c2ccccc2)oc2ccccc12,O=c1c(O[C@H]2CCC[C@@H](CO[C@H]3CCCCO3)O2)c(-c2ccccc2)oc2ccccc12,Polycyclic_Hetero,-8.186044434902821e-15,1.1368683772161604e-14,-0.017576407812762544,1,1,0.011235955056179775
DYRK1A,DYRK1A_SCAF_29,c1ccc2c(c1)[nH]c1cnccc12,c1ccc2c(c1)[nH]c1cnccc12,Polycyclic_Hetero,-3.7007434154171886e-16,1.199040866595169e-14,2.3559196921361206e-16,1,4,0.0449438202247191
DYRK1A,DYRK1A_SCAF_3,N=c1[nH]c2ccccc2s1,N=c1[nH]c2ccccc2s1,Bicyclic_Hetero,-1.1796119636642288e-15,-3.0531133177191805e-16,2.0886070650760757e-15,1,1,0.011235955056179775
DYRK1A,DYRK1A_SCAF_30,c1ccc(OCCn2cnc3ccc(-c4ccncc4)nc32)nc1,c1ccc(OCCn2cnc3ccc(-c4ccncc4)nc32)nc1,Polycyclic_Hetero,-1.1295807594134925e-14,-1.3316982844093544e-14,0.03498104931940355,1,4,0.0449438202247191
DYRK1A,DYRK1A_SCAF_31,c1cncc(CNc2nc(Nc3cc(C4CCC4)n[nH]3)c3occc3n2)c1,c1cncc(CNc2nc(Nc3cc(C4CCC4)n[nH]3)c3occc3n2)c1,Polycyclic_Hetero,4.518125004561507e-15,0.05623963201067658,3.2852947415647024e-14,1,1,0.011235955056179775
DYRK1A,DYRK1A_SCAF_32,c1cncc(-c2cc3cncnc3[nH]2)c1,c1cncc(-c2cc3cncnc3[nH]2)c1,Polycyclic_Hetero,1.8342815189459108e-16,1.1584935909132068e-15,-0.05726419155675476,1,1,0.011235955056179775
DYRK1A,DYRK1A_SCAF_33,O=C(Nc1cc(-c2cn(C3CCOCC3)c3cnccc23)ccn1)N1CCNCC1,O=C(Nc1cc(-c2cn(C3CCOCC3)c3cnccc23)ccn1)N1CCNCC1,Polycyclic_Hetero,-3.026150758549712e-14,-2.910370357410232e-15,-0.08943467515735197,1,1,0.011235955056179775
DYRK1A,DYRK1A_SCAF_34,c1cnn2ncc(-c3ccncn3)c2c1,c1cnn2ncc(-c3ccncn3)c2c1,Polycyclic_Hetero,-8.679925465251224e-16,9.083642928751281e-17,-0.02745994619026667,1,2,0.02247191011235955
DYRK1A,DYRK1A_SCAF_35,O=C(c1cccnc1)c1cncc(-c2ccccc2)n1,O=C(c1cccnc1)c1cncc(-c2ccccc2)n1,Polycyclic_Hetero,-6.76161635642676e-15,-2.4997924877043847e-15,-0.14717742934590283,1,1,0.011235955056179775
DYRK1A,DYRK1A_SCAF_36,c1cc2sccc2cn1,c1cc2sccc2cn1,Bicyclic_Hetero,-2.2075595320002e-15,9.198990775465584e-16,-3.608224830031759e-16,1,1,0.011235955056179775
DYRK1A,DYRK1A_SCAF_37,c1ccc2c(c1)ncc1c3ccccc3[nH]c21,c1ccc2c(c1)ncc1c3ccccc3[nH]c21,Polycyclic_Hetero,-7.311337427974008e-16,-1.4309541206279796e-15,-0.0448379083436749,1,3,0.033707865168539325
DYRK1A,DYRK1A_SCAF_38,c1cc(-c2ccc3ncnc(-c4ccc(N5CCNCC5)cc4)c3c2)ccn1,c1cc(-c2ccc3ncnc(-c4ccc(N5CCNCC5)cc4)c3c2)ccn1,Polycyclic_Hetero,2.147941688458466e-15,0.00978901165936553,-1.1482878140408762e-14,1,1,0.011235955056179775
DYRK1A,DYRK1A_SCAF_39,O=c1c2c(ccc3nc(-c4cccnc4)sc32)ncn1C1CC1,O=c1c2c(ccc3nc(-c4cccnc4)sc32)ncn1C1CC1,Polycyclic_Hetero,2.0580362810765758e-14,1.3068911032730413e-14,0.07188841377295756,1,1,0.011235955056179775
DYRK1A,DYRK1A_SCAF_4,c1cc(-c2ccc3nc[nH]c3n2)ccn1,c1cc(-c2ccc3nc[nH]c3n2)ccn1,Polycyclic_Hetero,-1.2685504820499615e-14,-5.13598825304855e-15,-4.170576927287545e-15,1,1,0.011235955056179775
DYRK1A,DYRK1A_SCAF_40,O=C(Cc1ccccc1)Nc1ccc2[nH]nc(NC(=O)c3ccccc3)c2c1,O=C(Cc1ccccc1)Nc1ccc2[nH]nc(NC(=O)c3ccccc3)c2c1,Polycyclic_Hetero,3.373267848624674e-14,3.149654450295281e-15,-0.016356508586717843,1,1,0.011235955056179775
DYRK1A,DYRK1A_SCAF_41,c1ccc(CNc2nc(Nc3cc(C4CC4)n[nH]3)c3sccc3n2)cc1,c1ccc(CNc2nc(Nc3cc(C4CC4)n[nH]3)c3sccc3n2)cc1,Polycyclic_Hetero,-2.5837917664003644e-15,-0.11577572275828976,5.303838176731998e-15,1,2,0.02247191011235955
DYRK1A,DYRK1A_SCAF_42,C=C(c1ccc2c(c1)CCc1cncnc1-2)C1CCNCC1,C=C(c1ccc2c(c1)CCc1cncnc1-2)C1CCNCC1,Polycyclic_Hetero,9.047026693689648e-15,-1.0461915571584034e-14,0.17305876735774126,1,1,0.011235955056179775
DYRK1A,DYRK1A_SCAF_43,O=c1cc(-c2ccccc2)oc2c(O[C@H]3CCCCO3)cccc12,O=c1cc(-c2ccccc2)oc2c(O[C@H]3CCCCO3)cccc12,Polycyclic_Hetero,-1.0507467911630945e-14,-2.1358576283264915e-15,-0.06069779521451529,1,1,0.011235955056179775
DYRK1A,DYRK1A_SCAF_44,O=C(Nc1ccccc1)c1cc2cncnc2[nH]c1=O,O=C(Nc1ccccc1)c1cc2cncnc2[nH]c1=O,Polycyclic_Hetero,-2.819670423074664e-13,2.342792626564005e-13,-1.0021095064871589e-12,1,1,0.011235955056179775
DYRK1A,DYRK1A_SCAF_45,c1cncc(CNc2nc(Nc3cc(C4CCC4)n[nH]3)c3sccc3n2)c1,c1cncc(CNc2nc(Nc3cc(C4CCC4)n[nH]3)c3sccc3n2)c1,Polycyclic_Hetero,-4.064381681453834e-14,0.05623963201069773,-5.03944712047245e-14,1,1,0.011235955056179775
DYRK1A,DYRK1A_SCAF_46,c1cnc2[nH]cc(-c3ccncn3)c2c1,c1cnc2[nH]cc(-c3ccncn3)c2c1,Polycyclic_Hetero,-6.75787928032704e-16,1.0716065715947163e-15,-0.05726419155676739,1,2,0.02247191011235955
DYRK1A,DYRK1A_SCAF_47,O=c1c2ccccc2oc2ccccc12,O=c1c2ccccc2oc2ccccc12,Polycyclic_Hetero,-2.2783707287959733e-15,-2.0273637840981118e-16,-0.05726419155676488,1,1,0.011235955056179775
DYRK1A,DYRK1A_SCAF_48,c1ccc(-c2cc[nH]n2)cc1,c1ccc(-c2cc[nH]n2)cc1,Bicyclic_Hetero,1.7529837230923524e-15,8.157217591456413e-15,2.056834235095027e-14,1,1,0.011235955056179775
DYRK1A,DYRK1A_SCAF_49,O=C1Nc2ccccc2/C1=C\c1ccco1,O=C1Nc2ccccc2/C1=C\c1ccco1,Polycyclic_Hetero,-5.453415496958769e-15,-6.372680161348399e-16,-1.0835776720341528e-15,1,1,0.011235955056179775
DYRK1A,DYRK1A_SCAF_5,c1ccc(-c2ccncc2)cc1,c1ccc(-c2ccncc2)cc1,Bicyclic_Hetero,-1.4802973661668753e-16,-1.522591576628786e-15,-1.295260195396016e-16,1,2,0.02247191011235955
DYRK1A,DYRK1A_SCAF_50,c1cc(-c2ccc3ncn(-c4ccc(N5CCNCC5)cc4)c3n2)ccn1,c1cc(-c2ccc3ncn(-c4ccc(N5CCNCC5)cc4)c3n2)ccn1,Polycyclic_Hetero,1.846277268185154e-14,0.10261274895656487,-9.44043897428604e-15,1,1,0.011235955056179775
DYRK1A,DYRK1A_SCAF_51,O=c1ccccc2[nH]c3ccccc3c12,O=c1ccccc2[nH]c3ccccc3c12,Polycyclic_Hetero,-8.399762367143164e-14,-3.110474840658147e-14,-2.8051635088862288e-14,1,1,0.011235955056179775
DYRK1A,DYRK1A_SCAF_52,O=c1oc2ccccc2c2oc3ccccc3c12,O=c1oc2ccccc2c2oc3ccccc3c12,Polycyclic_Hetero,1.810517547850255e-15,2.2033656950253107e-15,0.015641578810099206,1,1,0.011235955056179775
DYRK1A,DYRK1A_SCAF_53,c1cc(-c2c[nH]c3ncnc(OCc4ccsc4)c23)ccn1,c1cc(-c2c[nH]c3ncnc(OCc4ccsc4)c23)ccn1,Polycyclic_Hetero,-1.6013334449299318e-14,-2.8839675745557006e-14,-0.012421341158752538,1,1,0.011235955056179775
DYRK1A,DYRK1A_SCAF_54,c1cc(-c2cn[nH]c2)n[nH]1,c1cc(-c2cn[nH]c2)n[nH]1,Bicyclic_Hetero,3.1363800445660672e-15,7.337880303381894e-16,6.38378239159465e-16,1,1,0.011235955056179775
DYRK1A,DYRK1A_SCAF_55,c1ccc(CNc2nc(Nc3cc(C4CCC4)n[nH]3)c3occc3n2)cc1,c1ccc(CNc2nc(Nc3cc(C4CCC4)n[nH]3)c3occc3n2)cc1,Polycyclic_Hetero,8.72890412433372e-13,2.0081808556485756e-13,0.10261274895593106,1,1,0.011235955056179775
DYRK1A,DYRK1A_SCAF_56,c1ccc2[nH]c(C3CCCC3)cc2c1,c1ccc2[nH]c(C3CCCC3)cc2c1,Polycyclic_Hetero,1.2097602613156879e-14,-3.675221047035001e-16,0.073451821503779,1,1,0.011235955056179775
DYRK1A,DYRK1A_SCAF_57,c1ccc2c(c1)CCc1cncnc1-2,c1ccc2c(c1)CCc1cncnc1-2,Polycyclic_Hetero,-3.73775084957136e-15,-2.886579864025407e-15,-3.0022280957571943e-15,1,1,0.011235955056179775
DYRK1A,DYRK1A_SCAF_58,c1cnc2[nH]nnc2c1,c1cnc2[nH]nnc2c1,Bicyclic_Hetero,1.4176694006752e-15,-5.465713352000771e-16,1.1657341758564144e-15,1,1,0.011235955056179775
DYRK1A,DYRK1A_SCAF_59,c1cc(-c2ccc3nc[nH]c3c2)ccn1,c1cc(-c2ccc3nc[nH]c3c2)ccn1,Polycyclic_Hetero,7.401486830834377e-17,-6.47630097698008e-17,2.310651670001107e-15,1,1,0.011235955056179775
DYRK1A,DYRK1A_SCAF_6,O=C1Nc2cnc(Nc3ccccc3)nc2N(C2CCCC2)[C@@H]2CCC[C@H]12,O=C1Nc2cnc(Nc3ccccc3)nc2N(C2CCCC2)[C@@H]2CCC[C@H]12,Polycyclic_Hetero,3.3989904907754794e-15,5.38885175798826e-15,0.1196918758747191,1,1,0.011235955056179775
DYRK1A,DYRK1A_SCAF_60,c1ccc(CNc2nc(Nc3cc(C4CC4)[nH]n3)c3occc3n2)cc1,c1ccc(CNc2nc(Nc3cc(C4CC4)[nH]n3)c3occc3n2)cc1,Polycyclic_Hetero,-3.4437099636554856e-14,-3.098531532362937e-15,-0.21344369805230465,1,1,0.011235955056179775
DYRK1A,DYRK1A_SCAF_61,c1cnn2ncc(-c3ccnc(N4CCCC4)n3)c2c1,c1cnn2ncc(-c3ccnc(N4CCCC4)n3)c2c1,Polycyclic_Hetero,-1.1232844719736877e-14,6.689093723366568e-15,0.06351987168850604,1,1,0.011235955056179775
DYRK1A,DYRK1A_SCAF_62,c1ccc(CNc2ncnc3[nH]cc(-c4ccncc4)c23)cc1,c1ccc(CNc2ncnc3[nH]cc(-c4ccncc4)c23)cc1,Polycyclic_Hetero,-4.342725010007454e-14,-1.8032359231543333e-14,0.057040400611134114,1,1,0.011235955056179775
DYRK1A,DYRK1A_SCAF_63,c1ncc2cc[nH]c2n1,c1ncc2cc[nH]c2n1,Bicyclic_Hetero,-7.930164461608261e-17,6.344131569286609e-16,-9.159339953157541e-16,1,1,0.011235955056179775
DYRK1A,DYRK1A_SCAF_64,c1cnn2ncc(-c3ccnc(NC4CC4)n3)c2c1,c1cnn2ncc(-c3ccnc(NC4CC4)n3)c2c1,Polycyclic_Hetero,-3.1344102940385064e-14,7.656957505318015e-15,-0.008985917092290782,1,1,0.011235955056179775
DYRK1A,DYRK1A_SCAF_7,C=C1Nc2ccccc2S1,C=C1Nc2ccccc2S1,Bicyclic_Hetero,3.740798520619351e-14,1.3714519715957816e-14,-5.6445044716677814e-14,1,1,0.011235955056179775
DYRK1A,DYRK1A_SCAF_8,c1ccc(-c2ccncn2)cc1,c1ccc(-c2ccncn2)cc1,Bicyclic_Hetero,6.985523270941485e-14,-9.170442183403792e-15,-1.2112533198660457e-14,1,1,0.011235955056179775
DYRK1A,DYRK1A_SCAF_9,O=C1N=C(Nc2ccccc2)N=C1Cc1ccc2c(c1)OCO2,O=C1N=C(Nc2ccccc2)N=C1Cc1ccc2c(c1)OCO2,Polycyclic_Hetero,-2.55351295663786e-14,1.174369243825721e-14,0.02185897562205127,1,1,0.011235955056179775
