protein,pdb,ligand5,ligand3,ligandX
Mpro,12af,A1DA8,A1D,A00
Mpro,11ro,A1DAK,A1D,A01
Mpro,23mb,A1EN0,A1E,A02
Mpro,23md,A1EN0,A1E,A02
Mpro,23mf,A1EN0,A1E,A02
Mpro,23mg,A1EN0,A1E,A02
Mpro,23mi,A1EN0,A1E,A02
Mpro,8aj1,A1IMU,A1I,A03
Mpro,8rjv,A1H1J,A1H,A04
Mpro,8rjy,A1H1K,A1H,A05
Mpro,8w1t,A1A21,A1A,A06
Mpro,8w1t,A1AFD,A1A,A07
Mpro,8w1u,A1AFE,A1A,A08
Mpro,8y42,A1D51,A1D,A09
Mpro,8y44,A1D50,A1D,A10
Mpro,8yls,A1LYZ,A1L,A11
Mpro,8zbp,A1D76,A1D,A12
Mpro,9bbp,A1ALW,A1A,A13
Mpro,9dtz,A1BCZ,A1B,A14
Mpro,9du2,A1BCY,A1B,A15
Mpro,9du3,A1BCX,A1B,A16
Mpro,9du4,A1BCW,A1B,A17
Mpro,9e7b,A1BFE,A1B,A18
Mpro,9e7s,A1BFE,A1B,A18
Mpro,9e8r,A1BFE,A1B,A18
Mpro,9g0h,A1IHT,A1I,A19
Mpro,9g0i,A1IHV,A1I,A20
Mpro,9gf7,A1IYL,A1I,A21
Mpro,9gij,A1IL0,A1I,A22
Mpro,9gil,A1IL7,A1I,A23
Mpro,9glv,A1IMY,A1I,A24
Mpro,9h0f,A1IRW,A1I,A25
Mpro,9h4b,A1ISK,A1I,A26
Mpro,9haj,A1ITJ,A1I,A27
Mpro,9hak,A1ITI,A1I,A28
Mpro,9hfx,A1IUN,A1I,A29
Mpro,9hfy,A1IUM,A1I,A30
Mpro,9hjh,A1IVK,A1I,A31
Mpro,9ir9,A1D7M,A1D,A32
Mpro,9lll,A1EK4,A1E,A33
Mpro,9mdq,A1BKV,A1B,A34
Mpro,9mlj,A1BMU,A1B,A35
Mpro,9mvm,A1BTM,A1B,A36
Mpro,9mvo,A1BVT,A1B,A37
Mpro,9mvo,A1BTO,A1B,A38
Mpro,9mvp,A1BTP,A1B,A39
Mpro,9mvq,A1BTN,A1B,A40
Mpro,9n3m,A1BVV,A1B,A41
Mpro,9n5q,A1BFE,A1B,A18
Mpro,9n6f,A1BFE,A1B,A18
Mpro,9n9b,A1BFE,A1B,A18
Mpro,9nng,A1BFE,A1B,A18
Mpro,9nnw,A1BMU,A1B,A35
Mpro,9q7s,A1CR4,A1C,A42
Mpro,9sdm,A1JNF,A1J,A43
Mpro,9uoq,A1EPZ,A1E,A44
Mpro,9whe,A1MBL,A1M,A45
Mpro,9xym,A1CR5,A1C,A46
Mpro,9xz6,A1CR3,A1C,A47
Mpro,9znl,A1C3L,A1C,A48
