Target,pdb_id,Warhead,Residue_ID,Variant,Total_atoms,Exposed_atoms,SASA_in_complex_A2,%Exposed,%Buried
CRBN,5yj1,6EL,501,1,19,12,172.914,0.632,0.368
CRBN,5yiz,EF2,501,1,19,9,168.47,0.474,0.526
CRBN,4tzc,EF2,504,1,19,10,178.521,0.526,0.474
CRBN,4tzc,EF2,502,1,19,11,179.338,0.579,0.421
CRBN,5yiz,EF2,501,1,19,10,168.47,0.526,0.474
CRBN,5yj1,6EL,501,1,19,11,184.327,0.579,0.421
CRBN,5yj0,EF2,501,1,19,11,173.028,0.579,0.421
CRBN,5yj0,EF2,501,1,19,10,173.3,0.526,0.474
CRBN,9ods,A04,NA,1,0,0,0.0,0.0,1.0
CRBN,7bqv,F4U,501,1,20,9,82.982,0.45,0.55
CRBN,9o91,A02,NA,1,0,0,0.0,0.0,1.0
CRBN,9cuo,A00,NA,1,0,0,0.0,0.0,1.0
CRBN,5yj1,6EL,501,1,19,10,172.092,0.526,0.474
CRBN,5yj1,6EL,501,1,19,11,160.289,0.579,0.421
CRBN,5yiz,EF2,501,1,19,12,168.061,0.632,0.368
CRBN,5yiz,EF2,501,1,19,11,179.202,0.579,0.421
CRBN,5yj1,6EL,501,1,19,11,169.677,0.579,0.421
CRBN,9ohq,A05,NA,1,0,0,0.0,0.0,1.0
CRBN,5yj0,EF2,501,1,19,10,169.677,0.526,0.474
CRBN,7bqu,EF2,501,1,19,8,77.406,0.421,0.579
CRBN,5yj1,6EL,501,1,19,9,164.32,0.474,0.526
CRBN,9cuo,A00,NA,1,0,0,0.0,0.0,1.0
CRBN,5yj1,6EL,501,1,19,10,164.184,0.526,0.474
CRBN,5yj0,EF2,501,1,19,11,171.956,0.579,0.421
CRBN,5yj0,EF2,501,1,19,12,182.689,0.632,0.368
CRBN,9ods,A04,NA,1,0,0,0.0,0.0,1.0
CRBN,9cuo,A00,NA,1,0,0,0.0,0.0,1.0
CRBN,9ohr,A06,NA,1,0,0,0.0,0.0,1.0
CRBN,5yiz,EF2,501,1,19,11,171.293,0.579,0.421
CRBN,9dom,A01,NA,1,0,0,0.0,0.0,1.0
CRBN,5yiz,EF2,501,1,19,11,174.53,0.579,0.421
CRBN,5yj1,6EL,501,1,19,11,166.327,0.579,0.421
CRBN,9dom,A01,NA,1,0,0,0.0,0.0,1.0
CRBN,5yj0,EF2,501,1,19,12,168.219,0.632,0.368
CRBN,9ohr,A06,NA,1,0,0,0.0,0.0,1.0
CRBN,4tzc,EF2,505,1,19,11,185.376,0.579,0.421
CRBN,9odr,A03,NA,1,0,0,0.0,0.0,1.0
CRBN,9cuo,A00,NA,1,0,0,0.0,0.0,1.0
CRBN,9o91,A02,NA,1,0,0,0.0,0.0,1.0
CRBN,4tzu,Y70,503,1,20,11,186.44,0.55,0.45
CRBN,4tzu,Y70,504,1,20,11,175.688,0.55,0.45
CRBN,5yj0,EF2,501,1,19,11,160.152,0.579,0.421
CRBN,4tzu,Y70,504,1,20,10,179.647,0.5,0.5
CRBN,4ci3,Y70,1429,1,20,7,80.935,0.35,0.65
CRBN,5yiz,EF2,501,1,19,11,177.858,0.579,0.421
CRBN,5yiz,EF2,501,1,19,11,176.923,0.579,0.421
CRBN,5yj1,6EL,501,1,19,12,168.47,0.632,0.368
CRBN,9ods,A04,NA,1,0,0,0.0,0.0,1.0
CRBN,9odr,A03,NA,1,0,0,0.0,0.0,1.0
CRBN,5yiz,EF2,501,1,19,11,167.262,0.579,0.421
CRBN,5yj0,EF2,501,1,19,10,162.295,0.526,0.474
CRBN,5yiz,EF2,501,1,19,11,178.403,0.579,0.421
CRBN,5yj0,EF2,501,1,19,12,173.028,0.632,0.368
CRBN,5yj1,6EL,501,1,19,12,177.081,0.632,0.368
CRBN,5yj0,EF2,501,1,19,11,173.164,0.579,0.421
CRBN,5yj1,6EL,501,1,19,10,171.157,0.526,0.474
CRBN,5yiz,EF2,501,1,19,11,177.472,0.579,0.421
CRBN,5yiz,EF2,501,1,19,11,166.463,0.579,0.421
CRBN,5yj1,6EL,501,1,19,11,172.092,0.579,0.421
CRBN,4ci1,EF2,1429,1,19,7,76.744,0.368,0.632
CRBN,9ohr,A06,NA,1,0,0,0.0,0.0,1.0
CRBN,5yj1,6EL,501,1,19,11,172.365,0.579,0.421
CRBN,5yj0,EF2,501,1,19,11,171.978,0.579,0.421
CRBN,9ohq,A05,NA,1,0,0,0.0,0.0,1.0
CRBN,5yj0,EF2,501,1,19,11,175.579,0.579,0.421
CRBN,9odr,A03,NA,1,0,0,0.0,0.0,1.0
CRBN,9dom,A01,NA,1,0,0,0.0,0.0,1.0
CRBN,9o91,A02,NA,1,0,0,0.0,0.0,1.0
CRBN,5yj0,EF2,501,1,19,10,175.715,0.526,0.474
CRBN,5yiz,EF2,501,1,19,10,164.847,0.526,0.474
CRBN,5yj0,EF2,501,1,19,11,164.048,0.579,0.421
CRBN,4tzu,Y70,505,1,20,11,182.181,0.55,0.45
CRBN,5yj1,6EL,501,1,19,12,168.219,0.632,0.368
CRBN,9dom,A01,NA,1,0,0,0.0,0.0,1.0
CRBN,9cuo,A00,NA,1,0,0,0.0,0.0,1.0
CRBN,9ohr,A06,NA,1,0,0,0.0,0.0,1.0
CRBN,9cuo,A00,NA,1,0,0,0.0,0.0,1.0
CRBN,5yiz,EF2,501,1,19,11,171.293,0.579,0.421
CRBN,9ohq,A05,NA,1,0,0,0.0,0.0,1.0
CRBN,9odr,A03,NA,1,0,0,0.0,0.0,1.0
CRBN,5yj0,EF2,501,1,19,9,165.918,0.474,0.526
CRBN,9ods,A04,NA,1,0,0,0.0,0.0,1.0
CRBN,9o91,A02,NA,1,0,0,0.0,0.0,1.0
CRBN,4tzc,EF2,505,1,19,10,164.983,0.526,0.474
CRBN,5yiz,EF2,501,1,19,11,171.021,0.579,0.421
CRBN,5yiz,EF2,501,1,19,10,164.847,0.526,0.474
CRBN,9ohq,A05,NA,1,0,0,0.0,0.0,1.0
CRBN,5yj1,6EL,501,1,19,11,173.436,0.579,0.421
CRBN,5yj0,EF2,501,1,19,12,170.907,0.632,0.368
CRBN,5yj1,6EL,501,1,19,11,174.78,0.579,0.421
CRBN,4ci2,LVY,1429,1,19,8,87.519,0.421,0.579
