Target,pdb_id,Warhead,Residue_ID,Variant,Chain,atom_id,atom_name,x,y,z
EGFR,2gs6,112,101,1,B,38,NS,131.158,26.597,45.557
EGFR,2gs6,112,101,1,B,39,C2S,132.401,26.703,46.038
EGFR,2gs6,112,101,1,B,40,O2S,132.606,27.635,46.845
EGFR,2gs6,112,101,1,B,41,C1S,133.543,25.753,45.642
EGFR,2gs6,112,101,1,B,42,PG,134.882,23.54,46.721
EGFR,2gs6,112,101,1,B,43,S1G,133.421,24.147,46.29
EGFR,2gs6,112,101,1,B,44,O2G,134.755,22.389,47.679
EGFR,2gs6,112,101,1,B,45,O3G,135.604,23.334,45.386
EGFR,2gs6,112,101,1,B,46,PB,136.919,25.726,47.182
EGFR,2gs6,112,101,1,B,47,O1B,136.942,26.851,48.158
EGFR,2gs6,112,101,1,B,48,O2B,136.799,26.009,45.727
EGFR,2gs6,112,101,1,B,49,O3B,135.738,24.725,47.612
EGFR,2gs6,112,101,1,B,50,PA,139.291,24.704,48.715
EGFR,2gs6,112,101,1,B,51,O1A,140.655,25.284,48.492
EGFR,2gs6,112,101,1,B,52,O2A,138.548,25.053,49.948
EGFR,2gs6,112,101,1,B,53,O3A,138.345,25.031,47.41
EGFR,2gs6,112,101,1,B,54,O5',139.444,23.087,48.581
EGFR,2gs6,112,101,1,B,55,C5',139.938,22.47,47.354
EGFR,2gs6,112,101,1,B,56,C4',140.389,21.014,47.589
EGFR,2gs6,112,101,1,B,57,O4',141.697,20.972,48.212
EGFR,2gs6,112,101,1,B,58,C3',139.408,20.191,48.491
EGFR,2gs6,112,101,1,B,59,O3',138.898,18.968,47.892
EGFR,2gs6,112,101,1,B,60,C2',140.166,19.936,49.793
EGFR,2gs6,112,101,1,B,61,O2',139.886,18.628,50.338
EGFR,2gs6,112,101,1,B,62,C1',141.634,20.183,49.417
EGFR,2gs6,112,101,1,B,63,N9,142.372,20.918,50.52
EGFR,2gs6,112,101,1,B,64,C8,142.202,22.215,50.858
EGFR,2gs6,112,101,1,B,65,N7,143.014,22.523,51.866
EGFR,2gs6,112,101,1,B,66,C5,143.715,21.451,52.196
EGFR,2gs6,112,101,1,B,67,C6,144.716,21.17,53.17
EGFR,2gs6,112,101,1,B,68,N6,145.146,22.111,54.015
EGFR,2gs6,112,101,1,B,69,N1,145.241,19.886,53.224
EGFR,2gs6,112,101,1,B,70,C2,144.829,18.884,52.373
EGFR,2gs6,112,101,1,B,71,N3,143.872,19.144,51.438
EGFR,2gs6,112,101,1,B,72,C4,143.311,20.405,51.334
