Target,pdb_id,Warhead,Residue_ID,Variant,Chain,atom_id,exact_atom,x,y,z,Exposure_A2,AtomIndex,AtomSymbol,SMILES
PRMT5,7s1q,84W,702,1,A,5079,C3,-31.31,-48.971,-9.513,1.208,2.0,C,Cn1cc(cn1)c2ccc3c(c2)C(=NNC3=O)C[NH3+]
PRMT5,7s1q,84W,702,1,A,5091,H5,-33.629,-46.893,-10.473,2.548,,,Cn1cc(cn1)c2ccc3c(c2)C(=NNC3=O)C[NH3+]
PRMT5,7s1q,84W,702,1,A,5092,H8,-29.072,-47.746,-10.839,10.194,,,Cn1cc(cn1)c2ccc3c(c2)C(=NNC3=O)C[NH3+]
PRMT5,7s1q,84W,702,1,A,5094,H11,-32.247,-51.145,-7.908,7.645,,,Cn1cc(cn1)c2ccc3c(c2)C(=NNC3=O)C[NH3+]
PRMT5,7s1q,84W,702,1,A,5095,H12,-31.767,-51.686,-9.528,0.849,,,Cn1cc(cn1)c2ccc3c(c2)C(=NNC3=O)C[NH3+]
PRMT5,7s1q,84W,702,1,A,5096,H3,-30.302,-49.294,-9.282,13.592,,,Cn1cc(cn1)c2ccc3c(c2)C(=NNC3=O)C[NH3+]
PRMT5,7s1q,84W,702,1,A,5097,H9,-27.609,-45.801,-11.261,1.699,,,Cn1cc(cn1)c2ccc3c(c2)C(=NNC3=O)C[NH3+]
PRMT5,7s1q,84W,702,1,A,5098,H161,-32.332,-42.699,-8.507,0.849,,,Cn1cc(cn1)c2ccc3c(c2)C(=NNC3=O)C[NH3+]
PRMT5,7s1q,84W,702,1,A,5102,H171,-32.209,-40.625,-9.609,2.548,,,Cn1cc(cn1)c2ccc3c(c2)C(=NNC3=O)C[NH3+]
PRMT5,7s1q,84W,702,1,A,5103,H173,-33.733,-41.222,-9.734,0.849,,,Cn1cc(cn1)c2ccc3c(c2)C(=NNC3=O)C[NH3+]
PRMT5,7s1q,MTA,701,1,A,5052,CS,-30.119,-39.21,-6.888,3.623,0.0,C,CSC[C@@H]1[C@H]([C@H]([C@@H](O1)n2cnc3c2ncnc3N)O)O
PRMT5,7s1q,MTA,701,1,A,5053,S5',-31.652,-40.146,-6.617,3.86,1.0,S,CSC[C@@H]1[C@H]([C@H]([C@@H](O1)n2cnc3c2ncnc3N)O)O
PRMT5,7s1q,MTA,701,1,A,5058,O2',-34.345,-38.445,-1.868,1.071,18.0,O,CSC[C@@H]1[C@H]([C@H]([C@@H](O1)n2cnc3c2ncnc3N)O)O
PRMT5,7s1q,MTA,701,1,A,5063,C8,-36.668,-37.471,-4.578,3.623,9.0,C,CSC[C@@H]1[C@H]([C@H]([C@@H](O1)n2cnc3c2ncnc3N)O)O
