Ligand,AtomIndex,AtomSymbol
7ON,0,C
7ON,1,C
7ON,2,C
7ON,3,C
7ON,4,C
7ON,5,C
7ON,6,C
7ON,7,C
7ON,8,O
7ON,9,N
7ON,10,C
7ON,11,C
7ON,12,C
7ON,13,C
7ON,14,C
7ON,15,C
7ON,16,C
7ON,17,C
7ON,18,O
7ON,19,N
7ON,20,C
7ON,21,C
7ON,22,C
7ON,23,C
7ON,24,C
7ON,25,N
7ON,26,C
7ON,27,O
7ON,28,C
7ON,29,C
7ON,30,O
7ON,31,N
7ON,32,C
7ON,33,C
7ON,34,C
7ON,35,C
7ON,36,C
7ON,37,O
7ON,38,N
7ON,39,C
7ON,40,O
7ON,41,C
7ON,42,F
7ON,43,F
7ON,44,F
Q5T,0,C
Q5T,1,C
Q5T,2,C
Q5T,3,C
Q5T,4,O
Q5T,5,N
Q5T,6,C
Q5T,7,C
Q5T,8,O
Q5T,9,N
Q5T,10,C
Q5T,11,C
Q5T,12,C
Q5T,13,C
Q5T,14,C
Q5T,15,C
Q5T,16,O
Q5T,17,N
Q5T,18,C
Q5T,19,C
Q5T,20,C
Q5T,21,C
Q5T,22,O
Q5T,23,N
Q5T,24,C
Q5T,25,C
Q5T,26,S
Q5T,27,O
Q5T,28,O
Q5T,29,C
Q5T,30,C
Q5T,31,C
Q5T,32,C
Q5T,33,C
Q5T,34,N
Q5T,35,C
Q5T,36,O
Q5T,37,C
Q5T,38,C
Q5T,39,O
Q5T,40,C
Q5T,41,C
Q5T,42,O
Q5T,43,C
Q5T,44,C
Q5T,45,O
Q5T,46,C
Q5T,47,C
Q5T,48,O
Q5T,49,C
Q5T,50,C
Q5T,51,N
Q5T,52,C
Q5T,53,O
Q5T,54,C
Q5T,55,C
Q5T,56,C
Q5T,57,C
Q5T,58,C
Q5T,59,C
Q5T,60,C
Q5T,61,C
Q5T,62,S
Q5T,63,N
Q5T,64,C
Q5T,65,O
Q5T,66,N
R8H,0,C
R8H,1,C
R8H,2,C
R8H,3,C
R8H,4,C
R8H,5,C
R8H,6,C
R8H,7,C
R8H,8,C
R8H,9,C
R8H,10,O
R8H,11,N
R8H,12,C
R8H,13,C
R8H,14,C
R8H,15,C
R8H,16,C
R8H,17,C
R8H,18,N
R8H,19,O
R8H,20,N
R8H,21,C
R8H,22,O
R8H,23,C
R8H,24,C
R8H,25,C
R8H,26,C
R8H,27,O
R8H,28,N
R8H,29,C
R8H,30,C
R8H,31,C
R8H,32,C
R8H,33,C
R8H,34,C
R8H,35,C
ALD,0,C
ALD,1,C
ALD,2,C
ALD,3,C
ALD,4,C
ALD,5,C
ALD,6,O
ALD,7,N
ALD,8,C
ALD,9,O
ALD,10,C
ALD,11,C
ALD,12,C
ALD,13,C
ALD,14,C
ALD,15,N
ALD,16,C
ALD,17,O
ALD,18,C
ALD,19,C
ALD,20,C
ALD,21,C
ALD,22,C
ALD,23,N
ALD,24,C
ALD,25,O
ALD,26,O
ALD,27,C
ALD,28,C
ALD,29,C
ALD,30,C
ALD,31,C
ALD,32,C
ALD,33,C
9JT,0,C
9JT,1,C
9JT,2,C
9JT,3,C
9JT,4,C
9JT,5,C
9JT,6,N
9JT,7,C
9JT,8,O
9JT,9,C
9JT,10,C
9JT,11,C
9JT,12,C
9JT,13,C
9JT,14,C
9JT,15,Se
KJI,0,C
KJI,1,C
KJI,2,C
KJI,3,C
KJI,4,N
KJI,5,C
KJI,6,C
KJI,7,N
KJI,8,C
KJI,9,O
KJI,10,C
KJI,11,N
KJI,12,C
KJI,13,C
KJI,14,C
KJI,15,N
KJI,16,C
KJI,17,C
KJI,18,C
KJI,19,C
KJI,20,C
KJI,21,C
KJO,0,C
KJO,1,C
KJO,2,C
KJO,3,C
KJO,4,C
KJO,5,C
KJO,6,N
KJO,7,C
KJO,8,C
KJO,9,O
KJO,10,N
KJO,11,C
KJO,12,C
KJO,13,C
KJO,14,C
KJO,15,C
KJO,16,C
KL6,0,C
KL6,1,S
KL6,2,O
KL6,3,O
KL6,4,N
KL6,5,C
KL6,6,C
KL6,7,N
KL6,8,C
KL6,9,C
KL6,10,C
KL6,11,C
KL6,12,C
KL6,13,C
KL6,14,C
KL6,15,C
KL6,16,C
KL6,17,S
KL6,18,O
KL6,19,O
KL6,20,N
KLR,0,C
KLR,1,C
KLR,2,C
KLR,3,C
KLR,4,N
KLR,5,C
KLR,6,O
KLR,7,C
KLR,8,C
KLR,9,C
KLR,10,C
KLR,11,C
KLR,12,N
KLR,13,C
KLR,14,N
KLR,15,C
KLR,16,C
KLR,17,C
KLR,18,C
KLR,19,C
KLR,20,C
KLR,21,C
KLR,22,C
KLR,23,C
KLR,24,N
KMX,0,C
KMX,1,C
KMX,2,O
KMX,3,N
KMX,4,C
KMX,5,C
KMX,6,N
KMX,7,C
KMX,8,C
KMX,9,C
KMX,10,C
KMX,11,C
KMX,12,N
KMX,13,C
KMX,14,S
KMX,15,C
KMX,16,C
KMX,17,C
KMX,18,C
KMX,19,C
KMX,20,C
KMX,21,C
KMF,0,C
KMF,1,C
KMF,2,O
KMF,3,N
KMF,4,C
KMF,5,C
KMF,6,N
KMF,7,C
KMF,8,C
KMF,9,C
KMF,10,C
KMF,11,N
KMF,12,C
KMF,13,O
KMF,14,C
KMF,15,C
KMF,16,C
KMF,17,C
KMF,18,C
KMF,19,C
KMF,20,C
KMF,21,C
KMF,22,C
KMF,23,C
KNU,0,C
KNU,1,C
KNU,2,C
KNU,3,C
KNU,4,C
KNU,5,C
KNU,6,C
KNU,7,C
KNU,8,Cl
KNU,9,F
KNU,10,N
KNU,11,C
KNU,12,O
KNU,13,C
KP0,0,C
KP0,1,C
KP0,2,C
KP0,3,C
KP0,4,C
KP0,5,C
KP0,6,Cl
KP0,7,N
KP0,8,C
KP0,9,C
KP0,10,C
KP0,11,C
KP0,12,C
KP0,13,C
KP0,14,C
KP0,15,C
KP0,16,C
KP0,17,O
KP0,18,N
KP0,19,C
KP0,20,C
KP0,21,C
KP0,22,C
KP0,23,N
KP0,24,C
KO9,0,C
KO9,1,C
KO9,2,C
KO9,3,C
KO9,4,N
KO9,5,C
KO9,6,C
KO9,7,C
KO9,8,O
KO9,9,N
KO9,10,C
KO9,11,C
KO9,12,C
KO9,13,C
KO9,14,N
KO9,15,C
KO9,16,C
KO9,17,N
KOI,0,C
KOI,1,C
KOI,2,C
KOI,3,C
KOI,4,C
KOI,5,C
KOI,6,Cl
KOI,7,C
KOI,8,C
KOI,9,O
KOI,10,N
KOI,11,C
KOI,12,C
KOI,13,C
KOI,14,C
KOI,15,N
KOI,16,C
KQL,0,C
KQL,1,C
KQL,2,C
KQL,3,C
KQL,4,N
KQL,5,C
KQL,6,C
KQL,7,N
KQL,8,C
KQL,9,O
KQL,10,C
KQL,11,C
KQL,12,C
KQL,13,C
KQL,14,C
KQL,15,C
KQL,16,C
KQL,17,C
KQL,18,F
KQL,19,F
KQL,20,F
KQ3,0,C
KQ3,1,C
KQ3,2,C
KQ3,3,C
KQ3,4,C
KQ3,5,C
KQ3,6,Cl
KQ3,7,N
KQ3,8,C
KQ3,9,C
KQ3,10,N
KQ3,11,C
KQ3,12,C
KQ3,13,O
KQ3,14,C
KQ3,15,C
KQ3,16,C
KQ3,17,O
KQ3,18,N
KQ3,19,C
KQ3,20,C
KQ3,21,C
KQ3,22,C
KQ3,23,N
KQ3,24,C
KQX,0,C
KQX,1,C
KQX,2,C
KQX,3,C
KQX,4,C
KQX,5,C
KQX,6,C
KQX,7,C
KQX,8,C
KQX,9,O
KQX,10,N
KQX,11,C
KQX,12,C
KQX,13,N
KQX,14,C
KQX,15,C
KQX,16,C
KQX,17,C
KSI,0,C
KSI,1,C
KSI,2,C
KSI,3,C
KSI,4,C
KSI,5,C
KSI,6,N
KSI,7,C
KSI,8,C
KSI,9,N
KSI,10,C
KSI,11,C
KSI,12,C
KSI,13,C
KSI,14,C
KSI,15,C
KSI,16,C
KSI,17,Cl
KSI,18,C
KSI,19,O
KSI,20,C
KS0,0,C
KS0,1,C
KS0,2,C
KS0,3,O
KS0,4,N
KS0,5,C
KS0,6,C
KS0,7,N
KS0,8,C
KS0,9,C
KS0,10,C
KS0,11,C
KS0,12,C
KS0,13,C
KS0,14,C
KS0,15,C
KS0,16,C
KS0,17,F
KT9,0,C
KT9,1,C
KT9,2,C
KT9,3,C
KT9,4,C
KT9,5,C
KT9,6,C
KT9,7,O
KT9,8,C
KT9,9,C
KT9,10,C
KT9,11,O
KT9,12,N
KT9,13,N
KT9,14,C
KT9,15,O
KT9,16,C
KT9,17,C
KT9,18,C
KT9,19,N
KT9,20,C
KT9,21,N
KT9,22,C
KSX,0,C
KSX,1,C
KSX,2,C
KSX,3,C
KSX,4,N
KSX,5,C
KSX,6,C
KSX,7,N
KSX,8,C
KSX,9,O
KSX,10,C
KSX,11,C
KSX,12,C
KSX,13,C
KSX,14,C
KSX,15,N
KSX,16,C
KSX,17,C
KSX,18,N
KU6,0,C
KU6,1,C
KU6,2,C
KU6,3,C
KU6,4,C
KU6,5,C
KU6,6,Cl
KU6,7,C
KU6,8,C
KU6,9,C
KU6,10,O
KU6,11,C
KU6,12,O
KU6,13,N
KU6,14,C
KU6,15,N
KU6,16,N
KU6,17,C
KU6,18,N
KU6,19,C
KU6,20,C
KU6,21,C
KUU,0,C
KUU,1,C
KUU,2,C
KUU,3,C
KUU,4,N
KUU,5,C
KUU,6,C
KUU,7,N
KUU,8,C
KUU,9,O
KUU,10,C
KUU,11,C
KUU,12,C
KUU,13,C
KUU,14,C
KUU,15,C
KUU,16,C
KUU,17,Cl
KUU,18,C
KUU,19,C
KUU,20,C
KVF,0,C
KVF,1,C
KVF,2,C
KVF,3,C
KVF,4,C
KVF,5,C
KVF,6,C
KVF,7,C
KVF,8,C
KVF,9,Cl
KVF,10,C
KVF,11,O
KVF,12,N
KVF,13,C
KVF,14,C
KVF,15,N
KVF,16,N
KVF,17,C
KVF,18,C
KVF,19,C
KVX,0,C
KVX,1,C
KVX,2,C
KVX,3,C
KVX,4,C
KVX,5,C
KVX,6,Cl
KVX,7,C
KVX,8,C
KVX,9,O
KVX,10,C
KVX,11,O
KVX,12,N
KVX,13,C
KVX,14,C
KVX,15,N
KVX,16,C
KVX,17,C
KVX,18,C
KVX,19,C
KVX,20,O
KVO,0,C
KVO,1,C
KVO,2,C
KVO,3,C
KVO,4,N
KVO,5,C
KVO,6,C
KVO,7,N
KVO,8,C
KVO,9,O
KVO,10,C
KVO,11,C
KVO,12,C
KVO,13,C
KVO,14,C
KVO,15,C
KVO,16,C
KVO,17,Cl
KVO,18,C
KW9,0,C
KW9,1,O
KW9,2,C
KW9,3,C
KW9,4,C
KW9,5,C
KW9,6,C
KW9,7,C
KW9,8,O
KW9,9,C
KW9,10,C
KW9,11,N
KW9,12,C
KW9,13,O
KW9,14,C
KW9,15,C
KW9,16,C
KW9,17,O
KW9,18,N
KW9,19,C
KW9,20,C
KW9,21,C
KW9,22,C
KW9,23,C
KW9,24,C
KW9,25,F
KWR,0,C
KWR,1,C
KWR,2,C
KWR,3,C
KWR,4,C
KWR,5,C
KWR,6,O
KWR,7,C
KWR,8,C
KWR,9,C
KWR,10,O
KWR,11,N
KWR,12,N
KWR,13,C
KWR,14,O
KWR,15,C
KWR,16,C
KWR,17,C
KWR,18,C
KWR,19,C
KWR,20,N
KWR,21,C
KX9,0,C
KX9,1,C
KX9,2,C
KX9,3,C
KX9,4,C
KX9,5,C
KX9,6,C
KX9,7,C
KX9,8,Cl
KX9,9,C
KX9,10,O
KX9,11,N
KX9,12,C
KX9,13,C
KX9,14,N
KX9,15,C
KX9,16,C
KX9,17,C
KX9,18,N
KX9,19,C
KX9,20,C
KX9,21,C
KX9,22,N
KXF,0,C
KXF,1,C
KXF,2,C
KXF,3,C
KXF,4,N
KXF,5,C
KXF,6,C
KXF,7,N
KXF,8,C
KXF,9,O
KXF,10,C
KXF,11,C
KXF,12,C
KXF,13,C
KXF,14,C
KXF,15,C
KXF,16,C
KXF,17,O
KXR,0,C
KXR,1,C
KXR,2,C
KXR,3,C
KXR,4,C
KXR,5,C
KXR,6,O
KXR,7,C
KXR,8,C
KXR,9,C
KXR,10,O
KXR,11,N
KXR,12,F
KXR,13,N
KXR,14,C
KXR,15,O
KXR,16,C
KXR,17,C
KXR,18,C
KXR,19,N
KXR,20,C
KXR,21,N
KXR,22,C
KYC,0,C
KYC,1,C
KYC,2,C
KYC,3,C
KYC,4,N
KYC,5,C
KYC,6,C
KYC,7,N
KYC,8,C
KYC,9,O
KYC,10,C
KYC,11,C
KYC,12,C
KYC,13,C
KYC,14,C
KYC,15,C
KYC,16,C
KYC,17,Cl
KYC,18,N
KYC,19,C
KYC,20,C
KYU,0,C
KYU,1,C
KYU,2,C
KYU,3,C
KYU,4,N
KYU,5,C
KYU,6,C
KYU,7,N
KYU,8,C
KYU,9,O
KYU,10,C
KYU,11,C
KYU,12,C
KYU,13,C
KYU,14,C
KYU,15,C
KYU,16,C
KYU,17,Cl
KYU,18,F
KYU,19,F
KY0,0,C
KY0,1,C
KY0,2,C
KY0,3,C
KY0,4,N
KY0,5,C
KY0,6,C
KY0,7,N
KY0,8,C
KY0,9,O
KY0,10,C
KY0,11,C
KY0,12,C
KY0,13,C
KY0,14,C
KY0,15,C
KY0,16,C
KY0,17,C
KY0,18,C
KY0,19,Cl
KZC,0,C
KZC,1,C
KZC,2,C
KZC,3,C
KZC,4,C
KZC,5,C
KZC,6,N
KZC,7,C
KZC,8,C
KZC,9,N
KZC,10,C
KZC,11,O
KZC,12,C
KZC,13,C
KZC,14,C
KZC,15,O
KZC,16,N
KZC,17,C
KZC,18,C
KZC,19,C
KZC,20,C
KZC,21,C
KZC,22,C
L1F,0,C
L1F,1,N
L1F,2,C
L1F,3,C
L1F,4,O
L1F,5,C
L1F,6,C
L1F,7,C
L1F,8,C
L1F,9,C
L1F,10,C
L1F,11,O
L1F,12,C
L1F,13,C
L1F,14,O
L1F,15,C
L1F,16,C
L1F,17,C
L1F,18,O
L1F,19,N
L1F,20,C
L1F,21,C
L1F,22,C
L1F,23,C
L1F,24,C
L1F,25,C
KZX,0,C
KZX,1,C
KZX,2,C
KZX,3,C
KZX,4,N
KZX,5,C
KZX,6,C
KZX,7,N
KZX,8,C
KZX,9,O
KZX,10,C
KZX,11,C
KZX,12,C
KZX,13,C
KZX,14,C
KZX,15,C
KZX,16,C
KZX,17,F
L2I,0,C
L2I,1,N
L2I,2,C
L2I,3,C
L2I,4,C
L2I,5,C
L2I,6,C
L2I,7,C
L2I,8,C
L2I,9,C
L2I,10,C
L2I,11,C
L2I,12,O
L2I,13,N
L2I,14,C
L2I,15,C
L2I,16,C
L2I,17,C
L2I,18,N
L2I,19,C
L3I,0,C
L3I,1,C
L3I,2,C
L3I,3,C
L3I,4,N
L3I,5,C
L3I,6,C
L3I,7,N
L3I,8,C
L3I,9,O
L3I,10,C
L3I,11,C
L3I,12,C
L3I,13,C
L3I,14,C
L3I,15,C
L3I,16,C
L3I,17,C
L3I,18,C
L3I,19,Cl
L6R,0,C
L6R,1,C
L6R,2,C
L6R,3,C
L6R,4,C
L6R,5,C
L6R,6,C
L6R,7,C
L6R,8,C
L6R,9,C
L6R,10,Cl
L6R,11,C
L6R,12,O
L6R,13,N
L6R,14,C
L6R,15,C
L6R,16,N
L6R,17,C
L6R,18,C
L6R,19,C
L6R,20,C
L6D,0,C
L6D,1,C
L6D,2,C
L6D,3,C
L6D,4,C
L6D,5,C
L6D,6,N
L6D,7,C
L6D,8,N
L6D,9,N
L6D,10,C
L6D,11,O
L6D,12,C
L6D,13,C
L6D,14,C
L6D,15,C
L6D,16,C
L6D,17,C
L6D,18,C
L6D,19,Cl
L5I,0,C
L5I,1,C
L5I,2,C
L5I,3,C
L5I,4,N
L5I,5,C
L5I,6,C
L5I,7,N
L5I,8,C
L5I,9,O
L5I,10,C
L5I,11,C
L5I,12,C
L5I,13,C
L5I,14,C
L5I,15,C
L4N,0,C
L4N,1,C
L4N,2,C
L4N,3,C
L4N,4,N
L4N,5,C
L4N,6,C
L4N,7,N
L4N,8,C
L4N,9,O
L4N,10,C
L4N,11,C
L4N,12,C
L4N,13,C
L4N,14,C
L4N,15,C
L4N,16,C
L4U,0,C
L4U,1,C
L4U,2,C
L4U,3,C
L4U,4,N
L4U,5,C
L4U,6,C
L4U,7,N
L4U,8,C
L4U,9,O
L4U,10,C
L4U,11,C
L4U,12,C
L4U,13,C
L4U,14,C
L4U,15,C
L7F,0,C
L7F,1,C
L7F,2,C
L7F,3,C
L7F,4,N
L7F,5,C
L7F,6,C
L7F,7,N
L7F,8,C
L7F,9,O
L7F,10,C
L7F,11,C
L7F,12,C
L7F,13,C
L7F,14,C
L7F,15,C
L7F,16,C
L7V,0,C
L7V,1,C
L7V,2,C
L7V,3,C
L7V,4,N
L7V,5,C
L7V,6,C
L7V,7,C
L7V,8,O
L7V,9,N
L7V,10,C
L7V,11,C
L7V,12,C
L7V,13,C
L7V,14,C
L7V,15,N
L7V,16,C
L7V,17,O
L7V,18,N
L7V,19,C
L7V,20,C
L7V,21,C
L7Q,0,C
L7Q,1,C
L7Q,2,C
L7Q,3,C
L7Q,4,N
L7Q,5,C
L7Q,6,C
L7Q,7,N
L7Q,8,C
L7Q,9,O
L7Q,10,C
L7Q,11,C
L7Q,12,C
L7Q,13,C
L7Q,14,C
L7Q,15,C
L7Q,16,C
L7Q,17,C
L7Q,18,C
L7Q,19,C
L83,0,C
L83,1,C
L83,2,C
L83,3,C
L83,4,N
L83,5,C
L83,6,C
L83,7,N
L83,8,C
L83,9,O
L83,10,C
L83,11,C
L83,12,C
L83,13,C
L83,14,C
L83,15,C
L83,16,C
L83,17,Cl
L83,18,N
L8O,0,C
L8O,1,C
L8O,2,C
L8O,3,C
L8O,4,C
L8O,5,C
L8O,6,C
L8O,7,C
L8O,8,C
L8O,9,N
L8O,10,C
L8O,11,C
L8O,12,C
L8O,13,C
L8O,14,C
L8O,15,C
L8O,16,C
L8O,17,C
L8O,18,O
L8O,19,C
L8F,0,C
L8F,1,C
L8F,2,O
L8F,3,N
L8F,4,C
L8F,5,C
L8F,6,C
L8F,7,C
L8F,8,N
L8F,9,C
L8F,10,C
L8F,11,C
L8F,12,C
L8F,13,C
L8F,14,C
L8F,15,C
L8F,16,N
L8F,17,C
L8F,18,C
L8F,19,N
L8F,20,C
L8F,21,C
L8F,22,C
L8F,23,O
L8F,24,C
L93,0,C
L93,1,C
L93,2,C
L93,3,N
L93,4,C
L93,5,O
L93,6,C
L93,7,C
L93,8,C
L93,9,O
L93,10,N
L93,11,C
L93,12,C
L93,13,C
L93,14,C
L93,15,C
L93,16,C
L93,17,F
L93,18,O
L93,19,C
L93,20,C
L93,21,C
L93,22,C
L93,23,C
L93,24,C
L93,25,O
L93,26,C
L9O,0,C
L9O,1,C
L9O,2,C
L9O,3,C
L9O,4,N
L9O,5,C
L9O,6,C
L9O,7,N
L9O,8,C
L9O,9,O
L9O,10,C
L9O,11,C
L9O,12,C
L9O,13,C
L9O,14,C
L9O,15,C
L9O,16,C
L9F,0,C
L9F,1,C
L9F,2,C
L9F,3,C
L9F,4,C
L9F,5,C
L9F,6,Cl
L9F,7,N
L9F,8,C
L9F,9,O
L9F,10,C
L9F,11,N
L9F,12,C
L9F,13,O
L9F,14,C
L9F,15,C
L9F,16,C
L9F,17,C
L9F,18,N
L9F,19,C
LB0,0,C
LB0,1,C
LB0,2,C
LB0,3,C
LB0,4,N
LB0,5,C
LB0,6,C
LB0,7,N
LB0,8,C
LB0,9,O
LB0,10,C
LB0,11,C
LB0,12,C
LB0,13,C
LB0,14,C
LB0,15,C
LB0,16,C
LBC,0,C
LBC,1,C
LBC,2,C
LBC,3,C
LBC,4,N
LBC,5,C
LBC,6,C
LBC,7,N
LBC,8,C
LBC,9,O
LBC,10,C
LBC,11,C
LBC,12,C
LBC,13,C
LBC,14,C
LBC,15,C
LBC,16,C
LBC,17,I
LBO,0,C
LBO,1,C
LBO,2,C
LBO,3,C
LBO,4,N
LBO,5,C
LBO,6,C
LBO,7,N
LBO,8,C
LBO,9,O
LBO,10,C
LBO,11,C
LBO,12,C
LBO,13,C
LBO,14,C
LBO,15,C
LBO,16,C
LBO,17,C
LBO,18,C
LBO,19,C
LCU,0,C
LCU,1,C
LCU,2,C
LCU,3,C
LCU,4,N
LCU,5,C
LCU,6,C
LCU,7,N
LCU,8,C
LCU,9,O
LCU,10,C
LCU,11,C
LCU,12,C
LCU,13,C
LCU,14,C
LCU,15,C
LCU,16,C
LDX,0,C
LDX,1,C
LDX,2,C
LDX,3,C
LDX,4,N
LDX,5,C
LDX,6,C
LDX,7,N
LDX,8,C
LDX,9,O
LDX,10,C
LDX,11,C
LDX,12,C
LDX,13,C
LDX,14,C
LDX,15,C
LDX,16,C
LDX,17,C
LDX,18,F
LKX,0,C
LKX,1,C
LKX,2,C
LKX,3,C
LKX,4,C
LKX,5,C
LKX,6,Cl
LKX,7,C
LKX,8,C
LKX,9,O
LKX,10,N
LKX,11,N
LKX,12,C
LKX,13,N
LKX,14,N
LKX,15,C
LKX,16,O
LKI,0,C
LKI,1,C
LKI,2,C
LKI,3,C
LKI,4,N
LKI,5,C
LKI,6,C
LKI,7,N
LKI,8,S
LKI,9,O
LKI,10,O
LKI,11,C
LKI,12,C
LKI,13,C
LKI,14,C
LKI,15,C
LKI,16,C
LKI,17,Cl
LJO,0,C
LJO,1,C
LJO,2,C
LJO,3,C
LJO,4,N
LJO,5,C
LJO,6,C
LJO,7,N
LJO,8,C
LJO,9,O
LJO,10,C
LJO,11,C
LJO,12,C
LJO,13,O
LJO,14,C
LJO,15,C
LJO,16,N
LF3,0,C
LF3,1,C
LF3,2,C
LF3,3,C
LF3,4,N
LF3,5,C
LF3,6,C
LF3,7,N
LF3,8,C
LF3,9,O
LF3,10,C
LF3,11,N
LF3,12,C
LF3,13,C
LF3,14,C
LF3,15,C
LF3,16,C
LF3,17,C
LF3,18,O
LF3,19,C
LF3,20,C
LF3,21,O
LF3,22,Cl
LJ0,0,C
LJ0,1,C
LJ0,2,C
LJ0,3,C
LJ0,4,N
LJ0,5,C
LJ0,6,C
LJ0,7,N
LJ0,8,C
LJ0,9,O
LJ0,10,C
LJ0,11,C
LJ0,12,C
LJ0,13,C
LJ0,14,C
LJ0,15,C
LJ0,16,C
LQ0,0,C
LQ0,1,C
LQ0,2,C
LQ0,3,C
LQ0,4,N
LQ0,5,C
LQ0,6,C
LQ0,7,N
LQ0,8,C
LQ0,9,O
LQ0,10,C
LQ0,11,N
LQ0,12,C
LQ0,13,C
LQ0,14,C
LQ0,15,C
LQ0,16,C
LQ0,17,C
LQ0,18,C
LQ0,19,C
LQ0,20,Cl
LR0,0,C
LR0,1,C
LR0,2,O
LR0,3,N
LR0,4,C
LR0,5,C
LR0,6,C
LR0,7,N
LR0,8,C
LR0,9,C
LR0,10,N
LR0,11,C
LR0,12,O
LR0,13,C
LR0,14,C
LR0,15,C
LR0,16,C
LR0,17,C
LR0,18,C
LR0,19,C
LR0,20,C
LR0,21,F
LQU,0,C
LQU,1,C
LQU,2,O
LQU,3,N
LQU,4,C
LQU,5,C
LQU,6,C
LQU,7,C
LQU,8,C
LQU,9,C
LQU,10,C
LQU,11,C
LQU,12,C
LQU,13,C
LQU,14,C
LQU,15,C
LQU,16,C
LQU,17,C
LQU,18,C
LQU,19,C
LQU,20,N
LO0,0,C
LO0,1,O
LO0,2,C
LO0,3,C
LO0,4,C
LO0,5,C
LO0,6,C
LO0,7,C
LO0,8,O
LO0,9,C
LO0,10,C
LO0,11,N
LO0,12,C
LO0,13,O
LO0,14,C
LO0,15,C
LO0,16,C
LO0,17,N
LO0,18,C
LO0,19,O
LO0,20,C
LRN,0,C
LRN,1,C
LRN,2,O
LRN,3,N
LRN,4,C
LRN,5,C
LRN,6,C
LRN,7,C
LRN,8,C
LRN,9,N
LRN,10,C
LRN,11,C
LRN,12,C
LRN,13,C
LRN,14,C
LRN,15,C
LRN,16,C
LRN,17,C
LRN,18,C
LRN,19,C
LRN,20,C
LRN,21,C
LRN,22,C
LRN,23,O
LM0,0,C
LM0,1,C
LM0,2,O
LM0,3,N
LM0,4,N
LM0,5,C
LM0,6,O
LM0,7,C
LM0,8,C
LM0,9,C
LM0,10,C
LM0,11,C
LM0,12,C
LM0,13,C
LM0,14,C
LM0,15,C
LM0,16,N
LM0,17,C
LM0,18,O
LM0,19,C
LRC,0,C
LRC,1,C
LRC,2,C
LRC,3,C
LRC,4,N
LRC,5,C
LRC,6,C
LRC,7,N
LRC,8,C
LRC,9,O
LRC,10,C
LRC,11,C
LRC,12,C
LRC,13,C
LRC,14,C
LRC,15,N
LRC,16,C
LRC,17,Cl
LS0,0,C
LS0,1,C
LS0,2,C
LS0,3,C
LS0,4,N
LS0,5,C
LS0,6,C
LS0,7,N
LS0,8,C
LS0,9,O
LS0,10,C
LS0,11,N
LS0,12,C
LS0,13,C
LS0,14,C
LS0,15,C
LS0,16,C
LS0,17,C
LS0,18,C
LS0,19,C
LS0,20,F
LSF,0,C
LSF,1,C
LSF,2,C
LSF,3,C
LSF,4,N
LSF,5,C
LSF,6,C
LSF,7,N
LSF,8,C
LSF,9,O
LSF,10,C
LSF,11,C
LSF,12,C
LSF,13,C
LSF,14,C
LSF,15,C
LSF,16,C
LSF,17,O
LSF,18,C
LSF,19,C
LSF,20,C
LSF,21,O
LSF,22,N
LT9,0,C
LT9,1,C
LT9,2,C
LT9,3,C
LT9,4,N
LT9,5,C
LT9,6,C
LT9,7,N
LT9,8,C
LT9,9,O
LT9,10,C
LT9,11,C
LT9,12,C
LT9,13,O
LT9,14,C
LT9,15,C
LT9,16,C
LT9,17,C
LT9,18,C
LT9,19,C
LT9,20,C
LT9,21,Cl
LUC,0,C
LUC,1,C
LUC,2,C
LUC,3,C
LUC,4,N
LUC,5,C
LUC,6,C
LUC,7,N
LUC,8,C
LUC,9,O
LUC,10,C
LUC,11,C
LUC,12,C
LUC,13,C
LUC,14,C
LUC,15,C
LUC,16,C
LUC,17,Cl
LUC,18,O
LUC,19,C
LUC,20,C
LUC,21,C
LUC,22,O
LUC,23,N
LV9,0,C
LV9,1,C
LV9,2,C
LV9,3,C
LV9,4,C
LV9,5,C
LV9,6,C
LV9,7,C
LV9,8,C
LV9,9,C
LV9,10,O
LV9,11,C
LV9,12,C
LV9,13,N
LV9,14,C
LV9,15,O
LV9,16,N
LV9,17,C
LV9,18,C
LV9,19,C
LV9,20,C
LV9,21,N
LV9,22,C
LVM,0,C
LVM,1,C
LVM,2,C
LVM,3,C
LVM,4,N
LVM,5,C
LVM,6,C
LVM,7,N
LVM,8,C
LVM,9,O
LVM,10,C
LVM,11,C
LVM,12,C
LVM,13,C
LVM,14,C
LVM,15,C
LVM,16,C
LW6,0,C
LW6,1,C
LW6,2,C
LW6,3,C
LW6,4,C
LW6,5,C
LW6,6,N
LW6,7,C
LW6,8,C
LW6,9,C
LW6,10,O
M4L,0,C
M4L,1,O
M4L,2,C
M4L,3,C
M4L,4,C
M4L,5,N
M4L,6,C
M4L,7,C
M4L,8,N
M4L,9,C
M4L,10,O
M4L,11,C
M4L,12,C
M4L,13,C
M4L,14,C
M4L,15,C
M4L,16,C
M4L,17,C
M4L,18,Br
M4L,19,O
M2X,0,C
M2X,1,C
M2X,2,C
M2X,3,C
M2X,4,N
M2X,5,C
M2X,6,C
M2X,7,N
M2X,8,C
M2X,9,O
M2X,10,C
M2X,11,C
M2X,12,C
M2X,13,C
M2X,14,C
M2X,15,C
M2X,16,C
M2X,17,O
M2X,18,C
M2X,19,Br
M2X,20,N
LWO,0,C
LWO,1,N
LWO,2,C
LWO,3,C
LWO,4,C
LWO,5,C
LWO,6,C
LWO,7,C
LWO,8,N
LWO,9,C
LWO,10,C
LWO,11,C
LWO,12,C
LWO,13,S
LWO,14,C
LWO,15,C
LWO,16,O
LWO,17,C
LWO,18,N
LWO,19,C
LWO,20,C
LWO,21,C
LWO,22,C
LWO,23,C
LWO,24,C
LWO,25,N
LWO,26,N
M26,0,C
M26,1,O
M26,2,C
M26,3,C
M26,4,C
M26,5,C
M26,6,C
M26,7,C
M26,8,C
M26,9,C
M26,10,Br
M26,11,N
M26,12,C
M26,13,O
M26,14,C
M26,15,C
M26,16,C
M26,17,C
M26,18,C
M26,19,C
M26,20,C
M26,21,C
M26,22,N
M26,23,C
M26,24,O
M26,25,F
R30,0,C
R30,1,C
R30,2,C
R30,3,O
R30,4,N
R30,5,C
R30,6,C
R30,7,C
R30,8,C
R30,9,C
R30,10,C
R30,11,N
R30,12,C
R30,13,C
R30,14,C
R30,15,C
R30,16,S
R30,17,C
R30,18,C
R30,19,O
R30,20,C
R30,21,N
R30,22,C
R30,23,C
R30,24,C
R30,25,C
R30,26,C
R30,27,C
R30,28,N
R30,29,N
Y6J,0,C
Y6J,1,C
Y6J,2,C
Y6J,3,C
Y6J,4,C
Y6J,5,C
Y6J,6,N
Y6J,7,N
Y6J,8,N
Y6J,9,C
Y6J,10,C
Y6J,11,O
Y6J,12,N
Y6J,13,C
Y6J,14,C
Y6J,15,C
Y6J,16,C
Y6J,17,S
Y6J,18,C
Y6J,19,C
Y6J,20,C
Y6J,21,C
Y6J,22,C
Y6J,23,C
Y6J,24,C
Y6J,25,N
Y6J,26,C
Y6J,27,O
Y6J,28,C
Y6J,29,C
Y6J,30,C
M0X,0,C
M0X,1,N
M0X,2,C
M0X,3,C
M0X,4,C
M0X,5,C
M0X,6,C
M0X,7,C
M0X,8,C
M0X,9,N
M0X,10,C
M0X,11,C
M0X,12,C
M0X,13,C
M0X,14,S
M0X,15,C
M0X,16,C
M0X,17,O
M0X,18,C
M0X,19,N
M0X,20,C
M0X,21,C
M0X,22,C
M0X,23,C
M0X,24,C
M0X,25,C
M0X,26,N
M0X,27,N
M0G,0,C
M0G,1,C
M0G,2,C
M0G,3,C
M0G,4,C
M0G,5,C
M0G,6,C
M0G,7,C
M0G,8,C
M0G,9,Cl
M0G,10,C
M0G,11,O
M0G,12,N
M0G,13,C
M0G,14,C
M0G,15,N
M0G,16,C
M0G,17,C
M0G,18,C
M0G,19,C
M0G,20,O
LZX,0,C
LZX,1,S
LZX,2,O
LZX,3,O
LZX,4,N
LZX,5,C
LZX,6,C
LZX,7,C
LZX,8,C
LZX,9,C
LZX,10,C
LZX,11,C
LZX,12,C
LZX,13,C
LZX,14,C
LZX,15,O
LZX,16,N
LZX,17,C
LZX,18,C
LZX,19,C
LZX,20,C
LZX,21,N
LZX,22,C
LXF,0,C
LXF,1,C
LXF,2,O
LXF,3,N
LXF,4,C
LXF,5,N
LXF,6,C
LXF,7,C
LXF,8,S
LXF,9,C
LXF,10,C
LXF,11,C
LXF,12,C
LXF,13,S
LXF,14,O
LXF,15,O
LXF,16,N
LXF,17,C
LXF,18,C
LXF,19,C
LXF,20,C
LXF,21,C
LXF,22,C
LXF,23,C
LXF,24,C
M9U,0,C
M9U,1,C
M9U,2,C
M9U,3,C
M9U,4,C
M9U,5,C
M9U,6,Cl
M9U,7,C
M9U,8,C
M9U,9,C
M9U,10,O
M9U,11,C
M9U,12,O
M9U,13,N
M9U,14,C
M9U,15,N
M9U,16,N
M9U,17,C
M9U,18,N
M9U,19,C
M9U,20,C
M9U,21,C
MF0,0,C
MF0,1,C
MF0,2,C
MF0,3,C
MF0,4,N
MF0,5,C
MF0,6,C
MF0,7,N
MF0,8,C
MF0,9,O
MF0,10,C
MF0,11,C
MF0,12,C
MF0,13,C
MF0,14,C
MF0,15,C
MF0,16,N
MF0,17,C
MF0,18,Cl
M93,0,C
M93,1,C
M93,2,C
M93,3,C
M93,4,C
M93,5,C
M93,6,Cl
M93,7,C
M93,8,C
M93,9,C
M93,10,O
M93,11,C
M93,12,O
M93,13,N
M93,14,C
M93,15,C
M93,16,N
M93,17,C
M93,18,C
M93,19,C
M93,20,C
M93,21,O
860,0,C
860,1,C
860,2,C
860,3,C
860,4,C
860,5,C
860,6,C
860,7,N
860,8,C
860,9,C
860,10,N
860,11,C
860,12,O
860,13,C
860,14,C
860,15,C
860,16,C
860,17,C
860,18,C
860,19,C
860,20,Cl
M7X,0,C
M7X,1,C
M7X,2,C
M7X,3,C
M7X,4,C
M7X,5,N
M7X,6,C
M7X,7,N
M7X,8,C
M7X,9,O
M7X,10,C
M7X,11,C
M7X,12,C
M7X,13,C
M7X,14,C
M7X,15,C
M7X,16,C
M7X,17,Cl
M5X,0,C
M5X,1,C
M5X,2,C
M5X,3,C
M5X,4,C
M5X,5,C
M5X,6,S
M5X,7,O
M5X,8,O
M5X,9,N
M5X,10,C
M5X,11,C
M5X,12,O
M5X,13,N
M5X,14,O
M6U,0,C
M6U,1,C
M6U,2,C
M6U,3,C
M6U,4,C
M6U,5,N
M6U,6,C
M6U,7,C
M6U,8,N
M6U,9,C
M6U,10,O
M6U,11,C
M6U,12,C
M6U,13,C
M6U,14,C
M6U,15,C
M6U,16,C
M6U,17,N
M6U,18,C
M6U,19,F
M6U,20,F
M6U,21,F
M6I,0,C
M6I,1,C
M6I,2,C
M6I,3,C
M6I,4,C
M6I,5,C
M6I,6,Cl
M6I,7,N
M6I,8,C
M6I,9,O
M6I,10,N
M6I,11,C
M6I,12,C
M6I,13,C
M6I,14,C
M6I,15,N
M6I,16,C
M5I,0,C
M5I,1,C
M5I,2,C
M5I,3,C
M5I,4,N
M5I,5,C
M5I,6,C
M5I,7,C
M5I,8,C
M5I,9,O
M5I,10,N
M5I,11,C
M5I,12,C
M5I,13,C
M5I,14,C
M5I,15,C
M5I,16,C
M5I,17,Cl
M50,0,C
M50,1,C
M50,2,C
M50,3,N
M50,4,N
M50,5,C
M50,6,C
M50,7,N
M50,8,C
M50,9,O
M50,10,C
M50,11,C
M50,12,C
M50,13,C
M50,14,C
M50,15,C
M50,16,C
M50,17,Cl
MJR,0,C
MJR,1,C
MJR,2,C
MJR,3,C
MJR,4,N
MJR,5,N
MJR,6,N
MJR,7,C
MJR,8,O
MJR,9,C
MJR,10,C
MJR,11,C
MJR,12,C
MJR,13,C
MJR,14,C
MJR,15,C
MJR,16,Cl
MKI,0,C
MKI,1,C
MKI,2,C
MKI,3,C
MKI,4,N
MKI,5,C
MKI,6,C
MKI,7,N
MKI,8,C
MKI,9,C
MKI,10,O
MKI,11,C
MKI,12,C
MKI,13,C
MKI,14,C
MKI,15,C
MKI,16,C
MKI,17,C
MKI,18,Cl
MVR,0,C
MVR,1,N
MVR,2,C
MVR,3,C
MVR,4,C
MVR,5,N
MVR,6,C
MVR,7,N
MVR,8,C
MVR,9,C
MVR,10,C
MVR,11,C
MVR,12,C
MVR,13,C
MVR,14,C
MVR,15,C
MVR,16,C
MVR,17,C
MVR,18,C
MVR,19,N
MVR,20,C
MVR,21,O
MVR,22,C
MVR,23,C
MVR,24,C
MVR,25,C
MVR,26,C
MVR,27,N
MVR,28,C
MQ3,0,C
MQ3,1,C
MQ3,2,C
MQ3,3,C
MQ3,4,N
MQ3,5,C
MQ3,6,C
MQ3,7,N
MQ3,8,C
MQ3,9,O
MQ3,10,C
MQ3,11,C
MQ3,12,C
MQ3,13,C
MQ3,14,C
MQ3,15,C
MQ3,16,C
MQ3,17,C
MU3,0,C
MU3,1,C
MU3,2,C
MU3,3,C
MU3,4,C
MU3,5,C
MU3,6,C
MU3,7,C
MU3,8,C
MU3,9,O
MU3,10,C
MU3,11,O
MU3,12,N
MU3,13,C
MU3,14,N
MU3,15,N
MU3,16,C
MU3,17,N
MU3,18,C
MU3,19,C
MU3,20,C
MVX,0,C
MVX,1,C
MVX,2,C
MVX,3,C
MVX,4,C
MVX,5,C
MVX,6,Cl
MVX,7,C
MVX,8,C
MVX,9,O
MVX,10,C
MVX,11,O
MVX,12,N
MVX,13,C
MVX,14,N
MVX,15,N
MVX,16,C
MVX,17,N
MVX,18,C
MVX,19,C
MVX,20,C
MZF,0,C
MZF,1,C
MZF,2,C
MZF,3,C
MZF,4,C
MZF,5,C
MZF,6,Br
MZF,7,C
MZF,8,C
MZF,9,O
MZF,10,N
MZF,11,C
MZF,12,C
MZF,13,N
MZF,14,C
MZF,15,O
MZF,16,N
MZF,17,O
MWN,0,C
MWN,1,O
MWN,2,C
MWN,3,O
MWN,4,C
MWN,5,C
MWN,6,C
MWN,7,C
MWN,8,C
MWN,9,C
MWN,10,N
MWN,11,C
MWN,12,O
MWN,13,C
MWN,14,O
MWN,15,Br
N00,0,C
N00,1,C
N00,2,C
N00,3,C
N00,4,C
N00,5,C
N00,6,C
N00,7,N
N00,8,C
N00,9,C
N00,10,C
N00,11,C
N00,12,C
N00,13,C
N00,14,Cl
N00,15,C
N00,16,C
N00,17,C
N00,18,O
N00,19,O
MX9,0,C
MX9,1,C
MX9,2,C
MX9,3,C
MX9,4,C
MX9,5,C
MX9,6,C
MX9,7,C
MX9,8,O
MX9,9,C
MX9,10,O
MX9,11,C
MX9,12,C
MX9,13,C
MX9,14,C
MX9,15,C
MX9,16,C
MX9,17,N
MX9,18,C
MX9,19,O
MX9,20,C
MX9,21,O
N0F,0,C
N0F,1,C
N0F,2,C
N0F,3,C
N0F,4,N
N0F,5,C
N0F,6,C
N0F,7,N
N0F,8,C
N0F,9,O
N0F,10,C
N0F,11,C
N0F,12,C
N0F,13,C
N0F,14,C
N0F,15,S
N0F,16,C
N0F,17,N
N0F,18,C
N0F,19,C
N0F,20,C
N0F,21,C
N0F,22,C
N0F,23,O
N0O,0,C
N0O,1,C
N0O,2,C
N0O,3,C
N0O,4,C
N0O,5,C
N0O,6,N
N0O,7,C
N0O,8,N
N0O,9,N
N0O,10,C
N0O,11,N
N0O,12,C
N0O,13,O
N0O,14,C
N0O,15,C
N0O,16,O
N0O,17,C
N0O,18,C
N0O,19,C
N0O,20,C
N0O,21,C
N0O,22,C
N0O,23,Cl
N0X,0,C
N0X,1,C
N0X,2,C
N0X,3,C
N0X,4,O
N0X,5,C
N0X,6,C
N0X,7,C
N0X,8,C
N0X,9,C
N0X,10,C
N0X,11,C
N0X,12,O
N0X,13,N
N0X,14,C
N0X,15,N
N0X,16,N
N0X,17,C
N0X,18,N
N0X,19,C
N0X,20,C
N0X,21,C
N1U,0,C
N1U,1,C
N1U,2,C
N1U,3,C
N1U,4,C
N1U,5,C
N1U,6,C
N1U,7,N
N1U,8,C
N1U,9,O
N1U,10,C
N1U,11,O
N1U,12,C
N1U,13,C
N1U,14,C
N1U,15,C
N1U,16,C
N1U,17,C
N1U,18,C
N1U,19,O
N1U,20,C
N1U,21,O
N1U,22,C
N1U,23,Br
N2X,0,C
N2X,1,C
N2X,2,O
N2X,3,C
N2X,4,C
N2X,5,C
N2X,6,C
N2X,7,C
N2X,8,C
N2X,9,C
N2X,10,N
N2X,11,C
N2X,12,C
N2X,13,C
N2X,14,C
N2X,15,C
N2X,16,C
N2X,17,C
N2X,18,C
N2X,19,O
N2X,20,O
N2X,21,Br
N3R,0,C
N3R,1,O
N3R,2,C
N3R,3,C
N3R,4,C
N3R,5,C
N3R,6,C
N3R,7,C
N3R,8,O
N3R,9,C
N3R,10,C
N3R,11,N
N3R,12,C
N3R,13,O
N3R,14,C
N3R,15,C
N3R,16,C
N3R,17,O
N3R,18,N
N3R,19,C
N3R,20,C
N3R,21,C
N3R,22,C
N3R,23,C
N3R,24,C
N3R,25,F
N3I,0,C
N3I,1,C
N3I,2,C
N3I,3,C
N3I,4,N
N3I,5,C
N3I,6,C
N3I,7,N
N3I,8,C
N3I,9,O
N3I,10,C
N3I,11,C
N3I,12,C
N3I,13,C
N3I,14,C
N3I,15,C
N3I,16,C
N3I,17,Cl
N3I,18,O
N3I,19,C
N4L,0,C
N4L,1,C
N4L,2,C
N4L,3,C
N4L,4,C
N4L,5,C
N4L,6,C
N4L,7,C
N4L,8,C
N4L,9,C
N4L,10,O
N4L,11,N
N4L,12,C
N4L,13,O
N4L,14,N
N4L,15,C
N4L,16,C
N4L,17,O
N4L,18,C
N4L,19,C
N4L,20,C
N4L,21,C
N4L,22,C
N4L,23,C
N4L,24,O
N4L,25,C
N5L,0,C
N5L,1,C
N5L,2,C
N5L,3,C
N5L,4,N
N5L,5,C
N5L,6,C
N5L,7,N
N5L,8,C
N5L,9,O
N5L,10,C
N5L,11,C
N5L,12,C
N5L,13,C
N5L,14,C
N5L,15,C
N5L,16,C
N5L,17,Cl
N5L,18,N
N43,0,C
N43,1,O
N43,2,C
N43,3,C
N43,4,C
N43,5,C
N43,6,C
N43,7,C
N43,8,O
N43,9,C
N43,10,C
N43,11,N
N43,12,C
N43,13,O
N43,14,C
N43,15,C
N43,16,C
N43,17,O
N43,18,N
N43,19,C
N43,20,C
N43,21,C
N43,22,C
N43,23,C
N43,24,C
N43,25,O
N43,26,C
N6X,0,C
N6X,1,C
N6X,2,C
N6X,3,C
N6X,4,N
N6X,5,C
N6X,6,C
N6X,7,N
N6X,8,C
N6X,9,O
N6X,10,C
N6X,11,C
N6X,12,C
N6X,13,C
N6X,14,C
N6X,15,C
N6X,16,C
N6X,17,C
N6X,18,N
N6X,19,N
N9I,0,C
N9I,1,C
N9I,2,C
N9I,3,C
N9I,4,N
N9I,5,C
N9I,6,C
N9I,7,C
N9I,8,C
N9I,9,O
N9I,10,N
N9I,11,C
N9I,12,C
N9I,13,C
N9I,14,C
N9I,15,C
N9I,16,C
N9I,17,C
N9I,18,N
N9I,19,C
N9I,20,C
N8X,0,C
N8X,1,C
N8X,2,C
N8X,3,C
N8X,4,C
N8X,5,C
N8X,6,C
N8X,7,C
N8X,8,C
N8X,9,O
N8X,10,N
N8X,11,C
N8X,12,N
N8X,13,N
N8X,14,C
N8X,15,N
N8X,16,C
N8X,17,C
N7L,0,C
N7L,1,C
N7L,2,C
N7L,3,C
N7L,4,N
N7L,5,C
N7L,6,C
N7L,7,N
N7L,8,C
N7L,9,O
N7L,10,C
N7L,11,C
N7L,12,C
N7L,13,C
N7L,14,F
NB0,0,C
NB0,1,C
NB0,2,C
NB0,3,C
NB0,4,C
NB0,5,C
NB0,6,C
NB0,7,C
NB0,8,C
NB0,9,O
NB0,10,N
NB0,11,C
NB0,12,O
NB0,13,N
NB0,14,C
NB0,15,C
NB0,16,N
NB0,17,C
NB0,18,C
NB0,19,C
NB0,20,C
NB0,21,C
NB0,22,C
NB0,23,C
NB0,24,C
NB0,25,F
N6F,0,C
N6F,1,C
N6F,2,C
N6F,3,C
N6F,4,C
N6F,5,C
N6F,6,C
N6F,7,C
N6F,8,Cl
N6F,9,C
N6F,10,O
N6F,11,N
N6F,12,C
N6F,13,C
N6F,14,N
N6F,15,C
N6F,16,C
N6F,17,C
N6F,18,N
N6F,19,C
N6F,20,O
N6F,21,C
NB6,0,C
NB6,1,C
NB6,2,C
NB6,3,C
NB6,4,N
NB6,5,C
NB6,6,C
NB6,7,N
NB6,8,C
NB6,9,O
NB6,10,C
NB6,11,C
NB6,12,C
NB6,13,C
NB6,14,C
NB6,15,C
NB6,16,C
NB6,17,Br
NDI,0,C
NDI,1,C
NDI,2,C
NDI,3,C
NDI,4,N
NDI,5,C
NDI,6,C
NDI,7,N
NDI,8,C
NDI,9,O
NDI,10,C
NDI,11,N
NDI,12,C
NDI,13,C
NDI,14,N
NDI,15,C
NDI,16,C
NDI,17,C
NDI,18,O
NDI,19,C
NEL,0,C
NEL,1,C
NEL,2,C
NEL,3,C
NEL,4,C
NEL,5,C
NEL,6,Cl
NEL,7,C
NEL,8,C
NEL,9,O
NEL,10,N
NEL,11,C
NEL,12,C
NEL,13,C
NEL,14,C
NEL,15,C
NEL,16,C
NEL,17,C
NEL,18,N
NEL,19,N
NGX,0,C
NGX,1,C
NGX,2,C
NGX,3,C
NGX,4,C
NGX,5,C
NGX,6,Cl
NGX,7,C
NGX,8,C
NGX,9,C
NGX,10,N
NGX,11,C
NGX,12,N
NGX,13,C
NGX,14,N
NGX,15,O
NJE,0,C
NJE,1,C
NJE,2,C
NJE,3,C
NJE,4,N
NJE,5,C
NJE,6,C
NJE,7,N
NJE,8,C
NJE,9,O
NJE,10,C
NJE,11,N
NJE,12,C
NJE,13,C
NJE,14,C
NJE,15,C
NJE,16,C
NIJ,0,C
NIJ,1,C
NIJ,2,C
NIJ,3,C
NIJ,4,N
NIJ,5,C
NIJ,6,C
NIJ,7,N
NIJ,8,C
NIJ,9,O
NIJ,10,C
NIJ,11,C
NIJ,12,C
NIJ,13,C
NIJ,14,C
NIJ,15,C
NIJ,16,C
NIJ,17,C
NIJ,18,F
NJU,0,C
NJU,1,C
NJU,2,C
NJU,3,C
NJU,4,C
NJU,5,C
NJU,6,Cl
NJU,7,C
NJU,8,C
NJU,9,O
NJU,10,N
NJU,11,C
NJU,12,C
NJU,13,N
NJU,14,C
NJU,15,C
NJU,16,C
NJU,17,C
NJU,18,C
NJU,19,C
NJU,20,C
NO0,0,C
NO0,1,C
NO0,2,C
NO0,3,C
NO0,4,C
NO0,5,C
NO0,6,C
NO0,7,C
NO0,8,C
NO0,9,C
NO0,10,O
NO0,11,N
NO0,12,C
NO0,13,C
NO0,14,N
NO0,15,C
NO0,16,C
NO0,17,C
NO0,18,C
NO0,19,C
NO0,20,C
NO0,21,C
NM0,0,C
NM0,1,C
NM0,2,C
NM0,3,N
NM0,4,C
NM0,5,C
NM0,6,N
NM0,7,C
NM0,8,C
NM0,9,N
NM0,10,C
NM0,11,O
NM0,12,C
NM0,13,C
NM0,14,C
NM0,15,C
NM0,16,C
NM0,17,C
NM0,18,C
NM0,19,Cl
NKU,0,C
NKU,1,N
NKU,2,C
NKU,3,C
NKU,4,C
NKU,5,C
NKU,6,C
NKU,7,C
NKU,8,C
NKU,9,Cl
NKU,10,C
NKU,11,O
NKU,12,C
NKU,13,N
NKU,14,C
NKU,15,C
NKU,16,C
NKU,17,C
NKU,18,C
NKU,19,C
NKU,20,N
NKU,21,N
NOI,0,C
NOI,1,N
NOI,2,C
NOI,3,N
NOI,4,C
NOI,5,C
NOI,6,N
NOI,7,C
NOI,8,O
NOI,9,C
NOI,10,C
NOI,11,C
NOI,12,C
NOI,13,C
NOI,14,C
NOI,15,C
NOI,16,Cl
NQ3,0,C
NQ3,1,C
NQ3,2,C
NQ3,3,C
NQ3,4,N
NQ3,5,C
NQ3,6,C
NQ3,7,N
NQ3,8,C
NQ3,9,C
NQ3,10,N
NQ3,11,C
NQ3,12,O
NQ3,13,C
NQ3,14,C
NQ3,15,C
NQ3,16,C
NQ3,17,C
NQ3,18,C
NQ3,19,Cl
NQO,0,C
NQO,1,C
NQO,2,C
NQO,3,C
NQO,4,N
NQO,5,N
NQO,6,C
NQO,7,N
NQO,8,C
NQO,9,O
NQO,10,C
NQO,11,C
NQO,12,C
NQO,13,C
NQO,14,C
NQO,15,C
NQO,16,C
NQO,17,Cl
NRC,0,C
NRC,1,C
NRC,2,C
NRC,3,C
NRC,4,N
NRC,5,C
NRC,6,C
NRC,7,N
NRC,8,C
NRC,9,O
NRC,10,C
NRC,11,C
NRC,12,C
NRC,13,C
NRC,14,C
NRC,15,C
NRC,16,C
NRC,17,Cl
NRC,18,C
NRC,19,O
NRC,20,O
NRC,21,C
NU0,0,C
NU0,1,C
NU0,2,C
NU0,3,C
NU0,4,C
NU0,5,C
NU0,6,Cl
NU0,7,C
NU0,8,C
NU0,9,O
NU0,10,N
NU0,11,C
NU0,12,C
NU0,13,N
NU0,14,C
NU0,15,C
NU0,16,C
NU0,17,C
NU0,18,N
NU0,19,C
NU0,20,C
NRX,0,C
NRX,1,C
NRX,2,C
NRX,3,N
NRX,4,C
NRX,5,N
NRX,6,C
NRX,7,C
NRX,8,C
NRX,9,N
NRX,10,C
NRX,11,O
NRX,12,C
NRX,13,C
NRX,14,C
NRX,15,C
NRX,16,C
NRX,17,C
NRX,18,C
NRX,19,Cl
NSR,0,C
NSR,1,C
NSR,2,C
NSR,3,C
NSR,4,C
NSR,5,C
NSR,6,C
NSR,7,N
NSR,8,C
NSR,9,C
NSR,10,N
NSR,11,C
NSR,12,O
NSR,13,C
NSR,14,C
NSR,15,C
NSR,16,O
NSR,17,C
NSR,18,C
NSR,19,C
NSR,20,C
NSR,21,C
NSR,22,C
NSR,23,Cl
NUR,0,C
NUR,1,N
NUR,2,C
NUR,3,C
NUR,4,N
NUR,5,C
NUR,6,C
NUR,7,C
NUR,8,C
NUR,9,C
NUR,10,C
NUR,11,C
NUR,12,C
NUR,13,O
NUR,14,C
NUR,15,C
NUR,16,C
NUR,17,C
NUR,18,C
NUR,19,C
NUR,20,C
NUR,21,Cl
NV9,0,C
NV9,1,C
NV9,2,C
NV9,3,C
NV9,4,C
NV9,5,C
NV9,6,C
NV9,7,C
NV9,8,C
NV9,9,N
NV9,10,C
NV9,11,C
NV9,12,N
NV9,13,C
NV9,14,O
NV9,15,C
NV9,16,C
NV9,17,C
NV9,18,C
NV9,19,C
NV9,20,C
NV9,21,C
NV9,22,Cl
NW0,0,C
NW0,1,C
NW0,2,C
NW0,3,C
NW0,4,N
NW0,5,C
NW0,6,C
NW0,7,N
NW0,8,C
NW0,9,O
NW0,10,C
NW0,11,C
NW0,12,C
NW0,13,C
NW0,14,C
NW0,15,C
NW0,16,C
NW0,17,C
NW0,18,Cl
NVO,0,C
NVO,1,C
NVO,2,C
NVO,3,C
NVO,4,C
NVO,5,C
NVO,6,C
NVO,7,N
NVO,8,N
NVO,9,C
NVO,10,N
NVO,11,C
NVO,12,O
NVO,13,C
NVO,14,C
NVO,15,C
NVO,16,C
NVO,17,C
NVO,18,C
NVO,19,C
NVO,20,Cl
NYR,0,C
NYR,1,C
NYR,2,C
NYR,3,C
NYR,4,N
NYR,5,N
NYR,6,C
NYR,7,C
NYR,8,O
NYR,9,N
NYR,10,C
NYR,11,C
NYR,12,C
NYR,13,C
NYR,14,C
NYR,15,C
NYR,16,Cl
NX9,0,C
NX9,1,C
NX9,2,C
NX9,3,C
NX9,4,C
NX9,5,C
NX9,6,Cl
NX9,7,C
NX9,8,C
NX9,9,O
NX9,10,N
NX9,11,C
NX9,12,C
NX9,13,N
NX9,14,N
NX9,15,C
NWI,0,C
NWI,1,C
NWI,2,C
NWI,3,C
NWI,4,C
NWI,5,C
NWI,6,Cl
NWI,7,C
NWI,8,C
NWI,9,O
NWI,10,N
NWI,11,C
NWI,12,C
NWI,13,N
NWI,14,C
NWI,15,C
NWI,16,C
NWI,17,N
NWI,18,C
NWI,19,C
NWI,20,C
O0R,0,C
O0R,1,C
O0R,2,C
O0R,3,C
O0R,4,C
O0R,5,C
O0R,6,Cl
O0R,7,C
O0R,8,C
O0R,9,O
O0R,10,N
O0R,11,C
O0R,12,C
O0R,13,N
O0R,14,C
O0R,15,C
O0R,16,C
O0R,17,C
O0R,18,C
O0R,19,C
NZK,0,C
NZK,1,C
NZK,2,O
NZK,3,N
NZK,4,C
NZK,5,C
NZK,6,N
NZK,7,C
NZK,8,C
NZK,9,C
NZK,10,C
NZK,11,O
NZK,12,N
NZK,13,C
NZK,14,C
NZK,15,N
NZK,16,C
NZK,17,C
NZK,18,C
NZK,19,C
NZK,20,C
NZK,21,C
NZK,22,C
O1I,0,C
O1I,1,C
O1I,2,C
O1I,3,C
O1I,4,N
O1I,5,C
O1I,6,C
O1I,7,N
O1I,8,C
O1I,9,O
O1I,10,C
O1I,11,C
O1I,12,O
O1I,13,C
O1I,14,C
O1I,15,C
O1I,16,C
O1I,17,C
O1I,18,C
O1I,19,Cl
O0C,0,C
O0C,1,C
O0C,2,C
O0C,3,C
O0C,4,C
O0C,5,C
O0C,6,Cl
O0C,7,C
O0C,8,C
O0C,9,O
O0C,10,N
O0C,11,C
O0C,12,C
O0C,13,N
O0C,14,C
O0C,15,C
O0C,16,C
O0C,17,C
O0C,18,C
O0C,19,N
O0C,20,C
O0X,0,C
O0X,1,C
O0X,2,C
O0X,3,C
O0X,4,C
O0X,5,C
O0X,6,Cl
O0X,7,C
O0X,8,C
O0X,9,O
O0X,10,N
O0X,11,C
O0X,12,C
O0X,13,N
O0X,14,C
O0X,15,C
O0X,16,C
O0X,17,C
O0X,18,C
O0X,19,C
O0X,20,N
O3I,0,C
O3I,1,C
O3I,2,C
O3I,3,C
O3I,4,C
O3I,5,C
O3I,6,C
O3I,7,F
O3I,8,F
O3I,9,C
O3I,10,C
O3I,11,C
O3I,12,C
O3I,13,C
O3I,14,C
O3I,15,Cl
O3I,16,C
O3I,17,C
O3I,18,O
O3I,19,N
O3I,20,C
O3I,21,C
O3I,22,N
O3I,23,C
O3I,24,C
O3I,25,C
O3I,26,C
O1X,0,C
O1X,1,C
O1X,2,C
O1X,3,C
O1X,4,N
O1X,5,C
O1X,6,C
O1X,7,N
O1X,8,C
O1X,9,O
O1X,10,C
O1X,11,C
O1X,12,O
O1X,13,C
O1X,14,F
O1X,15,F
O2R,0,C
O2R,1,C
O2R,2,C
O2R,3,C
O2R,4,O
O2R,5,C
O2R,6,C
O2R,7,C
O2R,8,C
O2R,9,C
O2R,10,C
O2R,11,C
O2R,12,C
O2R,13,O
O2R,14,N
O2R,15,C
O2R,16,C
O2R,17,N
O2R,18,C
O2R,19,C
O2R,20,C
O2R,21,C
O2R,22,Cl
O4L,0,C
O4L,1,C
O4L,2,C
O4L,3,C
O4L,4,C
O4L,5,N
O4L,6,N
O4L,7,C
O4L,8,O
O4L,9,C
O4L,10,N
O4L,11,N
O4L,12,C
O4L,13,O
O4L,14,C
O4L,15,C
O4L,16,C
O4L,17,C
O4L,18,C
O4L,19,C
O4L,20,C
O4L,21,C
O4L,22,O
O4L,23,C
O3U,0,C
O3U,1,C
O3U,2,O
O3U,3,N
O3U,4,C
O3U,5,N
O3U,6,C
O3U,7,C
O3U,8,C
O3U,9,C
O3U,10,C
O3U,11,N
O3U,12,C
O3U,13,C
O3U,14,C
O3U,15,C
O3U,16,C
O3U,17,C
O3U,18,N
O3U,19,S
O3U,20,C
O5C,0,C
O5C,1,C
O5C,2,C
O5C,3,C
O5C,4,C
O5C,5,C
O5C,6,C
O5C,7,C
O5C,8,N
O5C,9,C
O5C,10,C
O5C,11,O
O5C,12,C
O5C,13,C
O5C,14,C
O5C,15,C
O5C,16,C
O5C,17,C
O5C,18,F
O5C,19,C
O5C,20,O
O5C,21,C
Z26,0,C
Z26,1,O
Z26,2,C
Z26,3,C
Z26,4,C
Z26,5,C
Z26,6,C
Z26,7,C
Z26,8,C
Z26,9,C
Z26,10,O
Z26,11,N
Z26,12,C
Z26,13,C
Z26,14,N
Z26,15,C
Z26,16,C
Z26,17,C
Z26,18,C
Z26,19,C
Z26,20,C
Z26,21,C
Z26,22,Cl
O87,0,C
O87,1,C
O87,2,C
O87,3,C
O87,4,C
O87,5,C
O87,6,C
O87,7,C
O87,8,C
O87,9,O
O87,10,N
O87,11,C
O87,12,O
O87,13,N
O87,14,C
O87,15,C
O87,16,N
O87,17,C
O87,18,C
O87,19,C
O87,20,C
O87,21,C
O87,22,C
O87,23,C
O87,24,C
O87,25,C
O87,26,F
O87,27,F
O87,28,F
O9O,0,C
O9O,1,O
O9O,2,C
O9O,3,C
O9O,4,C
O9O,5,C
O9O,6,C
O9O,7,N
O9O,8,O
O9O,9,C
O9O,10,C
O9O,11,C
O9O,12,C
O9O,13,C
O9O,14,C
O9O,15,Cl
O9O,16,N
O9O,17,C
O9O,18,O
O9O,19,C
O9O,20,C
O9O,21,C
O9O,22,N
O9O,23,C
O9O,24,C
O9O,25,C
O9O,26,C
O9O,27,C
O9O,28,C
O9O,29,C
O8L,0,C
O8L,1,C
O8L,2,C
O8L,3,C
O8L,4,N
O8L,5,C
O8L,6,C
O8L,7,N
O8L,8,C
O8L,9,O
O8L,10,C
O8L,11,C
O8L,12,C
O8L,13,C
O8L,14,C
O8L,15,C
O8L,16,C
O8L,17,C
O8L,18,Cl
O8L,19,O
O8L,20,C
O8L,21,C
O8L,22,C
O8L,23,O
O8L,24,N
O9X,0,C
O9X,1,C
O9X,2,C
O9X,3,C
O9X,4,N
O9X,5,C
O9X,6,C
O9X,7,N
O9X,8,C
O9X,9,O
O9X,10,C
O9X,11,C
O9X,12,O
O9X,13,C
O9X,14,F
O9X,15,F
OAO,0,C
OAO,1,C
OAO,2,C
OAO,3,C
OAO,4,N
OAO,5,C
OAO,6,C
OAO,7,N
OAO,8,C
OAO,9,O
OAO,10,C
OAO,11,C
OAO,12,C
OAO,13,C
OAO,14,C
OAO,15,C
OAO,16,C
OAO,17,Cl
OAO,18,O
OAO,19,C
OAO,20,C
OAO,21,N
OAO,22,C
OAO,23,N
OAO,24,O
OAO,25,C
OBO,0,C
OBO,1,C
OBO,2,C
OBO,3,C
OBO,4,C
OBO,5,C
OBO,6,Cl
OBO,7,C
OBO,8,C
OBO,9,O
OBO,10,N
OBO,11,C
OBO,12,C
OBO,13,N
OBO,14,C
OBO,15,C
OBO,16,C
OBO,17,N
OBO,18,C
OBO,19,N
OCI,0,C
OCI,1,C
OCI,2,C
OCI,3,C
OCI,4,N
OCI,5,C
OCI,6,C
OCI,7,N
OCI,8,C
OCI,9,O
OCI,10,C
OCI,11,C
OCI,12,C
OCI,13,C
OCI,14,C
OCI,15,C
OCI,16,C
OCI,17,Cl
OCI,18,N
OCI,19,S
OCI,20,O
OCI,21,O
OCI,22,N
OD7,0,C
OD7,1,O
OD7,2,C
OD7,3,C
OD7,4,C
OD7,5,C
OD7,6,C
OD7,7,C
OD7,8,N
OD7,9,N
OD7,10,N
OD7,11,C
OD7,12,C
OD7,13,O
OD7,14,N
OD7,15,C
OD7,16,C
OD7,17,C
OD7,18,C
OD7,19,C
OD7,20,C
OD7,21,N
OD7,22,C
OD7,23,C
OD7,24,C
OD7,25,C
OD7,26,C
OD7,27,C
OD7,28,C
OD7,29,C
OD7,30,C
OD7,31,N
OD7,32,C
OD7,33,C
ODX,0,C
ODX,1,C
ODX,2,C
ODX,3,C
ODX,4,N
ODX,5,C
ODX,6,C
ODX,7,N
ODX,8,C
ODX,9,O
ODX,10,C
ODX,11,C
ODX,12,C
ODX,13,C
ODX,14,C
ODX,15,C
ODX,16,C
ODX,17,Cl
ODX,18,N
ODX,19,C
ODX,20,C
ODX,21,C
ODX,22,C
ODX,23,C
ODX,24,O
OE6,0,C
OE6,1,C
OE6,2,C
OE6,3,C
OE6,4,C
OE6,5,C
OE6,6,N
OE6,7,N
OE6,8,N
OE6,9,N
OE6,10,C
OE6,11,O
OE6,12,C
OE6,13,C
OE6,14,C
OE6,15,C
OE6,16,C
OE6,17,C
OE6,18,C
OE6,19,Cl
OEO,0,C
OEO,1,N
OEO,2,C
OEO,3,C
OEO,4,C
OEO,5,C
OEO,6,C
OEO,7,C
OEO,8,C
OEO,9,N
OEO,10,C
OEO,11,C
OEO,12,C
OEO,13,C
OEO,14,S
OEO,15,C
OEO,16,C
OEO,17,O
OEO,18,C
OEO,19,C
OEO,20,C
OEO,21,N
OEO,22,C
OEO,23,C
OEO,24,C
OEO,25,C
OEO,26,C
OEO,27,C
OEO,28,C
OFX,0,C
OFX,1,N
OFX,2,C
OFX,3,C
OFX,4,C
OFX,5,C
OFX,6,C
OFX,7,C
OFX,8,C
OFX,9,N
OFX,10,C
OFX,11,C
OFX,12,C
OFX,13,C
OFX,14,N
OFX,15,N
OFX,16,C
OFX,17,O
OFX,18,C
OFX,19,N
OFX,20,C
OFX,21,C
OFX,22,C
OFX,23,C
OFX,24,C
OFX,25,C
OFX,26,N
OFX,27,N
OGF,0,C
OGF,1,N
OGF,2,C
OGF,3,O
OGF,4,N
OGF,5,C
OGF,6,C
OGF,7,C
OGF,8,C
OGF,9,C
OGF,10,C
OGF,11,N
OGF,12,C
OGF,13,C
OGF,14,C
OGF,15,C
OGF,16,S
OGF,17,C
OGF,18,C
OGF,19,O
OGF,20,C
OGF,21,N
OGF,22,C
OGF,23,C
OGF,24,C
OGF,25,C
OGF,26,C
OGF,27,C
OGF,28,N
OGF,29,N
OHC,0,C
OHC,1,C
OHC,2,C
OHC,3,C
OHC,4,N
OHC,5,C
OHC,6,C
OHC,7,N
OHC,8,C
OHC,9,O
OHC,10,C
OHC,11,C
OHC,12,C
OHC,13,C
OHC,14,C
OHC,15,C
OHC,16,C
OHC,17,Cl
OHC,18,C
OHC,19,N
OHC,20,C
OHC,21,O
OHC,22,C
OI4,0,C
OI4,1,C
OI4,2,C
OI4,3,C
OI4,4,N
OI4,5,C
OI4,6,C
OI4,7,N
OI4,8,C
OI4,9,O
OI4,10,C
OI4,11,C
OI4,12,C
OI4,13,O
OI4,14,C
OI4,15,C
OI4,16,C
OI4,17,C
OI4,18,C
OI4,19,C
OI4,20,Cl
OIK,0,C
OIK,1,C
OIK,2,C
OIK,3,C
OIK,4,C
OIK,5,C
OIK,6,N
OIK,7,C
OIK,8,C
OIK,9,N
OIK,10,C
OIK,11,C
OIK,12,C
OIK,13,O
OIK,14,C
OIK,15,C
OIK,16,N
OIK,17,C
OIK,18,C
OIK,19,C
OIK,20,C
OIK,21,C
OIK,22,C
OIK,23,C
OIE,0,C
OIE,1,C
OIE,2,C
OIE,3,C
OIE,4,C
OIE,5,C
OIE,6,C
OIE,7,N
OIE,8,C
OIE,9,C
OIE,10,N
OIE,11,C
OIE,12,O
OIE,13,C
OIE,14,C
OIE,15,C
OIE,16,C
OIE,17,C
OIE,18,C
OIE,19,N
OIE,20,Cl
OIX,0,C
OIX,1,O
OIX,2,C
OIX,3,C
OIX,4,C
OIX,5,C
OIX,6,C
OIX,7,C
OIX,8,O
OIX,9,C
OIX,10,C
OIX,11,N
OIX,12,C
OIX,13,O
OIX,14,C
OIX,15,C
OIX,16,N
OIX,17,C
OIX,18,C
OIX,19,C
OIX,20,C
OIX,21,C
OIX,22,C
OIX,23,C
OJ9,0,C
OJ9,1,C
OJ9,2,C
OJ9,3,C
OJ9,4,C
OJ9,5,C
OJ9,6,C
OJ9,7,N
OJ9,8,C
OJ9,9,C
OJ9,10,N
OJ9,11,C
OJ9,12,O
OJ9,13,C
OJ9,14,C
OJ9,15,C
OJ9,16,C
OJ9,17,C
OJ9,18,C
OJ9,19,C
OJ9,20,O
OJ9,21,C
OJ9,22,C
OJ9,23,Cl
OK9,0,C
OK9,1,C
OK9,2,C
OK9,3,S
OK9,4,C
OK9,5,C
OK9,6,O
OK9,7,N
OK9,8,C
OK9,9,C
OK9,10,C
OK9,11,C
OK9,12,C
OK9,13,C
OK9,14,S
OK9,15,N
OK9,16,C
OK9,17,C
OK9,18,O
OK9,19,C
OK9,20,C
OK9,21,C
OK9,22,O
OJO,0,C
OJO,1,C
OJO,2,O
OJO,3,N
OJO,4,C
OJO,5,C
OJO,6,N
OJO,7,C
OJO,8,C
OJO,9,C
OJO,10,C
OJO,11,C
OJO,12,C
OJO,13,C
OJO,14,C
OJO,15,C
OJO,16,Cl
OJO,17,O
OLX,0,C
OLX,1,C
OLX,2,C
OLX,3,C
OLX,4,C
OLX,5,C
OLX,6,C
OLX,7,C
OLX,8,C
OLX,9,C
OLX,10,O
OLX,11,N
OLX,12,C
OLX,13,C
OLX,14,O
OLX,15,O
OLX,16,O
OKW,0,C
OKW,1,C
OKW,2,C
OKW,3,C
OKW,4,C
OKW,5,C
OKW,6,Cl
OKW,7,C
OKW,8,C
OKW,9,O
OKW,10,N
OKW,11,C
OKW,12,C
OKW,13,N
OKW,14,C
OKW,15,C
OKW,16,C
OKW,17,C
OKW,18,C
OKW,19,C
ONU,0,C
ONU,1,O
ONU,2,C
ONU,3,C
ONU,4,C
ONU,5,C
ONU,6,C
ONU,7,C
ONU,8,N
ONU,9,C
ONU,10,C
ONU,11,N
ONU,12,C
ONU,13,C
ONU,14,O
ONU,15,C
ONU,16,C
ONU,17,C
ONU,18,O
ONU,19,N
ONU,20,C
ONU,21,C
ONU,22,C
ONU,23,C
ONU,24,C
ONU,25,C
OGV,0,C
OGV,1,C
OGV,2,C
OGV,3,N
OGV,4,C
OGV,5,C
OGV,6,N
OGV,7,N
OGV,8,C
OGV,9,N
OGV,10,C
OGV,11,O
OGV,12,C
OGV,13,C
OGV,14,C
OGV,15,C
OGV,16,C
OGV,17,C
OGV,18,C
OGV,19,Cl
OGO,0,C
OGO,1,O
OGO,2,C
OGO,3,C
OGO,4,C
OGO,5,C
OGO,6,C
OGO,7,C
OGO,8,O
OGO,9,C
OGO,10,C
OGO,11,N
OGO,12,C
OGO,13,C
OGO,14,O
OGO,15,C
OGO,16,C
OGO,17,C
OGO,18,O
OGO,19,N
OGO,20,C
OGO,21,C
OGO,22,C
OGO,23,C
OGO,24,C
OGO,25,C
OO6,0,C
OO6,1,C
OO6,2,C
OO6,3,O
OO6,4,C
OO6,5,C
OO6,6,C
OO6,7,C
OO6,8,C
OO6,9,C
OO6,10,C
OO6,11,C
OO6,12,O
OO6,13,N
OO6,14,C
OO6,15,C
OO6,16,N
OO6,17,C
OO6,18,C
OO6,19,C
OO6,20,C
OO6,21,C
OO6,22,C
OO6,23,C
OO6,24,Cl
OPU,0,C
OPU,1,C
OPU,2,C
OPU,3,C
OPU,4,N
OPU,5,C
OPU,6,N
OPU,7,N
OPU,8,C
OPU,9,C
OPU,10,N
OPU,11,C
OPU,12,O
OPU,13,C
OPU,14,C
OPU,15,C
OPU,16,O
OPU,17,C
OPU,18,C
OPU,19,C
OPU,20,C
OPU,21,C
OPU,22,C
OPU,23,Cl
OOL,0,H
OOL,1,N
OOL,2,C
OOL,3,C
OOL,4,N
OOL,5,C
OOL,6,C
OOL,7,C
OOL,8,N
OOL,9,O
OOL,10,C
OOL,11,O
OOL,12,C
OQF,0,C
OQF,1,N
OQF,2,C
OQF,3,C
OQF,4,C
OQF,5,C
OQF,6,C
OQF,7,C
OQF,8,C
OQF,9,N
OQF,10,C
OQF,11,C
OQF,12,C
OQF,13,S
OQF,14,C
OQF,15,N
OQF,16,C
OQF,17,O
OQF,18,C
OQF,19,N
OQF,20,C
OQF,21,C
OQF,22,C
OQF,23,C
OQF,24,C
OQF,25,C
OQF,26,N
OQF,27,N
OQL,0,C
OQL,1,C
OQL,2,C
OQL,3,C
OQL,4,C
OQL,5,C
OQL,6,C
OQL,7,N
OQL,8,C
OQL,9,C
OQL,10,N
OQL,11,C
OQL,12,O
OQL,13,C
OQL,14,C
OQL,15,C
OQL,16,N
OQL,17,C
OQL,18,C
OQL,19,C
OQL,20,C
OQL,21,C
OQL,22,C
OQL,23,Cl
OQX,0,C
OQX,1,O
OQX,2,C
OQX,3,C
OQX,4,C
OQX,5,C
OQX,6,C
OQX,7,C
OQX,8,N
OQX,9,C
OQX,10,C
OQX,11,C
OQX,12,C
OQX,13,C
OQX,14,C
OQX,15,C
OQX,16,Cl
OQX,17,C
OQX,18,O
OQX,19,C
OQX,20,N
OQX,21,C
OQX,22,C
OQX,23,C
OQX,24,C
OQX,25,C
OQX,26,C
OQX,27,N
OQX,28,N
ORR,0,C
ORR,1,C
ORR,2,C
ORR,3,C
ORR,4,C
ORR,5,C
ORR,6,Cl
ORR,7,C
ORR,8,C
ORR,9,O
ORR,10,N
ORR,11,C
ORR,12,C
ORR,13,C
ORR,14,C
ORR,15,C
ORR,16,C
ORR,17,N
ORR,18,C
ORR,19,C
ORR,20,N
SQ2,0,C
SQ2,1,C
SQ2,2,C
SQ2,3,C
SQ2,4,N
SQ2,5,C
SQ2,6,C
SQ2,7,C
SQ2,8,O
SQ2,9,C
SQ2,10,N
SQ2,11,C
SQ2,12,C
SQ2,13,C
SQ2,14,C
SQ2,15,C
SQ2,16,C
SQ2,17,N
SQ2,18,N
OSI,0,C
OSI,1,C
OSI,2,C
OSI,3,C
OSI,4,O
OSI,5,C
OSI,6,C
OSI,7,C
OSI,8,C
OSI,9,C
OSI,10,C
OSI,11,Cl
OSI,12,C
OSI,13,O
OSI,14,N
OSI,15,C
OSI,16,C
OSI,17,N
OSI,18,C
OSI,19,C
OSI,20,C
OSI,21,C
OSI,22,C
OSI,23,C
OSI,24,C
OTV,0,C
OTV,1,C
OTV,2,C
OTV,3,C
OTV,4,N
OTV,5,C
OTV,6,C
OTV,7,N
OTV,8,C
OTV,9,O
OTV,10,C
OTV,11,C
OTV,12,C
OTV,13,C
OTV,14,C
OTV,15,C
OTV,16,C
OTV,17,Cl
OTV,18,N
OTV,19,C
OTV,20,C
OTV,21,C
OTV,22,C
OTV,23,F
OTV,24,F
OTV,25,F
OV4,0,C
OV4,1,N
OV4,2,C
OV4,3,C
OV4,4,C
OV4,5,C
OV4,6,C
OV4,7,C
OV4,8,C
OV4,9,N
OV4,10,C
OV4,11,C
OV4,12,C
OV4,13,C
OV4,14,C
OV4,15,C
OV4,16,C
OV4,17,C
OV4,18,O
OV4,19,C
OV4,20,N
OV4,21,C
OV4,22,C
OV4,23,C
OV4,24,C
OV4,25,C
OV4,26,C
OV4,27,N
OV4,28,N
OUF,0,C
OUF,1,C
OUF,2,C
OUF,3,O
OUF,4,C
OUF,5,C
OUF,6,C
OUF,7,N
OUF,8,C
OUF,9,C
OUF,10,C
OUF,11,C
OUF,12,C
OUF,13,O
OUF,14,C
OUF,15,O
OUF,16,N
OUF,17,C
OUF,18,C
OUF,19,N
OUF,20,C
OUF,21,O
OUF,22,C
OUF,23,C
OUF,24,C
OUF,25,C
OUF,26,C
OUF,27,C
OUF,28,C
OVF,0,C
OVF,1,N
OVF,2,C
OVF,3,C
OVF,4,C
OVF,5,C
OVF,6,C
OVF,7,C
OVF,8,C
OVF,9,N
OVF,10,C
OVF,11,C
OVF,12,C
OVF,13,C
OVF,14,C
OVF,15,C
OVF,16,C
OVF,17,Cl
OVF,18,C
OVF,19,O
OVF,20,C
OVF,21,N
OVF,22,C
OVF,23,C
OVF,24,C
OVF,25,C
OVF,26,C
OVF,27,C
OVF,28,N
OVF,29,N
OT6,0,C
OT6,1,C
OT6,2,C
OT6,3,C
OT6,4,N
OT6,5,C
OT6,6,C
OT6,7,N
OT6,8,C
OT6,9,O
OT6,10,C
OT6,11,C
OT6,12,C
OT6,13,C
OT6,14,C
OT6,15,C
OT6,16,C
OT6,17,Cl
OT6,18,N
OT6,19,C
OT6,20,C
OT6,21,C
OT6,22,C
OT6,23,C
OT6,24,N
OVX,0,C
OVX,1,C
OVX,2,C
OVX,3,C
OVX,4,C
OVX,5,C
OVX,6,C
OVX,7,N
OVX,8,C
OVX,9,C
OVX,10,C
OVX,11,O
OVX,12,N
OVX,13,C
OVX,14,C
OVX,15,N
OVX,16,C
OVX,17,O
OVX,18,C
OVX,19,C
OVX,20,C
OVX,21,C
OVX,22,C
OVX,23,C
OVX,24,C
OVX,25,Cl
OWC,0,C
OWC,1,C
OWC,2,C
OWC,3,C
OWC,4,C
OWC,5,C
OWC,6,C
OWC,7,N
OWC,8,C
OWC,9,C
OWC,10,N
OWC,11,C
OWC,12,C
OWC,13,C
OWC,14,C
OWC,15,C
OWC,16,O
OWC,17,C
OWC,18,C
OWC,19,C
OWC,20,C
OWC,21,C
OWC,22,C
OWC,23,Cl
OWX,0,C
OWX,1,C
OWX,2,C
OWX,3,C
OWX,4,C
OWX,5,C
OWX,6,Cl
OWX,7,C
OWX,8,C
OWX,9,O
OWX,10,N
OWX,11,C
OWX,12,C
OWX,13,N
OWX,14,C
OWX,15,C
OWX,16,C
OWX,17,C
OWX,18,C
OWX,19,C
OWX,20,N
OYX,0,C
OYX,1,C
OYX,2,C
OYX,3,C
OYX,4,C
OYX,5,C
OYX,6,C
OYX,7,N
OYX,8,C
OYX,9,C
OYX,10,C
OYX,11,C
OYX,12,O
OYX,13,N
OYX,14,C
OYX,15,C
OYX,16,C
OYX,17,C
OYX,18,C
OYX,19,C
OYX,20,C
OYX,21,C
OYX,22,C
OYX,23,C
OYX,24,C
OYX,25,C
OYX,26,C
OYX,27,S
OZC,0,C
OZC,1,C
OZC,2,C
OZC,3,C
OZC,4,C
OZC,5,C
OZC,6,C
OZC,7,N
OZC,8,C
OZC,9,C
OZC,10,N
OZC,11,C
OZC,12,C
OZC,13,C
OZC,14,C
OZC,15,C
OZC,16,O
OZC,17,C
OZC,18,C
OZC,19,C
OZC,20,C
OZC,21,C
OZC,22,C
OZC,23,Cl
OYF,0,C
OYF,1,C
OYF,2,C
OYF,3,C
OYF,4,C
OYF,5,C
OYF,6,Cl
OYF,7,C
OYF,8,C
OYF,9,C
OYF,10,O
OYF,11,C
OYF,12,O
OYF,13,N
OYF,14,C
OYF,15,C
OYF,16,N
OYF,17,C
OYF,18,C
OYF,19,C
OYF,20,C
OYF,21,C
OYF,22,N
OYF,23,C
P0X,0,C
P0X,1,C
P0X,2,C
P0X,3,C
P0X,4,C
P0X,5,C
P0X,6,C
P0X,7,C
P0X,8,C
P0X,9,O
P0X,10,N
P0X,11,C
P0X,12,O
P0X,13,N
P0X,14,C
P0X,15,C
P0X,16,N
P0X,17,C
P0X,18,O
P0X,19,C
P0X,20,C
P0X,21,C
P0X,22,C
P0X,23,C
P0X,24,C
P0X,25,C
P0X,26,Cl
P3L,0,C
P3L,1,C
P3L,2,C
P3L,3,C
P3L,4,C
P3L,5,C
P3L,6,Cl
P3L,7,C
P3L,8,C
P3L,9,C
P3L,10,O
P3L,11,C
P3L,12,O
P3L,13,N
P3L,14,C
P3L,15,C
P3L,16,C
P3L,17,N
P3L,18,C
P3L,19,O
P3L,20,C
OZX,0,C
OZX,1,C
OZX,2,C
OZX,3,C
OZX,4,C
OZX,5,C
OZX,6,C
OZX,7,N
OZX,8,C
OZX,9,C
OZX,10,N
OZX,11,C
OZX,12,O
OZX,13,C
OZX,14,C
OZX,15,C
OZX,16,C
OZX,17,C
OZX,18,C
OZX,19,N
OZX,20,Cl
P6O,0,C
P6O,1,C
P6O,2,C
P6O,3,C
P6O,4,C
P6O,5,C
P6O,6,C
P6O,7,N
P6O,8,C
P6O,9,C
P6O,10,N
P6O,11,C
P6O,12,O
P6O,13,C
P6O,14,C
P6O,15,C
P6O,16,O
P6O,17,N
P6O,18,C
P6O,19,C
P6O,20,C
P6O,21,C
P6O,22,C
P6O,23,C
P6O,24,Cl
P6O,25,O
P4R,0,C
P4R,1,C
P4R,2,C
P4R,3,C
P4R,4,C
P4R,5,C
P4R,6,C
P4R,7,N
P4R,8,C
P4R,9,C
P4R,10,N
P4R,11,C
P4R,12,O
P4R,13,C
P4R,14,C
P4R,15,C
P4R,16,O
P4R,17,C
P4R,18,C
P4R,19,C
P4R,20,C
P4R,21,C
P4R,22,C
P4R,23,Cl
P4R,24,N
P4R,25,C
P4R,26,O
P9O,0,C
P9O,1,C
P9O,2,C
P9O,3,C
P9O,4,C
P9O,5,C
P9O,6,Cl
P9O,7,C
P9O,8,C
P9O,9,C
P9O,10,O
P9O,11,C
P9O,12,O
P9O,13,N
P9O,14,C
P9O,15,C
P9O,16,N
P9O,17,C
P9O,18,C
P9O,19,C
P9O,20,C
P9O,21,N
P9O,22,C
P9O,23,C
P7R,0,C
P7R,1,N
P7R,2,C
P7R,3,C
P7R,4,C
P7R,5,N
P7R,6,C
P7R,7,C
P7R,8,N
P7R,9,C
P7R,10,O
P7R,11,C
P7R,12,C
P7R,13,C
P7R,14,O
P7R,15,C
P7R,16,C
P7R,17,C
P7R,18,C
P7R,19,C
P7R,20,C
P7R,21,Cl
P7R,22,N
P7R,23,C
P7R,24,O
PJ6,0,C
PJ6,1,O
PJ6,2,C
PJ6,3,C
PJ6,4,C
PJ6,5,O
PJ6,6,C
PJ6,7,C
PJ6,8,C
PJ6,9,C
PJ6,10,C
PJ6,11,C
PJ6,12,Cl
PJ6,13,C
PJ6,14,O
PJ6,15,N
PJ6,16,C
PJ6,17,C
PJ6,18,N
PJ6,19,C
PJ6,20,C
PJ6,21,C
PJ6,22,C
PJ6,23,C
PJ6,24,C
PJ6,25,C
PKW,0,C
PKW,1,N
PKW,2,C
PKW,3,N
PKW,4,C
PKW,5,C
PKW,6,C
PKW,7,C
PKW,8,N
PKW,9,C
PKW,10,N
PKW,11,C
PKW,12,O
PKW,13,C
PKW,14,C
PKW,15,C
PKW,16,O
PKW,17,C
PKW,18,C
PKW,19,C
PKW,20,C
PKW,21,C
PKW,22,C
PKW,23,Cl
PJX,0,C
PJX,1,N
PJX,2,C
PJX,3,C
PJX,4,C
PJX,5,C
PJX,6,C
PJX,7,C
PJX,8,C
PJX,9,C
PJX,10,C
PJX,11,Cl
PJX,12,C
PJX,13,O
PJX,14,N
PJX,15,C
PJX,16,C
PJX,17,N
PJX,18,C
PJX,19,C
PJX,20,C
PJX,21,C
PJX,22,C
PJX,23,C
PJX,24,C
PQ6,0,C
PQ6,1,C
PQ6,2,C
PQ6,3,C
PQ6,4,C
PQ6,5,C
PQ6,6,C
PQ6,7,N
PQ6,8,C
PQ6,9,C
PQ6,10,N
PQ6,11,C
PQ6,12,O
PQ6,13,C
PQ6,14,C
PQ6,15,C
PQ6,16,O
PQ6,17,C
PQ6,18,C
PQ6,19,C
PQ6,20,C
PQ6,21,C
PQ6,22,C
PQ6,23,Cl
PQ6,24,C
PQ6,25,N
PVR,0,C
PVR,1,C
PVR,2,O
PVR,3,N
PVR,4,C
PVR,5,C
PVR,6,N
PVR,7,C
PVR,8,C
PVR,9,C
PVR,10,C
PVR,11,O
PVR,12,N
PVR,13,C
PVR,14,C
PVR,15,N
PVR,16,C
PVR,17,C
PVR,18,C
PVR,19,C
PVR,20,C
PVR,21,C
PUU,0,C
PUU,1,C
PUU,2,O
PUU,3,N
PUU,4,C
PUU,5,C
PUU,6,C
PUU,7,C
PUU,8,C
PUU,9,C
PUU,10,C
PUU,11,C
PUU,12,C
PUU,13,Cl
PUU,14,C
PUU,15,O
PUU,16,N
PUU,17,C
PUU,18,C
PUU,19,N
PUU,20,C
PUU,21,C
PUU,22,C
PUU,23,C
PUU,24,C
PUU,25,C
PUU,26,C
PWR,0,C
PWR,1,C
PWR,2,C
PWR,3,C
PWR,4,C
PWR,5,C
PWR,6,C
PWR,7,N
PWR,8,C
PWR,9,C
PWR,10,N
PWR,11,C
PWR,12,O
PWR,13,C
PWR,14,C
PWR,15,C
PWR,16,O
PWR,17,C
PWR,18,C
PWR,19,C
PWR,20,C
PWR,21,C
PWR,22,C
PWR,23,Cl
PWR,24,O
Q1C,0,C
Q1C,1,C
Q1C,2,C
Q1C,3,C
Q1C,4,N
Q1C,5,C
Q1C,6,C
Q1C,7,N
Q1C,8,C
Q1C,9,O
Q1C,10,C
Q1C,11,N
Q1C,12,C
Q1C,13,C
Q1C,14,C
Q1C,15,C
Q1C,16,C
Q1C,17,C
Q0I,0,C
Q0I,1,C
Q0I,2,C
Q0I,3,O
Q0I,4,N
Q0I,5,C
Q0I,6,C
Q0I,7,N
Q0I,8,C
Q0I,9,C
Q0I,10,C
Q0I,11,C
Q0I,12,C
Q0I,13,C
Q0I,14,C
Q0I,15,C
Q0I,16,O
Q0I,17,C
Q0I,18,C
Q0I,19,C
Q0I,20,O
Q0I,21,C
Q0I,22,C
Q0I,23,C
Q0I,24,C
Q0I,25,C
Q0I,26,C
Q0I,27,Cl
PZ6,0,C
PZ6,1,C
PZ6,2,C
PZ6,3,C
PZ6,4,C
PZ6,5,C
PZ6,6,C
PZ6,7,N
PZ6,8,C
PZ6,9,C
PZ6,10,N
PZ6,11,C
PZ6,12,O
PZ6,13,C
PZ6,14,C
PZ6,15,C
PZ6,16,O
PZ6,17,C
PZ6,18,C
PZ6,19,C
PZ6,20,C
PZ6,21,C
PZ6,22,C
PZ6,23,Cl
PZ6,24,C
PZ6,25,N
Q2G,0,C
Q2G,1,C
Q2G,2,C
Q2G,3,C
Q2G,4,N
Q2G,5,C
Q2G,6,C
Q2G,7,N
Q2G,8,C
Q2G,9,O
Q2G,10,N
Q2G,11,C
Q2G,12,C
Q2G,13,C
Q2G,14,C
Q2G,15,C
Q2G,16,C
Q2G,17,Cl
Q1U,0,C
Q1U,1,O
Q1U,2,C
Q1U,3,C
Q1U,4,C
Q1U,5,C
Q1U,6,C
Q1U,7,N
Q1U,8,C
Q1U,9,C
Q1U,10,C
Q1U,11,C
Q1U,12,N
Q1U,13,C
Q1U,14,O
Q1U,15,C
Q1U,16,C
Q1U,17,C
Q1U,18,C
Q1U,19,C
Q1U,20,C
Q1U,21,C
Q1U,22,Cl
Q2U,0,C
Q2U,1,O
Q2U,2,C
Q2U,3,C
Q2U,4,C
Q2U,5,C
Q2U,6,C
Q2U,7,C
Q2U,8,O
Q2U,9,C
Q2U,10,C
Q2U,11,N
Q2U,12,C
Q2U,13,O
Q2U,14,C
Q2U,15,C
Q2U,16,C
Q2U,17,O
Q2U,18,N
Q2U,19,C
Q2U,20,C
Q2U,21,C
Q2U,22,C
Q2U,23,C
Q2U,24,C
Q36,0,C
Q36,1,C
Q36,2,C
Q36,3,C
Q36,4,N
Q36,5,C
Q36,6,C
Q36,7,N
Q36,8,C
Q36,9,O
Q36,10,C
Q36,11,C
Q36,12,C
Q36,13,C
Q36,14,C
Q36,15,C
Q36,16,C
Q36,17,C
Q36,18,C
Q36,19,N
Q4F,0,C
Q4F,1,C
Q4F,2,O
Q4F,3,N
Q4F,4,C
Q4F,5,C
Q4F,6,C
Q4F,7,C
Q4F,8,C
Q4F,9,N
Q4F,10,C
Q4F,11,C
Q4F,12,C
Q4F,13,C
Q4F,14,C
Q4F,15,C
Q4F,16,C
Q4F,17,Cl
Q3U,0,C
Q3U,1,C
Q3U,2,C
Q3U,3,C
Q3U,4,C
Q3U,5,C
Q3U,6,Cl
Q3U,7,N
Q3U,8,C
Q3U,9,O
Q3U,10,N
Q3U,11,C
Q3U,12,C
Q3U,13,C
Q3U,14,C
Q3U,15,N
Q3U,16,C
Q3U,17,N
Q45,0,C
Q45,1,S
Q45,2,O
Q45,3,O
Q45,4,N
Q45,5,C
Q45,6,C
Q45,7,C
Q45,8,C
Q45,9,C
Q45,10,C
Q45,11,C
Q45,12,N
Q45,13,C
Q45,14,C
Q45,15,O
Q45,16,N
Q45,17,C
Q45,18,C
Q45,19,C
Q45,20,C
Q45,21,N
Q45,22,C
Q4R,0,C
Q4R,1,C
Q4R,2,C
Q4R,3,C
Q4R,4,N
Q4R,5,C
Q4R,6,C
Q4R,7,N
Q4R,8,C
Q4R,9,O
Q4R,10,C
Q4R,11,N
Q4R,12,C
Q4R,13,S
Q4R,14,O
Q4R,15,O
Q4R,16,C
Q4R,17,C
Q4R,18,C
Q4R,19,C
Q4R,20,C
Q4R,21,C
Q4R,22,N
Q4R,23,C
Q4R,24,C
Q4R,25,C
VJA,0,C
VJA,1,C
VJA,2,C
VJA,3,C
VJA,4,C
VJA,5,C
VJA,6,O
VJA,7,N
VJA,8,C
VJA,9,C
VJA,10,C
VJA,11,C
VJA,12,C
VJA,13,N
VJA,14,C
VJA,15,O
VJA,16,C
VJA,17,O
VJA,18,N
VJA,19,C
VJA,20,O
VJA,21,C
VJA,22,C
VJA,23,C
VJA,24,C
VJA,25,N
VJA,26,C
VJA,27,O
VJA,28,O
VJA,29,C
VJA,30,C
VJA,31,C
VJA,32,C
VJA,33,C
VJA,34,C
VJA,35,C
H37,0,H
H37,1,N
H37,2,C
H37,3,N
H37,4,N
H37,5,C
H37,6,C
H37,7,C
H37,8,C
H37,9,C
H37,10,O
H37,11,C
H37,12,Cl
H37,13,N
H37,14,C
H37,15,O
H37,16,C
H37,17,C
H37,18,C
H37,19,C
H37,20,C
H37,21,C
H37,22,C
H37,23,C
H37,24,N
H37,25,C
H37,26,O
H37,27,C
H37,28,C
H37,29,C
H37,30,C
H37,31,C
H37,32,C
H37,33,C
H37,34,C
H37,35,N
SV6,0,C
SV6,1,C
SV6,2,C
SV6,3,C
SV6,4,C
SV6,5,C
SV6,6,O
SV6,7,N
SV6,8,C
SV6,9,C
SV6,10,C
SV6,11,O
SV6,12,N
SV6,13,C
SV6,14,O
SV6,15,C
SV6,16,C
SV6,17,C
SV6,18,C
SV6,19,C
SV6,20,C
SV6,21,C
SV6,22,N
SV6,23,C
SV6,24,O
SV6,25,C
SV6,26,C
SV6,27,C
SV6,28,C
SV6,29,C
SV6,30,N
SV6,31,C
SV6,32,O
SV6,33,C
SV6,34,C
SV6,35,C
SV6,36,C
SV6,37,C
SV6,38,C
SV6,39,C
SV6,40,N
SV6,41,C
SV6,42,O
SV6,43,C
SV6,44,C
SV6,45,N
SV6,46,C
SV6,47,C
SV6,48,N
DIO,0,C
DIO,1,C
DIO,2,O
DIO,3,C
DIO,4,C
DIO,5,O
YVP,0,H
YVP,1,N
YVP,2,C
YVP,3,N
YVP,4,N
YVP,5,C
YVP,6,C
YVP,7,C
YVP,8,C
YVP,9,C
YVP,10,O
YVP,11,C
YVP,12,N
YVP,13,C
YVP,14,O
YVP,15,C
YVP,16,C
YVP,17,C
YVP,18,C
YVP,19,C
YVP,20,C
YVP,21,C
YVP,22,C
YVP,23,N
YVP,24,C
YVP,25,O
YVP,26,C
YVP,27,C
YVP,28,C
YVP,29,C
YVP,30,C
YVP,31,C
YVP,32,C
YVP,33,C
YVP,34,N
YVP,35,C
YVP,36,O
YVP,37,C
YVP,38,C
YVP,39,O
YVP,40,C
YVP,41,C
YVP,42,C
YVY,0,C
YVY,1,C
YVY,2,O
YVY,3,C
YVY,4,C
YVY,5,C
YVY,6,C
YVY,7,N
YVY,8,C
YVY,9,O
YVY,10,N
YVY,11,N
YVY,12,C
YVY,13,O
YVY,14,C
YVY,15,C
YVY,16,C
YVY,17,C
YVY,18,C
YVY,19,C
YVY,20,C
YVY,21,C
YVY,22,N
YVY,23,C
YVY,24,O
YVY,25,C
YVY,26,C
YVY,27,C
YVY,28,C
YVY,29,C
YVY,30,C
YVY,31,C
YVY,32,C
YVY,33,N
YVY,34,C
YVY,35,O
YVY,36,C
YVY,37,C
YVY,38,O
YVY,39,C
YVY,40,C
YVY,41,C
YVA,0,C
YVA,1,C
YVA,2,O
YVA,3,C
YVA,4,O
YVA,5,C
YVA,6,C
YVA,7,C
YVA,8,C
YVA,9,C
YVA,10,C
YVA,11,C
YVA,12,N
YVA,13,C
YVA,14,O
YVA,15,N
YVA,16,C
YVA,17,O
YVA,18,C
YVA,19,C
YVA,20,C
YVA,21,C
YVA,22,C
YVA,23,N
YVA,24,C
YVA,25,O
YVA,26,C
YVA,27,C
YVA,28,C
YVA,29,C
YVA,30,C
YVA,31,C
YVA,32,C
YVA,33,C
YVA,34,C
YVA,35,C
YV7,0,C
YV7,1,C
YV7,2,O
YV7,3,C
YV7,4,O
YV7,5,C
YV7,6,C
YV7,7,C
YV7,8,C
YV7,9,C
YV7,10,C
YV7,11,C
YV7,12,N
YV7,13,C
YV7,14,O
YV7,15,N
YV7,16,C
YV7,17,O
YV7,18,C
YV7,19,C
YV7,20,C
YV7,21,C
YV7,22,C
YV7,23,C
YV7,24,C
YV7,25,C
YV7,26,F
YV7,27,N
YV7,28,C
YV7,29,O
YV7,30,C
YV7,31,C
YV7,32,C
YV7,33,C
YV7,34,C
YV7,35,C
YV7,36,C
YV7,37,C
YV7,38,N
YVD,0,C
YVD,1,C
YVD,2,O
YVD,3,C
YVD,4,O
YVD,5,C
YVD,6,C
YVD,7,C
YVD,8,C
YVD,9,C
YVD,10,C
YVD,11,C
YVD,12,N
YVD,13,C
YVD,14,O
YVD,15,N
YVD,16,C
YVD,17,O
YVD,18,C
YVD,19,C
YVD,20,C
YVD,21,C
YVD,22,C
YVD,23,C
YVD,24,C
YVD,25,C
YVD,26,F
YVD,27,N
YVD,28,C
YVD,29,O
YVD,30,C
YVD,31,C
YVD,32,C
YVD,33,C
YVD,34,C
YVD,35,C
YVD,36,C
YVD,37,C
YVD,38,F
YVD,39,N
YVG,0,C
YVG,1,C
YVG,2,O
YVG,3,C
YVG,4,O
YVG,5,C
YVG,6,C
YVG,7,C
YVG,8,C
YVG,9,C
YVG,10,C
YVG,11,C
YVG,12,N
YVG,13,C
YVG,14,O
YVG,15,N
YVG,16,C
YVG,17,O
YVG,18,C
YVG,19,C
YVG,20,C
YVG,21,C
YVG,22,C
YVG,23,C
YVG,24,C
YVG,25,C
YVG,26,N
YVG,27,C
YVG,28,O
YVG,29,C
YVG,30,C
YVG,31,C
YVG,32,C
YVG,33,C
YVG,34,C
YVG,35,C
YVG,36,C
YVG,37,N
YVJ,0,C
YVJ,1,C
YVJ,2,O
YVJ,3,C
YVJ,4,O
YVJ,5,C
YVJ,6,C
YVJ,7,C
YVJ,8,C
YVJ,9,C
YVJ,10,C
YVJ,11,C
YVJ,12,N
YVJ,13,C
YVJ,14,O
YVJ,15,N
YVJ,16,C
YVJ,17,O
YVJ,18,C
YVJ,19,C
YVJ,20,C
YVJ,21,C
YVJ,22,C
YVJ,23,C
YVJ,24,C
YVJ,25,C
YVJ,26,N
YVJ,27,C
YVJ,28,O
YVJ,29,C
YVJ,30,C
YVJ,31,C
YVJ,32,C
YVJ,33,C
YVJ,34,C
YVJ,35,C
YVJ,36,C
YVJ,37,F
YVJ,38,N
YVV,0,C
YVV,1,C
YVV,2,O
YVV,3,C
YVV,4,O
YVV,5,C
YVV,6,C
YVV,7,C
YVV,8,C
YVV,9,C
YVV,10,C
YVV,11,C
YVV,12,N
YVV,13,C
YVV,14,O
YVV,15,N
YVV,16,C
YVV,17,O
YVV,18,C
YVV,19,C
YVV,20,C
YVV,21,C
YVV,22,C
YVV,23,C
YVV,24,C
YVV,25,C
YVV,26,N
YVV,27,C
YVV,28,O
YVV,29,C
YVV,30,C
YVV,31,C
YVV,32,C
YVV,33,C
YVV,34,C
YVV,35,C
YVV,36,C
YVV,37,N
YVV,38,C
YVV,39,O
YVV,40,C
YVV,41,C
YVV,42,O
YVV,43,C
YVV,44,C
YVV,45,C
YVM,0,C
YVM,1,C
YVM,2,O
YVM,3,C
YVM,4,O
YVM,5,C
YVM,6,C
YVM,7,C
YVM,8,C
YVM,9,C
YVM,10,C
YVM,11,C
YVM,12,N
YVM,13,C
YVM,14,O
YVM,15,N
YVM,16,C
YVM,17,O
YVM,18,C
YVM,19,C
YVM,20,C
YVM,21,C
YVM,22,C
YVM,23,C
YVM,24,C
YVM,25,C
YVM,26,N
YVM,27,C
YVM,28,O
YVM,29,C
YVM,30,C
YVM,31,C
YVM,32,C
YVM,33,C
YVM,34,C
YVM,35,C
YVM,36,C
YVM,37,F
YVM,38,N
YVM,39,C
YVM,40,O
YVM,41,C
YVM,42,C
YVM,43,O
YVM,44,C
YVM,45,C
YVM,46,C
ZL7,0,C
ZL7,1,C
ZL7,2,C
ZL7,3,C
ZL7,4,C
ZL7,5,O
ZL7,6,N
ZL7,7,C
ZL7,8,C
ZL7,9,C
ZL7,10,O
ZL7,11,N
ZL7,12,C
ZL7,13,O
ZL7,14,C
ZL7,15,C
ZL7,16,S
ZL7,17,O
ZL7,18,O
ZL7,19,C
ZL7,20,C
ZL7,21,C
ZL7,22,C
ZL7,23,N
ZL7,24,C
ZL7,25,C
ZL7,26,C
ZL7,27,C
ZL7,28,C
ZL7,29,C
ZL7,30,C
ZL7,31,F
ZL7,32,C
ZL7,33,F
ZL7,34,F
ZL7,35,F
U5G,0,C
U5G,1,C
U5G,2,C
U5G,3,C
U5G,4,C
U5G,5,N
U5G,6,C
U5G,7,C
U5G,8,O
U5G,9,C
U5G,10,C
U5G,11,C
U5G,12,C
U5G,13,C
U5G,14,N
U5G,15,C
U5G,16,O
U5G,17,N
U5G,18,C
U5G,19,C
U5G,20,C
U5G,21,C
U5G,22,C
U5G,23,O
U5G,24,N
U5G,25,C
U5G,26,C
U5G,27,C
U5G,28,C
U5G,29,C
U5G,30,C
U5G,31,C
U5G,32,C
U5G,33,O
U5G,34,N
U5G,35,O
U5G,36,C
U88,0,C
U88,1,C
U88,2,S
U88,3,C
U88,4,N
U88,5,N
U88,6,O
U88,7,O
90I,0,C
90I,1,C
90I,2,C
90I,3,C
90I,4,C
90I,5,C
90I,6,C
90I,7,C
90I,8,N
90I,9,C
90I,10,O
90I,11,C
90I,12,C
90I,13,C
90I,14,C
90I,15,C
90I,16,C
90I,17,N
90I,18,C
90I,19,O
90I,20,N
90I,21,C
90I,22,O
90I,23,C
90I,24,C
90I,25,C
90I,26,C
90I,27,N
90I,28,C
90I,29,O
90I,30,O
90I,31,C
90I,32,C
90I,33,C
90I,34,C
90I,35,C
90I,36,C
90I,37,C
90I,38,O
4IO,0,C
4IO,1,C
4IO,2,C
4IO,3,C
4IO,4,C
4IO,5,C
4IO,6,S
4IO,7,O
4IO,8,O
4IO,9,N
4IO,10,C
4IO,11,C
4IO,12,C
4IO,13,C
4IO,14,C
4IO,15,C
4IO,16,C
4IO,17,C
4IO,18,C
4IO,19,O
4IO,20,O
4IO,21,C
4IO,22,C
4IO,23,C
4IO,24,C
4IO,25,N
4IO,26,C
4IO,27,Cl
4IO,28,N
4IO,29,O
4IO,30,O
90X,0,C
90X,1,C
90X,2,C
90X,3,C
90X,4,C
90X,5,C
90X,6,C
90X,7,C
90X,8,N
90X,9,C
90X,10,O
90X,11,C
90X,12,C
90X,13,C
90X,14,C
90X,15,C
90X,16,C
90X,17,N
90X,18,C
90X,19,O
90X,20,N
90X,21,C
90X,22,O
90X,23,C
90X,24,C
90X,25,C
90X,26,C
90X,27,N
90X,28,C
90X,29,O
90X,30,C
90X,31,O
90X,32,C
90X,33,C
90X,34,C
90X,35,C
90X,36,C
90X,37,C
90X,38,Cl
90X,39,Cl
90X,40,O
I70,0,C
I70,1,C
I70,2,C
I70,3,C
I70,4,C
I70,5,N
I70,6,C
I70,7,C
I70,8,O
I70,9,C
I70,10,C
I70,11,C
I70,12,C
I70,13,C
I70,14,N
I70,15,C
I70,16,O
I70,17,N
I70,18,C
I70,19,C
I70,20,C
I70,21,C
I70,22,C
I70,23,O
I70,24,N
I70,25,C
I70,26,C
I70,27,C
I70,28,C
I70,29,C
I70,30,N
I70,31,C
I70,32,O
I70,33,C
I70,34,C
I70,35,O
I70,36,N
I70,37,O
I70,38,C
8ZI,0,C
8ZI,1,C
8ZI,2,C
8ZI,3,C
8ZI,4,C
8ZI,5,N
8ZI,6,C
8ZI,7,C
8ZI,8,O
8ZI,9,C
8ZI,10,C
8ZI,11,C
8ZI,12,C
8ZI,13,C
8ZI,14,N
8ZI,15,C
8ZI,16,O
8ZI,17,C
8ZI,18,C
8ZI,19,C
8ZI,20,C
8ZI,21,C
8ZI,22,C
8ZI,23,O
8ZI,24,N
8ZI,25,C
8ZI,26,C
8ZI,27,C
8ZI,28,C
8ZI,29,C
8ZI,30,N
8ZI,31,C
8ZI,32,O
8ZI,33,C
8ZI,34,C
8ZI,35,O
8ZI,36,N
8ZI,37,O
8ZI,38,C
90U,0,C
90U,1,C
90U,2,C
90U,3,C
90U,4,C
90U,5,N
90U,6,C
90U,7,C
90U,8,O
90U,9,O
90U,10,C
90U,11,C
90U,12,C
90U,13,C
90U,14,C
90U,15,C
90U,16,C
90U,17,C
90U,18,O
90U,19,N
90U,20,C
90U,21,C
90U,22,C
90U,23,C
90U,24,C
90U,25,N
90U,26,C
90U,27,O
90U,28,C
90U,29,C
90U,30,O
90U,31,N
90U,32,O
90U,33,C
91Z,0,C
91Z,1,C
91Z,2,C
91Z,3,C
91Z,4,C
91Z,5,N
91Z,6,C
91Z,7,C
91Z,8,O
91Z,9,C
91Z,10,N
91Z,11,C
91Z,12,C
91Z,13,C
91Z,14,C
91Z,15,C
91Z,16,C
91Z,17,F
91Z,18,F
91Z,19,F
91Z,20,C
91Z,21,O
91Z,22,N
91Z,23,C
91Z,24,C
91Z,25,C
91Z,26,C
91Z,27,C
91Z,28,N
91Z,29,C
91Z,30,O
91Z,31,C
91Z,32,C
91Z,33,O
91Z,34,N
91Z,35,O
91Z,36,C
90H,0,C
90H,1,C
90H,2,C
90H,3,C
90H,4,C
90H,5,N
90H,6,C
90H,7,C
90H,8,O
90H,9,C
90H,10,C
90H,11,C
90H,12,C
90H,13,C
90H,14,N
90H,15,C
90H,16,O
90H,17,C
90H,18,F
90H,19,F
90H,20,F
90H,21,C
90H,22,O
90H,23,N
90H,24,C
90H,25,C
90H,26,C
90H,27,C
90H,28,C
90H,29,N
90H,30,C
90H,31,O
90H,32,C
90H,33,C
90H,34,O
90H,35,N
90H,36,C
90H,37,O
90H,38,C
91I,0,C
91I,1,C
91I,2,C
91I,3,C
91I,4,C
91I,5,N
91I,6,C
91I,7,C
91I,8,O
91I,9,C
91I,10,C
91I,11,C
91I,12,C
91I,13,C
91I,14,C
91I,15,C
91I,16,C
91I,17,C
91I,18,O
91I,19,N
91I,20,C
91I,21,C
91I,22,C
91I,23,C
91I,24,C
91I,25,N
91I,26,C
91I,27,O
91I,28,C
91I,29,C
91I,30,O
91I,31,N
91I,32,O
91I,33,C
99W,0,H
99W,1,N
99W,2,C
99W,3,C
99W,4,C
99W,5,C
99W,6,C
99W,7,C
99W,8,N
99W,9,C
99W,10,O
99W,11,N
99W,12,C
99W,13,O
99W,14,C
99W,15,C
99W,16,C
99W,17,C
99W,18,C
99W,19,N
99W,20,C
99W,21,O
99W,22,C
99W,23,N
99W,24,C
99W,25,C
99W,26,C
99W,27,C
99W,28,C
99W,29,C
99W,30,F
99W,31,F
99W,32,F
XNJ,0,C
XNJ,1,C
XNJ,2,C
XNJ,3,C
XNJ,4,C
XNJ,5,C
XNJ,6,C
XNJ,7,N
XNJ,8,C
XNJ,9,N
XNJ,10,C
XNJ,11,C
XNJ,12,S
XNJ,13,C
XNJ,14,C
XNJ,15,C
XNJ,16,C
XNJ,17,N
XNJ,18,C
XNJ,19,N
XNJ,20,C
XNJ,21,O
XNJ,22,C
XNJ,23,C
XNJ,24,C
XNJ,25,C
XNJ,26,C
XNJ,27,C
XNJ,28,C
XNJ,29,N
XNJ,30,C
XNJ,31,C
XNJ,32,N
XNJ,33,C
XNJ,34,C
M0C,0,C
M0C,1,C
M0C,2,C
M0C,3,C
M0C,4,C
M0C,5,N
M0C,6,C
M0C,7,C
M0C,8,O
M0C,9,C
M0C,10,C
M0C,11,C
M0C,12,C
M0C,13,C
M0C,14,N
M0C,15,C
M0C,16,O
M0C,17,C
M0C,18,F
M0C,19,F
M0C,20,F
M0C,21,C
M0C,22,O
M0C,23,N
M0C,24,C
M0C,25,C
M0C,26,C
M0C,27,C
M0C,28,C
M0C,29,N
M0C,30,C
M0C,31,O
M0C,32,C
M0C,33,C
M0C,34,O
M0C,35,N
M0C,36,C
M0C,37,C
M0C,38,C
M0C,39,O
M0C,40,C
G65,0,C
G65,1,C
G65,2,C
G65,3,C
G65,4,C
G65,5,C
G65,6,C
G65,7,N
G65,8,C
G65,9,N
G65,10,C
G65,11,C
G65,12,S
G65,13,C
G65,14,C
G65,15,C
G65,16,C
G65,17,N
G65,18,C
G65,19,N
G65,20,C
G65,21,O
G65,22,C
G65,23,C
G65,24,C
G65,25,C
G65,26,C
G65,27,C
G65,28,C
G65,29,N
G65,30,C
G65,31,C
G65,32,N
G65,33,C
G65,34,C
G65,35,C
4WI,0,H
4WI,1,N
4WI,2,C
4WI,3,C
4WI,4,C
4WI,5,C
4WI,6,C
4WI,7,C
4WI,8,N
4WI,9,C
4WI,10,O
4WI,11,N
4WI,12,C
4WI,13,O
4WI,14,C
4WI,15,C
4WI,16,C
4WI,17,C
4WI,18,C
4WI,19,C
4WI,20,C
4WI,21,N
4WI,22,C
4WI,23,O
4WI,24,C
4WI,25,C
4WI,26,C
4WI,27,C
4WI,28,C
4WI,29,N
4WI,30,C
4WI,31,O
4WI,32,C
4WI,33,F
4WI,34,F
4WI,35,F
I8H,0,C
I8H,1,C
I8H,2,C
I8H,3,C
I8H,4,C
I8H,5,N
I8H,6,C
I8H,7,C
I8H,8,O
I8H,9,C
I8H,10,C
I8H,11,C
I8H,12,C
I8H,13,C
I8H,14,N
I8H,15,C
I8H,16,O
I8H,17,N
I8H,18,C
I8H,19,C
I8H,20,C
I8H,21,C
I8H,22,C
I8H,23,O
I8H,24,N
I8H,25,C
I8H,26,C
I8H,27,C
I8H,28,C
I8H,29,C
I8H,30,N
I8H,31,C
I8H,32,O
I8H,33,C
I8H,34,C
I8H,35,O
I8H,36,N
I8H,37,C
I8H,38,O
I8H,39,C
IFO,0,C
IFO,1,C
IFO,2,C
IFO,3,C
IFO,4,C
IFO,5,O
IFO,6,O
IFO,7,C
IFO,8,C
IFO,9,C
IFO,10,C
IFO,11,C
IFO,12,C
IFO,13,C
IFO,14,F
IFO,15,F
IFO,16,N
IFO,17,C
IFO,18,C
IFO,19,C
IFO,20,O
IFO,21,N
IFO,22,C
IFO,23,O
IFO,24,C
IFO,25,O
IFO,26,C
IFO,27,C
IFO,28,C
IFO,29,C
IFO,30,C
IFO,31,C
IFO,32,S
IFO,33,O
IFO,34,O
V9R,0,C
V9R,1,C
V9R,2,C
V9R,3,C
V9R,4,O
V9R,5,C
V9R,6,O
V9R,7,N
V9R,8,C
V9R,9,C
V9R,10,C
V9R,11,C
V9R,12,N
V9R,13,C
V9R,14,O
V9R,15,C
V9R,16,C
V9R,17,C
V9R,18,C
V9R,19,C
V9R,20,C
V9R,21,O
V9R,22,N
V9R,23,C
V9R,24,C
V9R,25,C
V9R,26,C
V9R,27,C
V9R,28,N
V9R,29,C
V9R,30,O
V9R,31,C
V9R,32,C
V9R,33,O
V9R,34,N
V9R,35,C
V9R,36,C
V9R,37,C
V9R,38,C
V9R,39,C
V9R,40,C
V9R,41,C
V9R,42,O
A03,0,C
A03,1,N
A03,2,C
A03,3,O
A03,4,C
A03,5,C
A03,6,C
A03,7,C
A03,8,C
A03,9,C
A03,10,N
A03,11,C
A03,12,O
A03,13,N
A03,14,C
A03,15,O
A03,16,C
A03,17,C
A03,18,C
A03,19,C
A03,20,C
A03,21,N
A03,22,C
A03,23,C
A03,24,C
A03,25,C
A03,26,C
A03,27,O
A03,28,N
A03,29,C
A03,30,O
A03,31,N
A03,32,C
A03,33,C
A03,34,C
A03,35,C
A03,36,C
A03,37,C
A03,38,O
QQL,0,C
QQL,1,C
QQL,2,C
QQL,3,C
QQL,4,C
QQL,5,C
QQL,6,O
QQL,7,N
QQL,8,C
QQL,9,C
QQL,10,C
QQL,11,N
QQL,12,O
QQL,13,O
QQL,14,C
QQL,15,C
QQL,16,C
QQL,17,C
QQL,18,N
QQL,19,C
QQL,20,O
QQL,21,N
QQL,22,C
QQL,23,O
QQL,24,C
QQL,25,C
QQL,26,C
QQL,27,C
QQL,28,N
QQL,29,C
QQL,30,C
QQL,31,C
QQL,32,C
QQL,33,O
QQL,34,C
QH0,0,C
QH0,1,C
QH0,2,C
QH0,3,C
QH0,4,C
QH0,5,C
QH0,6,O
QH0,7,N
QH0,8,C
QH0,9,C
QH0,10,C
QH0,11,N
QH0,12,O
QH0,13,O
QH0,14,C
QH0,15,C
QH0,16,C
QH0,17,C
QH0,18,N
QH0,19,C
QH0,20,O
QH0,21,N
QH0,22,C
QH0,23,O
QH0,24,O
QH0,25,C
QH0,26,C
QH0,27,C
QH0,28,C
QH0,29,C
QH0,30,C
QH0,31,C
O6K,0,C
O6K,1,C
O6K,2,C
O6K,3,C
O6K,4,O
O6K,5,C
O6K,6,O
O6K,7,N
O6K,8,C
O6K,9,C
O6K,10,C
O6K,11,C
O6K,12,N
O6K,13,C
O6K,14,O
O6K,15,C
O6K,16,C
O6K,17,C
O6K,18,C
O6K,19,C
O6K,20,C
O6K,21,O
O6K,22,N
O6K,23,C
O6K,24,C
O6K,25,C
O6K,26,C
O6K,27,C
O6K,28,N
O6K,29,C
O6K,30,O
O6K,31,C
O6K,32,C
O6K,33,O
O6K,34,N
O6K,35,C
O6K,36,C
O6K,37,C
O6K,38,C
O6K,39,C
O6K,40,C
O6K,41,C
O6K,42,O
K36,0,C
K36,1,C
K36,2,C
K36,3,C
K36,4,C
K36,5,C
K36,6,O
K36,7,N
K36,8,C
K36,9,C
K36,10,C
K36,11,C
K36,12,C
K36,13,N
K36,14,C
K36,15,O
K36,16,C
K36,17,O
K36,18,S
K36,19,O
K36,20,O
K36,21,O
K36,22,N
K36,23,C
K36,24,O
K36,25,O
K36,26,C
K36,27,C
K36,28,C
K36,29,C
K36,30,C
K36,31,C
K36,32,C
UAX,0,C
UAX,1,C
UAX,2,C
UAX,3,C
UAX,4,O
UAX,5,C
UAX,6,O
UAX,7,N
UAX,8,C
UAX,9,C
UAX,10,C
UAX,11,C
UAX,12,N
UAX,13,C
UAX,14,O
UAX,15,C
UAX,16,C
UAX,17,C
UAX,18,C
UAX,19,C
UAX,20,C
UAX,21,O
UAX,22,N
UAX,23,C
UAX,24,C
UAX,25,C
UAX,26,C
UAX,27,C
UAX,28,N
UAX,29,C
UAX,30,O
UAX,31,C
UAX,32,C
UAX,33,O
UAX,34,N
UAX,35,C
UAX,36,C
UAX,37,C
UAX,38,C
UAX,39,C
UAX,40,C
UAX,41,C
UAX,42,O
B1S,0,C
B1S,1,C
B1S,2,C
B1S,3,C
B1S,4,C
B1S,5,C
B1S,6,O
B1S,7,N
B1S,8,C
B1S,9,C
B1S,10,C
B1S,11,C
B1S,12,C
B1S,13,N
B1S,14,C
B1S,15,O
B1S,16,C
B1S,17,O
B1S,18,S
B1S,19,O
B1S,20,O
B1S,21,O
B1S,22,N
B1S,23,C
B1S,24,O
B1S,25,O
B1S,26,C
B1S,27,C
B1S,28,C
B1S,29,C
B1S,30,C
B1S,31,C
B1S,32,C
V2M,0,C
V2M,1,C
V2M,2,C
V2M,3,C
V2M,4,C
V2M,5,C
V2M,6,O
V2M,7,N
V2M,8,C
V2M,9,C
V2M,10,C
V2M,11,C
V2M,12,C
V2M,13,N
V2M,14,C
V2M,15,O
V2M,16,C
V2M,17,C
V2M,18,O
V2M,19,O
V2M,20,N
V2M,21,C
V2M,22,O
V2M,23,C
V2M,24,C
V2M,25,C
V2M,26,C
V2M,27,N
V2M,28,C
V2M,29,C
V2M,30,C
V2M,31,C
V2M,32,O
V2M,33,C
U76,0,C
U76,1,C
U76,2,C
U76,3,C
U76,4,C
U76,5,C
U76,6,O
U76,7,N
U76,8,C
U76,9,C
U76,10,C
U76,11,C
U76,12,C
U76,13,N
U76,14,C
U76,15,O
U76,16,C
U76,17,C
U76,18,O
U76,19,N
U76,20,C
U76,21,C
U76,22,C
U76,23,O
U76,24,N
U76,25,C
U76,26,C
U76,27,C
U76,28,C
U76,29,C
U76,30,O
U76,31,N
U76,32,C
U76,33,O
U76,34,O
U76,35,C
U76,36,C
U76,37,C
U76,38,C
U76,39,C
U76,40,C
U76,41,C
U76,42,F
U76,43,F
U6Y,0,C
U6Y,1,C
U6Y,2,C
U6Y,3,C
U6Y,4,C
U6Y,5,C
U6Y,6,O
U6Y,7,N
U6Y,8,C
U6Y,9,C
U6Y,10,C
U6Y,11,C
U6Y,12,C
U6Y,13,N
U6Y,14,C
U6Y,15,O
U6Y,16,C
U6Y,17,C
U6Y,18,O
U6Y,19,N
U6Y,20,C
U6Y,21,C
U6Y,22,C
U6Y,23,O
U6Y,24,N
U6Y,25,C
U6Y,26,C
U6Y,27,C
U6Y,28,C
U6Y,29,O
U6Y,30,N
U6Y,31,C
U6Y,32,O
U6Y,33,O
U6Y,34,C
U6Y,35,C
U6Y,36,C
U6Y,37,C
U6Y,38,C
U6Y,39,C
U6Y,40,C
X6O,0,C
X6O,1,C
X6O,2,C
X6O,3,C
X6O,4,C
X6O,5,N
X6O,6,C
X6O,7,C
X6O,8,O
X6O,9,C
X6O,10,C
X6O,11,C
X6O,12,C
X6O,13,C
X6O,14,N
X6O,15,C
X6O,16,O
X6O,17,C
X6O,18,F
X6O,19,F
X6O,20,F
X6O,21,C
X6O,22,O
X6O,23,N
X6O,24,C
X6O,25,C
X6O,26,C
X6O,27,C
X6O,28,C
X6O,29,C
X6O,30,N
X6O,31,C
X6O,32,O
X6O,33,C
X6O,34,C
X6O,35,O
X6O,36,N
X6O,37,C
X6O,38,C
X6O,39,C
X6O,40,O
X6O,41,C
X70,0,C
X70,1,C
X70,2,C
X70,3,C
X70,4,C
X70,5,N
X70,6,C
X70,7,C
X70,8,O
X70,9,C
X70,10,C
X70,11,C
X70,12,C
X70,13,C
X70,14,N
X70,15,C
X70,16,O
X70,17,C
X70,18,F
X70,19,F
X70,20,F
X70,21,C
X70,22,O
X70,23,N
X70,24,C
X70,25,C
X70,26,C
X70,27,C
X70,28,C
X70,29,C
X70,30,N
X70,31,C
X70,32,O
X70,33,C
X70,34,C
X70,35,O
X70,36,N
X70,37,C
X70,38,C
X70,39,C
X70,40,F
X70,41,F
X70,42,O
X70,43,C
X6T,0,C
X6T,1,C
X6T,2,C
X6T,3,N
X6T,4,C
X6T,5,C
X6T,6,O
X6T,7,C
X6T,8,C
X6T,9,C
X6T,10,C
X6T,11,C
X6T,12,C
X6T,13,C
X6T,14,N
X6T,15,C
X6T,16,O
X6T,17,N
X6T,18,C
X6T,19,O
X6T,20,C
X6T,21,C
X6T,22,C
X6T,23,C
X6T,24,C
X6T,25,C
X6T,26,C
X6T,27,N
X6T,28,C
X6T,29,O
X6T,30,C
X6T,31,C
X6T,32,C
X6T,33,C
X6T,34,C
X6T,35,N
X6T,36,C
X6T,37,O
X6T,38,C
X6T,39,F
X6T,40,F
X6T,41,F
X6T,42,O
X6T,43,C
XA8,0,C
XA8,1,C
XA8,2,C
XA8,3,C
XA8,4,C
XA8,5,N
XA8,6,C
XA8,7,C
XA8,8,O
XA8,9,C
XA8,10,C
XA8,11,C
XA8,12,C
XA8,13,C
XA8,14,N
XA8,15,C
XA8,16,O
XA8,17,C
XA8,18,F
XA8,19,F
XA8,20,F
XA8,21,C
XA8,22,O
XA8,23,N
XA8,24,C
XA8,25,C
XA8,26,N
XA8,27,C
XA8,28,C
XA8,29,C
XA8,30,C
XA8,31,C
XA8,32,O
XA8,33,C
XA8,34,C
XA8,35,O
XA8,36,N
XA8,37,C
XA8,38,C
XA8,39,C
XA8,40,O
XA8,41,C
X9Z,0,C
X9Z,1,C
X9Z,2,C
X9Z,3,C
X9Z,4,C
X9Z,5,N
X9Z,6,C
X9Z,7,C
X9Z,8,O
X9Z,9,C
X9Z,10,C
X9Z,11,C
X9Z,12,C
X9Z,13,C
X9Z,14,N
X9Z,15,C
X9Z,16,O
X9Z,17,C
X9Z,18,F
X9Z,19,F
X9Z,20,F
X9Z,21,C
X9Z,22,O
X9Z,23,N
X9Z,24,C
X9Z,25,C
X9Z,26,N
X9Z,27,C
X9Z,28,C
X9Z,29,C
X9Z,30,C
X9Z,31,O
X9Z,32,C
X9Z,33,C
X9Z,34,O
X9Z,35,N
X9Z,36,C
X9Z,37,C
X9Z,38,C
X9Z,39,O
X9Z,40,C
5ZF,0,C
5ZF,1,C
5ZF,2,C
5ZF,3,C
5ZF,4,C
5ZF,5,C
5ZF,6,C
5ZF,7,C
5ZF,8,N
5ZF,9,C
5ZF,10,O
5ZF,11,C
5ZF,12,C
5ZF,13,C
5ZF,14,C
5ZF,15,C
5ZF,16,N
5ZF,17,C
5ZF,18,N
5ZF,19,C
5ZF,20,C
5ZF,21,C
5ZF,22,C
5ZF,23,C
5ZF,24,C
5ZF,25,C
5ZF,26,C
5ZF,27,C
5ZF,28,C
5ZF,29,C
5ZF,30,C
5ZF,31,C
5ZF,32,O
5ZF,33,C
5ZF,34,Cl
QUE,0,C
QUE,1,C
QUE,2,C
QUE,3,C
QUE,4,C
QUE,5,C
QUE,6,C
QUE,7,C
QUE,8,C
QUE,9,O
QUE,10,C
QUE,11,C
QUE,12,C
QUE,13,C
QUE,14,C
QUE,15,C
QUE,16,O
QUE,17,O
QUE,18,O
QUE,19,O
QUE,20,O
QUE,21,O
83N,0,C
83N,1,C
83N,2,C
83N,3,C
83N,4,C
83N,5,O
83N,6,N
83N,7,C
83N,8,C
83N,9,C
83N,10,C
83N,11,C
83N,12,O
83N,13,N
83N,14,C
83N,15,C
83N,16,C
83N,17,C
83N,18,C
83N,19,N
83N,20,C
83N,21,O
83N,22,C
83N,23,O
83N,24,O
83N,25,C
83N,26,N
83N,27,C
83N,28,O
83N,29,O
83N,30,C
83N,31,C
83N,32,C
83N,33,C
83W,0,C
83W,1,C
83W,2,C
83W,3,C
83W,4,O
83W,5,N
83W,6,C
83W,7,C
83W,8,C
83W,9,C
83W,10,C
83W,11,O
83W,12,N
83W,13,C
83W,14,C
83W,15,C
83W,16,C
83W,17,C
83W,18,N
83W,19,C
83W,20,O
83W,21,C
83W,22,O
83W,23,N
83W,24,C
83W,25,O
83W,26,O
83W,27,C
83W,28,C
83W,29,C
83W,30,C
83W,31,O
83W,32,C
83W,33,C
83W,34,C
83W,35,C
84C,0,C
84C,1,C
84C,2,C
84C,3,C
84C,4,C
84C,5,O
84C,6,N
84C,7,C
84C,8,C
84C,9,C
84C,10,C
84C,11,C
84C,12,C
84C,13,C
84C,14,C
84C,15,O
84C,16,N
84C,17,C
84C,18,C
84C,19,C
84C,20,C
84C,21,C
84C,22,N
84C,23,C
84C,24,O
84C,25,C
84C,26,O
84C,27,N
84C,28,C
84C,29,O
84C,30,O
84C,31,C
84C,32,C
84C,33,C
84C,34,C
X77,0,C
X77,1,C
X77,2,C
X77,3,C
X77,4,C
X77,5,C
X77,6,C
X77,7,C
X77,8,C
X77,9,C
X77,10,N
X77,11,C
X77,12,C
X77,13,C
X77,14,C
X77,15,C
X77,16,N
X77,17,C
X77,18,C
X77,19,O
X77,20,N
X77,21,C
X77,22,C
X77,23,C
X77,24,C
X77,25,C
X77,26,C
X77,27,C
X77,28,O
X77,29,C
X77,30,C
X77,31,N
X77,32,C
X77,33,N
9M5,0,C
9M5,1,C
9M5,2,C
9M5,3,C
9M5,4,C
9M5,5,C
9M5,6,C
9M5,7,C
9M5,8,C
9M5,9,C
9M5,10,N
9M5,11,C
9M5,12,C
9M5,13,C
9M5,14,C
9M5,15,C
9M5,16,N
9M5,17,C
9M5,18,C
9M5,19,O
9M5,20,N
9M5,21,C
9M5,22,C
9M5,23,C
9M5,24,C
9M5,25,C
9M5,26,C
9M5,27,C
9M5,28,O
9M5,29,C
9M5,30,C
9M5,31,N
9M5,32,C
9M5,33,N
XI0,0,C
XI0,1,C
XI0,2,C
XI0,3,C
XI0,4,C
XI0,5,N
XI0,6,C
XI0,7,C
XI0,8,C
XI0,9,O
XI0,10,N
XI0,11,C
XI0,12,C
XI0,13,C
XI0,14,C
XI0,15,C
XI0,16,C
XI0,17,C
XI0,18,C
XI0,19,C
XI0,20,C
XI0,21,Cl
XH9,0,C
XH9,1,C
XH9,2,C
XH9,3,C
XH9,4,C
XH9,5,C
XH9,6,C
XH9,7,N
XH9,8,C
XH9,9,C
XH9,10,C
XH9,11,N
XH9,12,C
XH9,13,C
XH9,14,C
XH9,15,O
XH9,16,C
XH9,17,C
XH9,18,C
XH9,19,C
XH9,20,N
XH9,21,C
XH9,22,Cl
XH9,23,C
XH9,24,N
XHW,0,C
XHW,1,C
XHW,2,C
XHW,3,C
XHW,4,C
XHW,5,C
XHW,6,C
XHW,7,N
XHW,8,C
XHW,9,C
XHW,10,C
XHW,11,N
XHW,12,C
XHW,13,C
XHW,14,C
XHW,15,O
XHW,16,C
XHW,17,C
XHW,18,C
XHW,19,C
XHW,20,N
XHW,21,C
XHW,22,Cl
XHW,23,Cl
XJ9,0,C
XJ9,1,C
XJ9,2,C
XJ9,3,C
XJ9,4,C
XJ9,5,N
XJ9,6,C
XJ9,7,C
XJ9,8,C
XJ9,9,O
XJ9,10,N
XJ9,11,C
XJ9,12,C
XJ9,13,C
XJ9,14,C
XJ9,15,C
XJ9,16,C
XJ9,17,C
XJ9,18,C
XJ9,19,C
XJ9,20,Cl
XJ9,21,Cl
A04,0,H
A04,1,N
A04,2,C
A04,3,N
A04,4,C
A04,5,C
A04,6,C
A04,7,C
A04,8,C
A04,9,C
A04,10,C
A04,11,F
A04,12,Cl
A04,13,N
A04,14,C
A04,15,C
A04,16,O
A04,17,C
A04,18,C
A04,19,C
A04,20,C
A04,21,C
A04,22,C
A04,23,C
A04,24,C
A04,25,N
A04,26,C
A04,27,O
A04,28,O
A04,29,C
A04,30,C
A04,31,C
A04,32,C
A04,33,C
A04,34,C
A04,35,C
A05,0,H
A05,1,N
A05,2,C
A05,3,N
A05,4,C
A05,5,C
A05,6,C
A05,7,C
A05,8,C
A05,9,C
A05,10,C
A05,11,Cl
A05,12,N
A05,13,C
A05,14,C
A05,15,O
A05,16,C
A05,17,C
A05,18,C
A05,19,C
A05,20,C
A05,21,C
A05,22,C
A05,23,C
A05,24,N
A05,25,C
A05,26,O
A05,27,C
A05,28,C
A05,29,C
A05,30,C
A05,31,C
A05,32,N
A05,33,C
A05,34,O
A05,35,C
A05,36,C
A05,37,C
A05,38,C
A05,39,S
JX6,0,C
JX6,1,C
JX6,2,C
JX6,3,C
JX6,4,C
JX6,5,C
JX6,6,C
JX6,7,O
JX6,8,N
JX6,9,C
JX6,10,C
JX6,11,C
JX6,12,C
JX6,13,C
JX6,14,N
JX6,15,C
JX6,16,O
JX6,17,C
JX6,18,O
JX6,19,N
JX6,20,C
JX6,21,O
JX6,22,O
JX6,23,C
JX6,24,C
JX6,25,C
JX6,26,C
JX6,27,C
JX6,28,C
JX6,29,C
YHI,0,C
YHI,1,C
YHI,2,C
YHI,3,C
YHI,4,C
YHI,5,N
YHI,6,C
YHI,7,C
YHI,8,O
YHI,9,O
YHI,10,C
YHI,11,C
YHI,12,C
YHI,13,C
YHI,14,C
YHI,15,C
YHI,16,C
YHI,17,C
YHI,18,O
YHI,19,N
YHI,20,C
YHI,21,C
YHI,22,C
YHI,23,C
YHI,24,C
YHI,25,N
YHI,26,C
YHI,27,O
YHI,28,C
YHI,29,O
YHI,30,C
JY0,0,C
JY0,1,C
JY0,2,C
JY0,3,C
JY0,4,O
JY0,5,N
JY0,6,C
JY0,7,C
JY0,8,C
JY0,9,C
JY0,10,C
JY0,11,N
JY0,12,C
JY0,13,O
JY0,14,C
JY0,15,O
JY0,16,N
JY0,17,C
JY0,18,O
JY0,19,O
JY0,20,C
JY0,21,C
JY0,22,C
JY0,23,C
JY0,24,C
JY0,25,C
JY0,26,C
JY0,27,O
JY0,28,C
JY0,29,C
JY0,30,C
JY0,31,C
K2X,0,C
K2X,1,C
K2X,2,C
K2X,3,C
K2X,4,C
K2X,5,C
K2X,6,Cl
K2X,7,C
K2X,8,O
K2X,9,C
K2X,10,O
K2X,11,N
K2X,12,C
K2X,13,C
K2X,14,C
K2X,15,C
K2X,16,C
K2X,17,C
K2X,18,C
K2X,19,C
K2X,20,C
K2X,21,O
K2X,22,N
K2X,23,C
K2X,24,C
K2X,25,C
K2X,26,C
K2X,27,C
K2X,28,N
K2X,29,C
K2X,30,O
K2X,31,C
K2X,32,O
K2X,33,S
SJF,0,C
SJF,1,C
SJF,2,C
SJF,3,C
SJF,4,C
SJF,5,C
SJF,6,O
SJF,7,C
SJF,8,C
SJF,9,O
SJF,10,N
SJF,11,C
SJF,12,C
SJF,13,C
SJF,14,C
SJF,15,C
SJF,16,C
SJF,17,C
SJF,18,C
SJF,19,O
SJF,20,N
SJF,21,C
SJF,22,C
SJF,23,C
SJF,24,C
SJF,25,C
SJF,26,N
SJF,27,C
SJF,28,O
SJF,29,C
SJF,30,O
SJF,31,Cl
SJF,32,Cl
SO0,0,C
SO0,1,C
SO0,2,C
SO0,3,C
SO0,4,C
SO0,5,C
SO0,6,Cl
SO0,7,Cl
SO0,8,O
SO0,9,C
SO0,10,C
SO0,11,O
SO0,12,N
SO0,13,C
SO0,14,C
SO0,15,C
SO0,16,C
SO0,17,C
SO0,18,C
SO0,19,C
SO0,20,C
SO0,21,O
SO0,22,N
SO0,23,C
SO0,24,C
SO0,25,C
SO0,26,C
SO0,27,C
SO0,28,N
SO0,29,C
SO0,30,O
SO0,31,C
SO0,32,O
SQ3,0,C
SQ3,1,C
SQ3,2,C
SQ3,3,C
SQ3,4,C
SQ3,5,N
SQ3,6,C
SQ3,7,C
SQ3,8,O
SQ3,9,C
SQ3,10,O
SQ3,11,C
SQ3,12,C
SQ3,13,C
SQ3,14,C
SQ3,15,C
SQ3,16,C
SQ3,17,Cl
SQ3,18,Cl
SQ3,19,C
SQ3,20,O
SQ3,21,N
SQ3,22,C
SQ3,23,C
SQ3,24,C
SQ3,25,C
SQ3,26,C
SQ3,27,N
SQ3,28,C
SQ3,29,O
SQ3,30,C
SQ3,31,O
SQ3,32,C
A06,0,C
A06,1,C
A06,2,C
A06,3,C
A06,4,C
A06,5,C
A06,6,C
A06,7,C
A06,8,C
A06,9,C
A06,10,C
A06,11,C
A06,12,C
A06,13,Cl
A06,14,N
A06,15,C
A06,16,C
A06,17,N
A06,18,C
A06,19,C
A06,20,C
A06,21,O
A06,22,C
A06,23,C
A06,24,C
A06,25,C
A06,26,N
A06,27,C
A06,28,Br
X4N,0,H
X4N,1,N
X4N,2,C
X4N,3,C
X4N,4,C
X4N,5,C
X4N,6,C
X4N,7,C
X4N,8,C
X4N,9,N
X4N,10,C
X4N,11,O
X4N,12,N
X4N,13,C
X4N,14,O
X4N,15,C
X4N,16,C
X4N,17,C
X4N,18,C
X4N,19,C
X4N,20,C
X4N,21,C
X4N,22,N
X4N,23,C
X4N,24,O
X4N,25,C
X4N,26,C
X4N,27,C
X4N,28,C
X4N,29,C
X4N,30,N
X4N,31,C
X4N,32,O
X4N,33,C
X4N,34,F
X4N,35,F
X4N,36,F
A07,0,C
A07,1,C
A07,2,C
A07,3,C
A07,4,C
A07,5,C
A07,6,C
A07,7,C
A07,8,C
A07,9,C
A07,10,C
A07,11,C
A07,12,C
A07,13,Cl
A07,14,N
A07,15,C
A07,16,C
A07,17,N
A07,18,C
A07,19,C
A07,20,C
A07,21,O
A07,22,C
A07,23,C
A07,24,C
A07,25,C
A07,26,N
A07,27,C
A07,28,Br
A08,0,C
A08,1,C
A08,2,C
A08,3,C
A08,4,C
A08,5,C
A08,6,C
A08,7,S
A08,8,O
A08,9,O
A08,10,C
A08,11,C
A08,12,C
A08,13,C
A08,14,C
A08,15,C
A08,16,C
A08,17,C
A08,18,C
A08,19,C
A08,20,N
A08,21,C
A08,22,C
A08,23,C
A08,24,O
A08,25,C
A08,26,C
A08,27,N
A08,28,C
A08,29,C
A08,30,C
A08,31,N
A08,32,C
A08,33,C
A09,0,C
A09,1,N
A09,2,C
A09,3,O
A09,4,C
A09,5,C
A09,6,C
A09,7,C
A09,8,C
A09,9,C
A09,10,N
A09,11,C
A09,12,C
A09,13,C
A09,14,C
A09,15,C
A09,16,C
A09,17,N
A09,18,C
A09,19,O
A09,20,C
A09,21,C
A09,22,C
A09,23,O
A09,24,N
A09,25,C
A09,26,C
A09,27,C
A09,28,C
A09,29,C
A09,30,C
A09,31,N
A09,32,O
A09,33,O
A09,34,C
A09,35,C
A09,36,C
X7F,0,C
X7F,1,C
X7F,2,C
X7F,3,C
X7F,4,C
X7F,5,C
X7F,6,O
X7F,7,C
X7F,8,O
X7F,9,C
X7F,10,C
X7F,11,C
X7F,12,O
X7F,13,O
A10,0,C
A10,1,C
A10,2,C
A10,3,C
A10,4,C
A10,5,C
A10,6,C
A10,7,C
A10,8,C
A10,9,O
A10,10,N
A10,11,C
A10,12,O
A10,13,N
A10,14,C
A10,15,C
A10,16,C
A10,17,C
A10,18,C
A10,19,C
A10,20,N
A10,21,C
A10,22,C
A10,23,C
A10,24,C
A10,25,C
A10,26,C
A10,27,N
A10,28,O
A10,29,O
A10,30,Br
A10,31,C
A10,32,O
A10,33,N
A10,34,C
A10,35,C
A10,36,O
A10,37,C
A10,38,C
FHR,0,C
FHR,1,C
FHR,2,C
FHR,3,C
FHR,4,C
FHR,5,C
FHR,6,C
FHR,7,C
FHR,8,N
FHR,9,C
FHR,10,O
FHR,11,N
FHR,12,C
FHR,13,C
FHR,14,C
FHR,15,C
FHR,16,C
FHR,17,C
FHR,18,C
FHR,19,C
FHR,20,C
FHR,21,O
FHR,22,N
FHR,23,C
FHR,24,C
FHR,25,C
FHR,26,C
FHR,27,C
FHR,28,N
FHR,29,C
FHR,30,O
FHR,31,C
FHR,32,O
A11,0,C
A11,1,C
A11,2,C
A11,3,C
A11,4,C
A11,5,C
A11,6,O
A11,7,N
A11,8,C
A11,9,C
A11,10,C
A11,11,C
A11,12,C
A11,13,N
A11,14,C
A11,15,O
A11,16,C
A11,17,O
A11,18,N
A11,19,C
A11,20,O
A11,21,O
A11,22,C
A11,23,C
A11,24,C
A11,25,C
A11,26,C
A11,27,C
A11,28,C
A11,29,O
A11,30,C
A13,0,C
A13,1,C
A13,2,C
A13,3,C
A13,4,C
A13,5,C
A13,6,O
A13,7,N
A13,8,C
A13,9,C
A13,10,C
A13,11,C
A13,12,C
A13,13,N
A13,14,C
A13,15,O
A13,16,C
A13,17,N
A13,18,N
A13,19,C
A13,20,O
A13,21,C
A13,22,C
A13,23,C
A13,24,C
A13,25,C
A13,26,C
A13,27,C
A13,28,C
A13,29,C
A13,30,C
A13,31,N
A13,32,C
A13,33,F
PHE,0,C
PHE,1,C
PHE,2,C
PHE,3,C
PHE,4,C
PHE,5,C
PHE,6,C
PHE,7,C
PHE,8,C
PHE,9,O
PHE,10,O
PHE,11,N
A12,0,C
A12,1,C
A12,2,C
A12,3,C
A12,4,C
A12,5,C
A12,6,O
A12,7,O
A12,8,O
A12,9,C
A12,10,O
A12,11,O
A12,12,C
A12,13,C
A12,14,C
A12,15,C
A12,16,C
A12,17,O
A12,18,C
A12,19,O
A12,20,C
A12,21,O
A12,22,C
A12,23,C
A12,24,C
A12,25,C
A12,26,C
A12,27,C
A12,28,C
A12,29,C
A12,30,C
A12,31,C
A12,32,C
A12,33,C
A12,34,O
A12,35,O
A12,36,O
A12,37,C
A12,38,O
A12,39,O
A12,40,O
A12,41,O
A12,42,O
A12,43,O
A12,44,C
A12,45,O
A12,46,C
A12,47,C
A12,48,C
A12,49,C
A12,50,C
A12,51,C
A12,52,C
A12,53,C
A12,54,O
A12,55,C
A12,56,O
A12,57,C
A12,58,O
A12,59,O
A12,60,O
A12,61,C
A12,62,O
A12,63,O
A12,64,C
A12,65,C
A12,66,O
A12,67,O
VAL,0,C
VAL,1,C
VAL,2,C
VAL,3,C
VAL,4,C
VAL,5,O
VAL,6,O
VAL,7,N
THR,0,C
THR,1,C
THR,2,C
THR,3,C
THR,4,O
THR,5,O
THR,6,N
THR,7,O
XEK,0,C
XEK,1,N
XEK,2,C
XEK,3,C
XEK,4,C
XEK,5,O
XEK,6,N
XEK,7,C
XEK,8,O
XEK,9,C
XEK,10,C
XEK,11,N
XEK,12,C
XEK,13,O
XEK,14,C
XEK,15,C
XEK,16,C
XEK,17,C
XEK,18,C
XEK,19,C
XEK,20,C
XEK,21,C
XEK,22,Cl
XEK,23,F
XEK,24,O
XEK,25,C
XEK,26,C
XEK,27,C
XEK,28,C
XEK,29,C
XEK,30,C
XEK,31,C
XEK,32,Cl
XEK,33,C
XEK,34,C
XEK,35,C
XEK,36,C
XEK,37,N
XEK,38,C
A14,0,C
A14,1,O
A14,2,C
A14,3,C
A14,4,C
A14,5,C
A14,6,C
A14,7,C
A14,8,C
A14,9,C
A14,10,N
A14,11,C
A14,12,O
A14,13,N
A14,14,C
A14,15,C
A14,16,C
A14,17,C
A14,18,C
A14,19,C
A14,20,O
A14,21,N
A14,22,C
A14,23,C
A14,24,C
A14,25,C
A14,26,C
A14,27,N
A14,28,C
A14,29,O
A14,30,C
A14,31,N
A15,0,C
A15,1,O
A15,2,C
A15,3,C
A15,4,C
A15,5,C
A15,6,C
A15,7,C
A15,8,C
A15,9,C
A15,10,N
A15,11,C
A15,12,O
A15,13,N
A15,14,C
A15,15,C
A15,16,C
A15,17,C
A15,18,C
A15,19,C
A15,20,O
A15,21,N
A15,22,C
A15,23,C
A15,24,C
A15,25,S
A15,26,O
A15,27,O
A15,28,C
A15,29,C
A15,30,N
A17,0,C
A17,1,O
A17,2,C
A17,3,C
A17,4,C
A17,5,C
A17,6,C
A17,7,C
A17,8,C
A17,9,C
A17,10,N
A17,11,C
A17,12,O
A17,13,N
A17,14,C
A17,15,C
A17,16,C
A17,17,C
A17,18,C
A17,19,C
A17,20,O
A17,21,N
A17,22,C
A17,23,C
A17,24,C
A17,25,S
A17,26,O
A17,27,O
A17,28,C
A17,29,C
A17,30,O
A16,0,C
A16,1,O
A16,2,C
A16,3,C
A16,4,C
A16,5,C
A16,6,C
A16,7,C
A16,8,C
A16,9,C
A16,10,N
A16,11,C
A16,12,O
A16,13,N
A16,14,C
A16,15,C
A16,16,C
A16,17,C
A16,18,C
A16,19,C
A16,20,O
A16,21,N
A16,22,C
A16,23,C
A16,24,C
A16,25,C
A16,26,C
A16,27,N
A16,28,C
A16,29,O
A16,30,C
A16,31,O
A18,0,H
A18,1,N
A18,2,C
A18,3,C
A18,4,C
A18,5,C
A18,6,C
A18,7,C
A18,8,N
A18,9,C
A18,10,O
A18,11,N
A18,12,C
A18,13,O
A18,14,C
A18,15,C
A18,16,C
A18,17,C
A18,18,C
A18,19,C
A18,20,C
A18,21,C
A18,22,C
A18,23,N
A18,24,C
A18,25,O
A18,26,C
A18,27,C
A18,28,C
A18,29,C
A18,30,C
A18,31,N
A18,32,C
A18,33,O
A18,34,C
A18,35,F
A18,36,F
A18,37,F
A19,0,C
A19,1,C
A19,2,C
A19,3,C
A19,4,C
A19,5,N
A19,6,C
A19,7,C
A19,8,O
A19,9,N
A19,10,C
A19,11,C
A19,12,C
A19,13,C
A19,14,C
A19,15,C
A19,16,N
A19,17,C
A19,18,C
A19,19,C
A19,20,C
A19,21,C
A19,22,C
A19,23,C
A19,24,F
A19,25,C
A19,26,C
A19,27,N
A19,28,N
A19,29,N
A19,30,C
A19,31,C
A19,32,C
A19,33,C
A19,34,C
A19,35,S
A19,36,C
A21,0,C
A21,1,C
A21,2,C
A21,3,C
A21,4,C
A21,5,C
A21,6,O
A21,7,N
A21,8,C
A21,9,C
A21,10,C
A21,11,C
A21,12,C
A21,13,N
A21,14,C
A21,15,O
A21,16,C
A21,17,O
A21,18,N
A21,19,C
A21,20,O
A21,21,C
A21,22,C
A21,23,C
A21,24,C
A21,25,C
A21,26,C
A21,27,N
A21,28,C
A21,29,C
A21,30,C
A22,0,C
A22,1,N
A22,2,C
A22,3,O
A22,4,C
A22,5,C
A22,6,C
A22,7,C
A22,8,C
A22,9,C
A22,10,C
A22,11,C
A22,12,Cl
A22,13,N
A22,14,C
A22,15,C
A22,16,O
A22,17,C
A22,18,C
A22,19,C
A22,20,C
A22,21,C
A22,22,N
A22,23,C
A22,24,O
A22,25,C
A22,26,C
A22,27,N
A22,28,C
A22,29,C
A22,30,C
A22,31,C
A22,32,C
A22,33,C
A22,34,C
A23,0,C
A23,1,C
A23,2,C
A23,3,C
A23,4,C
A23,5,C
A23,6,C
A23,7,C
A23,8,C
A23,9,O
A23,10,O
A23,11,C
A23,12,C
A23,13,C
A23,14,C
A23,15,C
A23,16,C
A23,17,C
A23,18,C
A23,19,C
A23,20,C
A23,21,C
A23,22,N
A23,23,C
A23,24,C
A23,25,O
A23,26,N
A23,27,C
A23,28,C
A23,29,C
A23,30,C
A23,31,C
A23,32,C
A23,33,O
A23,34,N
A23,35,Cl
A20,0,C
A20,1,C
A20,2,C
A20,3,C
A20,4,C
A20,5,N
A20,6,C
A20,7,C
A20,8,O
A20,9,N
A20,10,C
A20,11,C
A20,12,C
A20,13,C
A20,14,C
A20,15,C
A20,16,N
A20,17,C
A20,18,C
A20,19,C
A20,20,C
A20,21,C
A20,22,C
A20,23,C
A20,24,F
A20,25,C
A20,26,C
A20,27,N
A20,28,N
A20,29,N
A20,30,C
A20,31,C
A20,32,C
A20,33,C
A20,34,C
A20,35,S
A20,36,C
A24,0,C
A24,1,C
A24,2,C
A24,3,C
A24,4,C
A24,5,O
A24,6,N
A24,7,C
A24,8,C
A24,9,C
A24,10,N
A24,11,N
A24,12,C
A24,13,O
A24,14,C
A24,15,C
A24,16,C
A24,17,C
A24,18,C
A24,19,N
A24,20,C
A24,21,O
A24,22,C
A24,23,C
A24,24,C
A24,25,C
A24,26,C
A24,27,C
A24,28,N
A24,29,C
A24,30,O
A24,31,C
A24,32,F
A24,33,F
A24,34,F
A24,35,C
A24,36,C
A24,37,F
A24,38,F
A24,39,C
MXU,0,C
MXU,1,C
MXU,2,C
MXU,3,C
MXU,4,O
MXU,5,C
MXU,6,O
MXU,7,N
MXU,8,C
MXU,9,C
MXU,10,C
MXU,11,C
MXU,12,N
MXU,13,C
MXU,14,O
MXU,15,C
MXU,16,C
MXU,17,C
MXU,18,C
MXU,19,C
MXU,20,C
MXU,21,O
MXU,22,N
MXU,23,C
MXU,24,C
MXU,25,C
MXU,26,C
MXU,27,C
MXU,28,N
MXU,29,C
MXU,30,O
MXU,31,C
MXU,32,C
MXU,33,O
MXU,34,N
MXU,35,O
A25,0,C
A25,1,C
A25,2,C
A25,3,C
A25,4,C
A25,5,C
A25,6,O
A25,7,N
A25,8,C
A25,9,Si
A25,10,C
A25,11,C
A25,12,C
A25,13,O
A25,14,N
A25,15,C
A25,16,C
A25,17,C
A25,18,C
A25,19,C
A25,20,N
A25,21,C
A25,22,O
A25,23,C
A25,24,N
A25,25,C
A25,26,C
A25,27,N
A25,28,C
A25,29,O
A25,30,O
A25,31,C
A26,0,C
A26,1,C
A26,2,C
A26,3,C
A26,4,C
A26,5,C
A26,6,O
A26,7,N
A26,8,C
A26,9,C
A26,10,C
A26,11,C
A26,12,C
A26,13,N
A26,14,C
A26,15,O
A26,16,C
A26,17,C
A26,18,N
A26,19,C
A26,20,C
A26,21,S
A26,22,C
A26,23,O
A26,24,O
A26,25,C
A26,26,O
A26,27,N
A26,28,C
A26,29,O
A26,30,C
A26,31,C
A26,32,C
A26,33,C
A26,34,N
A26,35,C
A26,36,O
A26,37,O
A26,38,C
A26,39,C
A26,40,C
A26,41,C
A26,42,C
A26,43,C
A26,44,C
A27,0,C
A27,1,C
A27,2,C
A27,3,C
A27,4,C
A27,5,C
A27,6,C
A27,7,C
A27,8,C
A27,9,N
A27,10,C
A27,11,C
A27,12,N
A27,13,C
A27,14,C
A27,15,C
A27,16,C
A27,17,O
A27,18,N
A27,19,C
A27,20,C
A27,21,C
A27,22,O
A27,23,C
A27,24,C
A27,25,C
A27,26,C
A27,27,N
A27,28,C
A27,29,Cl
A27,30,Br
A28,0,C
A28,1,C
A28,2,C
A28,3,C
A28,4,C
A28,5,C
A28,6,C
A28,7,C
A28,8,C
A28,9,N
A28,10,C
A28,11,C
A28,12,N
A28,13,C
A28,14,C
A28,15,C
A28,16,C
A28,17,O
A28,18,N
A28,19,C
A28,20,C
A28,21,C
A28,22,O
A28,23,C
A28,24,C
A28,25,N
A28,26,C
A28,27,C
A28,28,C
A28,29,C
A28,30,C
A28,31,S
A28,32,Br
A29,0,H
A29,1,N
A29,2,C
A29,3,C
A29,4,C
A29,5,C
A29,6,C
A29,7,C
A29,8,N
A29,9,C
A29,10,O
A29,11,N
A29,12,C
A29,13,O
A29,14,C
A29,15,C
A29,16,C
A29,17,C
A29,18,C
A29,19,C
A29,20,C
A29,21,N
A29,22,C
A29,23,O
A29,24,C
A29,25,C
A29,26,C
A29,27,C
A29,28,C
A29,29,N
A29,30,C
A29,31,O
A29,32,C
A29,33,F
A29,34,F
A29,35,Cl
A29,36,C
A29,37,C
A30,0,C
A30,1,O
A30,2,C
A30,3,C
A30,4,C
A30,5,C
A30,6,C
A30,7,C
A30,8,C
A30,9,C
A30,10,N
A30,11,C
A30,12,O
A30,13,N
A30,14,C
A30,15,C
A30,16,C
A30,17,C
A30,18,C
A30,19,C
A30,20,C
A30,21,C
A30,22,O
A30,23,N
A30,24,C
A30,25,C
A30,26,C
A30,27,C
A30,28,C
A30,29,N
A30,30,C
A30,31,O
A30,32,C
A30,33,C
A30,34,O
A30,35,N
A30,36,C
A30,37,C
A30,38,C
A30,39,C
A30,40,C
A30,41,C
A30,42,C
A30,43,O
A31,0,C
A31,1,C
A31,2,C
A31,3,C
A31,4,C
A31,5,C
A31,6,C
A31,7,C
A31,8,C
A31,9,N
A31,10,C
A31,11,C
A31,12,C
A31,13,N
A31,14,C
A31,15,C
A31,16,C
A31,17,O
A31,18,N
A31,19,C
A31,20,C
A31,21,C
A31,22,O
A31,23,C
A31,24,C
A31,25,C
A31,26,C
A31,27,N
A31,28,C
A31,29,Cl
A31,30,Br
A32,0,H
A32,1,N
A32,2,C
A32,3,C
A32,4,C
A32,5,C
A32,6,C
A32,7,C
A32,8,N
A32,9,C
A32,10,O
A32,11,N
A32,12,C
A32,13,O
A32,14,C
A32,15,C
A32,16,C
A32,17,C
A32,18,C
A32,19,N
A32,20,C
A32,21,O
A32,22,C
A32,23,C
A32,24,C
A32,25,C
A32,26,C
A32,27,N
A32,28,S
A32,29,O
A32,30,O
A32,31,C
MIY,0,C
MIY,1,N
MIY,2,C
MIY,3,C
MIY,4,C
MIY,5,C
MIY,6,C
MIY,7,C
MIY,8,C
MIY,9,C
MIY,10,C
MIY,11,C
MIY,12,C
MIY,13,C
MIY,14,C
MIY,15,C
MIY,16,C
MIY,17,O
MIY,18,C
MIY,19,C
MIY,20,C
MIY,21,C
MIY,22,O
MIY,23,O
MIY,24,O
MIY,25,C
MIY,26,O
MIY,27,N
MIY,28,O
MIY,29,N
MIY,30,C
MIY,31,C
MIY,32,O
A33,0,C
A33,1,N
A33,2,C
A33,3,C
A33,4,C
A33,5,C
A33,6,C
A33,7,C
A33,8,C
A33,9,N
A33,10,Cl
A33,11,N
A33,12,C
A33,13,N
A33,14,C
A33,15,O
A33,16,N
A33,17,C
A33,18,O
A33,19,N
A33,20,C
A33,21,C
A33,22,C
A33,23,C
A33,24,C
A33,25,C
A33,26,C
A33,27,O
A33,28,C
A33,29,C
A33,30,C
A33,31,C
A33,32,S
A33,33,C
A33,34,N
A33,35,F
A33,36,Cl
A33,37,C
A33,38,C
A33,39,C
A33,40,C
A33,41,C
A33,42,N
A33,43,C
A33,44,O
A34,0,C
A34,1,C
A34,2,C
A34,3,C
A34,4,C
A34,5,C
A34,6,O
A34,7,N
A34,8,N
A34,9,C
A34,10,C
A34,11,C
A34,12,C
A34,13,C
A34,14,N
A34,15,C
A34,16,O
A34,17,C
A34,18,O
A34,19,C
A34,20,Cl
A34,21,Cl
A34,22,N
A34,23,C
A34,24,O
A34,25,C
A34,26,C
A34,27,C
A34,28,C
A34,29,N
A34,30,C
A34,31,C
A34,32,C
A34,33,C
A34,34,O
A34,35,C
A36,0,C
A36,1,C
A36,2,C
A36,3,S
A36,4,C
A36,5,C
A36,6,N
A36,7,C
A36,8,C
A36,9,C
A36,10,O
A36,11,N
A36,12,C
A36,13,O
A36,14,C
A36,15,C
A36,16,C
A36,17,C
A36,18,C
A36,19,N
A36,20,C
A36,21,O
A36,22,Cl
A35,0,C
A35,1,C
A35,2,C
A35,3,C
A35,4,C
A35,5,C
A35,6,O
A35,7,N
A35,8,C
A35,9,C
A35,10,C
A35,11,C
A35,12,C
A35,13,C
A35,14,C
A35,15,C
A35,16,C
A35,17,C
A35,18,O
A35,19,N
A35,20,C
A35,21,C
A35,22,C
A35,23,C
A35,24,C
A35,25,C
A35,26,N
A35,27,C
A35,28,O
A35,29,C
A35,30,C
A35,31,N
A35,32,C
A35,33,C
A35,34,C
A35,35,C
A35,36,C
A35,37,C
A35,38,S
A35,39,O
A35,40,F
A35,41,N
A35,42,C
A35,43,O
A35,44,C
A35,45,F
A35,46,F
A35,47,F
A39,0,C
A39,1,C
A39,2,C
A39,3,C
A39,4,O
A39,5,N
A39,6,C
A39,7,O
A39,8,N
A39,9,C
A39,10,C
A39,11,C
A39,12,C
A39,13,C
A39,14,N
A39,15,C
A39,16,C
A39,17,C
A39,18,C
A39,19,C
A39,20,C
A39,21,C
A39,22,N
A39,23,C
A39,24,C
A39,25,C
A39,26,C
A39,27,C
A39,28,C
A39,29,N
A39,30,N
A37,0,C
A37,1,C
A37,2,C
A37,3,N
A37,4,C
A37,5,C
A37,6,C
A37,7,O
A37,8,N
A37,9,C
A37,10,O
A37,11,C
A37,12,C
A37,13,N
A37,14,C
A37,15,C
A37,16,C
A37,17,C
A37,18,C
A37,19,C
A37,20,C
A37,21,N
A37,22,C
A37,23,C
A37,24,C
A37,25,C
A37,26,C
A37,27,C
A37,28,N
A37,29,N
A37,30,C
A37,31,C
A37,32,C
A37,33,C
A37,34,C
A37,35,C
A37,36,Cl
A38,0,C
A38,1,C
A38,2,C
A38,3,N
A38,4,C
A38,5,C
A38,6,C
A38,7,O
A38,8,N
A38,9,C
A38,10,O
A38,11,C
A38,12,C
A38,13,N
A38,14,C
A38,15,C
A38,16,C
A38,17,C
A38,18,C
A38,19,C
A38,20,C
A38,21,N
A38,22,C
A38,23,C
A38,24,C
A38,25,C
A38,26,C
A38,27,C
A38,28,N
A38,29,N
A38,30,C
A38,31,C
A38,32,C
A38,33,C
A38,34,C
A38,35,C
A38,36,Cl
A40,0,C
A40,1,C
A40,2,C
A40,3,C
A40,4,C
A40,5,C
A40,6,C
A40,7,N
A40,8,C
A40,9,C
A40,10,N
A40,11,C
A40,12,O
A40,13,C
A40,14,C
A40,15,N
A40,16,C
A40,17,O
A40,18,C
A40,19,C
A40,20,C
A40,21,C
A40,22,C
A40,23,C
A40,24,Cl
A40,25,N
A40,26,C
A40,27,C
A40,28,C
A40,29,C
A40,30,C
A40,31,C
A40,32,N
A40,33,N
A41,0,C
A41,1,C
A41,2,C
A41,3,C
A41,4,C
A41,5,O
A41,6,S
A41,7,O
A41,8,O
A41,9,O
A41,10,N
A41,11,C
A41,12,O
A41,13,C
A41,14,C
A41,15,C
A41,16,C
A41,17,C
A41,18,N
A41,19,C
A41,20,O
A41,21,C
A41,22,C
A41,23,C
A41,24,C
A41,25,N
A41,26,C
A41,27,C
A41,28,C
A41,29,C
A41,30,O
A41,31,C
A41,32,C
A41,33,O
A41,34,N
A41,35,C
WZK,0,C
WZK,1,N
WZK,2,C
WZK,3,C
WZK,4,C
WZK,5,C
WZK,6,C
WZK,7,C
WZK,8,C
WZK,9,N
WZK,10,C
WZK,11,C
WZK,12,C
WZK,13,C
WZK,14,C
WZK,15,S
WZK,16,Cl
WZK,17,C
WZK,18,O
WZK,19,C
WZK,20,C
WZK,21,C
WZK,22,N
WZK,23,C
WZK,24,C
WZK,25,C
WZK,26,C
WZK,27,C
WZK,28,C
WZK,29,C
WZK,30,O
A42,0,C
A42,1,C
A42,2,C
A42,3,C
A42,4,C
A42,5,N
A42,6,C
A42,7,C
A42,8,O
A42,9,C
A42,10,C
A42,11,C
A42,12,C
A42,13,C
A42,14,N
A42,15,C
A42,16,O
A42,17,O
A42,18,C
A42,19,C
A42,20,O
A42,21,N
A42,22,C
A42,23,C
A42,24,C
A42,25,S
A42,26,C
A42,27,C
A42,28,C
A42,29,O
A42,30,N
A42,31,C
A42,32,C
A42,33,C
A42,34,O
A42,35,C
A44,0,C
A44,1,C
A44,2,C
A44,3,C
A44,4,C
A44,5,C
A44,6,O
A44,7,N
A44,8,C
A44,9,C
A44,10,C
A44,11,C
A44,12,C
A44,13,N
A44,14,C
A44,15,O
A44,16,C
A44,17,O
A44,18,N
A44,19,C
A44,20,O
A44,21,C
A44,22,C
A44,23,C
A44,24,C
A44,25,C
A44,26,N
A44,27,C
A44,28,O
A44,29,C
A44,30,F
A44,31,F
A44,32,F
A45,0,C
A45,1,C
A45,2,O
A45,3,N
A45,4,C
A45,5,C
A45,6,C
A45,7,C
A45,8,C
A45,9,C
A45,10,C
A45,11,C
A45,12,C
A45,13,N
A45,14,S
A45,15,C
A45,16,C
A45,17,C
A45,18,N
A45,19,C
A45,20,C
A45,21,N
A45,22,C
A45,23,O
A45,24,N
A45,25,C
A45,26,C
A45,27,C
A45,28,C
A45,29,C
A45,30,C
A45,31,F
A45,32,F
A43,0,C
A43,1,C
A43,2,O
A43,3,N
A43,4,C
A43,5,C
A43,6,C
A43,7,C
A43,8,C
A43,9,C
A43,10,C
A43,11,Cl
A43,12,N
A43,13,C
A43,14,O
A43,15,C
A43,16,C
A43,17,C
A43,18,C
A43,19,C
A43,20,C
A43,21,C
A43,22,C
A43,23,N
A43,24,C
A43,25,O
A43,26,C
A43,27,C
A43,28,C
A43,29,C
A43,30,C
A43,31,N
A43,32,C
A43,33,O
A43,34,C
A43,35,C
A43,36,C
A43,37,C
A43,38,S
A46,0,C
A46,1,C
A46,2,C
A46,3,C
A46,4,C
A46,5,O
A46,6,N
A46,7,C
A46,8,C
A46,9,C
A46,10,C
A46,11,C
A46,12,O
A46,13,N
A46,14,C
A46,15,C
A46,16,C
A46,17,S
A46,18,C
A46,19,C
A46,20,O
A46,21,C
A46,22,C
A46,23,C
A46,24,N
A46,25,C
A46,26,O
A46,27,C
A46,28,F
A46,29,F
A46,30,F
A47,0,C
A47,1,C
A47,2,C
A47,3,C
A47,4,C
A47,5,N
A47,6,C
A47,7,C
A47,8,O
A47,9,C
A47,10,C
A47,11,C
A47,12,C
A47,13,C
A47,14,N
A47,15,C
A47,16,O
A47,17,O
A47,18,C
A47,19,C
A47,20,O
A47,21,N
A47,22,C
A47,23,C
A47,24,C
A47,25,S
A47,26,C
A47,27,C
A47,28,O
A47,29,C
A48,0,C
A48,1,C
A48,2,C
A48,3,C
A48,4,C
A48,5,C
A48,6,O
A48,7,N
A48,8,C
A48,9,C
A48,10,C
A48,11,C
A48,12,C
A48,13,C
A48,14,C
A48,15,C
A48,16,C
A48,17,C
A48,18,O
A48,19,N
A48,20,C
A48,21,C
A48,22,C
A48,23,C
A48,24,C
A48,25,N
A48,26,C
A48,27,O
A48,28,C
A48,29,C
A48,30,N
A48,31,C
A48,32,C
A48,33,S
A48,34,C
A48,35,C
A48,36,C
A48,37,C
A48,38,C
A48,39,C
A48,40,O
A48,41,N
A48,42,C
A48,43,O
A48,44,C
A48,45,F
A48,46,F
A48,47,F
