Target,SMILES
Mpro,"['C1CCC(CC1)[C@@H](C(=O)N2C[C@@H]3CCC[C@@H]3[C@H]2C(=O)N[C@@H](C[C@@H]4CCNC4=O)[C@H](C(=O)NC5CCCC5)O)NC(=O)C(F)(F)F'
 'CC[C@@H](C(=O)N[C@H](C(=O)N[C@@H](CC(C)C)C(=O)N[C@@H](CCC(=O)N)CCS(=O)(=O)C)C(C)(C)C)NC(=O)CCOCCOCCOCCOCCNC(=O)CCCC[C@@H]1[C@@H]2[C@H](C=S1)NC(=O)N2'
 'c1ccc(cc1)C[C@H]([C@@H](C(=O)NCc2ccccn2)O)NC(=O)[C@H]3CCC(=O)N3Cc4ccccc4'
 'CC(C)C[C@@H](CO)NC(=O)[C@H](CC(C)C)NC(=O)[C@H](CC(C)C)NC(=O)OCc1ccccc1'
 'c1ccc(cc1)NC(=O)c2ccccc2[SeH]' 'Cc1ccncc1NC(=O)CNc2ccnc3c2cccc3'
 'C=C(c1cccnc1)C(=O)Nc2ccccc2' 'CS(=O)(=O)NCCN1CCCc2c1cc(cc2)S(=O)(=O)N'
 'CC(C)(C)NC(=O)[C@H](c1cccnc1)Nc2ccc(cc2)CCC#N'
 'CC(=O)N1CCN(CC1)Cc2cnc(s2)Cc3ccccc3'
 'CC(=O)N1CCN(CC1)CCNC(=O)c2cccc3c2cccc3'
 'C[C@@H](c1cc(cc(c1)Cl)F)NC(=O)C'
 'c1cc(cc(c1)Cl)N(CCC2CCCCC2)C(=O)Nc3cccnc3'
 'c1cc(cnc1)CC(=O)Nc2cc(cnc2)C#N' 'c1cc(cc(c1)Cl)CC(=O)Nc2cccnc2'
 'Cc1ccncc1NC(=O)Cc2cccc(c2)C(F)(F)F'
 'c1cc(cc(c1)Cl)N(CCN2CCOCC2)C(=O)Nc3cccnc3' 'Cc1ccc(cc1)CC(=O)Nc2cnccc2C'
 'CC(C)C[C@H]1CN(CCN1Cc2cccc(c2)Cl)C(=O)C' 'CCC(=O)N1CCN(CC1)Cc2ccc(cc2)F'
 'Cc1cc(cc(c1)O[C@H]2CC(=O)N2)NC(=O)Cc3cncnc3'
 'Cc1ccncc1NC(=O)Cc2cc(cnc2)C#N'
 'c1cc2c(cc1Cl)[C@@H](CCO2)C(=O)Nc3nncn3C4CC4'
 'Cc1ccncc1NC(=O)[C@@H](c2cccc(c2)Cl)C(C)C'
 'CC[C@@H](c1cccc(c1)Cl)C(=O)Nc2cnncc2C'
 'c1cc2c(cc1Cl)[C@@H](CO2)C(=O)Nc3cnccc3CO'
 'Cc1ccnc(c1NC(=O)Cc2cccc(c2)Cl)C'
 'COc1ccccc1OCCNC(=O)C2=CC(=O)Nc3c2ccc(c3)F'
 'c1cc(cc(c1)O[C@H]2CC(=O)N2)NC(=O)Cc3cccnc3'
 'C[C@H](c1cccc(c1)Cl)C(=O)Nc2cnccc2n3cccn3' 'Cc1ccncc1NC(=O)Cc2cccc(c2)O'
 'c1c(cc(cc1O[C@H]2CC(=O)N2)F)NC(=O)Cc3cncnc3'
 'Cc1ccncc1NC(=O)[C@H](c2cccc(c2)Cl)N(C)C'
 'Cc1ccncc1NC(=O)C(c2cccc(c2)Cl)(F)F' 'Cc1ccncc1NC(=O)C2(CC2)c3cccc(c3)Cl'
 'c1ccc(cc1)NCCNC(=O)C2=CC(=O)Nc3c2cccc3'
 'CN(CCOc1ccccc1OC)C(=O)C2=CC(=O)Nc3c2cccc3' 'Cc1ccncc1NC(=O)Cc2cccc(c2)F'
 'CNCC[C@@H](c1ccccc1)C(=O)Nc2cccnc2' 'Cc1ccncc1NC(=O)C(C)(C)c2cccc(c2)Cl'
 'CCC[C@H](c1cccc(c1)Cl)C(=O)Nc2cnccc2C'
 'c1ccc2c(c1)ncn2NC(=O)Cc3cccc(c3)Cl' 'Cc1ccncc1NC(=O)[C@H](C)CC2CC2'
 'Cc1ccncc1NC(=O)[C@@H]2CCC3(C2)CC3' 'Cc1ccncc1NC(=O)C[C@H](C)C(C)C'
 'Cc1ccncc1NC(=O)C[C@@]23CCC[C@@H]2C3'
 'c1cc(cnc1)CC(=O)N2CCC[C@H]2c3nc(on3)C4CC4'
 'Cc1ccncc1NC(=O)CC(C)(C)c2ccccc2' 'Cc1ccnc(c1NC(=O)Cc2cccc(c2)Cl)N'
 'Cc1cccc(c1)[C@H]2CN(Cc3c2cccc3)C(=O)C'
 'CC(=O)NCCc1c[nH]c2c1cccc2CN3CCN(CC3)C(=O)C'
 'C[C@H](CNC(=O)C1=CC(=O)Nc2c1cc(cc2)F)Oc3ccccc3OC'
 'Cc1ccncc1NC(=O)[C@H]2CCC23CCC3'
 'c1cc(cc(c1)Cl)N2C(=O)[C@H](NC2=O)c3cccnc3'
 'Cc1ccncc1NC(=O)C2CC(C2)C3CC3' 'Cc1ccncc1NC(=O)Cc2cccc(c2)I'
 'Cc1ccncc1NC(=O)Cc2cccc(c2)C3CC3' 'Cc1ccncc1NC(=O)CC2C[C@H]3C[C@H]3C2'
 'Cc1ccncc1NC(=O)CCc2ccccc2F' 'c1cc(cc(c1)Cl)CC(=O)NN2C=NNC2=O'
 'Cc1ccncc1NS(=O)(=O)c2cccc(c2)Cl' 'Cc1ccncc1NC(=O)[C@]2(CCOC2)C#N'
 'Cc1ccncc1NC(=O)CN2c3cc(ccc3OCC2=O)Cl'
 'Cc1ccncc1NC(=O)C2[C@H]3[C@@H]2CCCC3' 'Cc1ccncc1NC(=O)Cn2ccc3c2cc(cc3)Cl'
 'CC(=O)Nc1ccncc1NC(=O)[C@@H]2Cc3c2cc(cc3)F'
 'CC(=O)N1Cc2ccccc2[C@H](C1)c3cccc(c3)C#N'
 'COc1ccccc1OCCNC(=O)C2=CC=NC(=O)C2'
 'CC(=O)N1CCC[C@H](C1)N(CC2CCCCC2)C3CCC(CC3)O'
 'CC(=O)NNC(=O)[C@@H]1Cc2ccccc2CN1C(=O)C' 'Cc1ccncc1NC(=O)Cc2cc(cnc2)Cl'
 'Cc1ccncc1NC(=O)Cn2ccc3c2cc(cc3)F'
 'Cc1ccncc1NC(=O)Cc2cccc(c2)O[C@@H]3CC(=O)N3'
 'Cc1ccncc1NC(=O)C2(CC(=O)C2)c3cccc(c3)Cl'
 'Cc1ccncc1NC(=O)Cc2cc(cc(c2)Cl)O[C@@H]3CC(=O)N3'
 'c1ccc(cc1)CC2(CCOCC2)NC(=O)Nc3cccnc3' 'Cc1ccncc1NC(=O)CC2CC3(C2)CC3'
 'c1cc(c2cc[nH]c2c1)C=O' 'COc1ccncc1NC(=O)[C@H](c2cccc(c2)Br)O'
 'Cc1ccncc1NC(=O)[C@@H](c2cc(ccc2OC)Br)N'
 'CNc1ccc(cc1)N(Cc2ccsc2)C(=O)Cn3c4ccccc4nn3'
 'COC[C@@H](c1cccc(c1)Br)NC(=O)C[C@H]2c3cc(ccc3NC2=O)F'
 'CCC(=O)Nc1ccc(cc1)N(Cc2ccsc2)C(=O)Cn3c4ccccc4nn3'
 'c1ccc2c(c1)nnn2CC(=O)N(Cc3ccsc3)c4ccc(cc4)NC(=O)C5CC5'
 'CN(C)c1ccc(cc1)N(Cc2ccsc2)C(=O)Cn3c4ccccc4nn3'
 'CC[C@](c1cccc(c1)Cl)(C(=O)Nc2cnccc2C)O'
 'CS(=O)(=O)NCC[C@H](c1ccccc1)C(=O)Nc2cccnc2'
 'CC(=O)Nc1nc2c(s1)cccc2S(=O)(=O)NCCc3ccccc3'
 'c1cc2c(cc1Cl)[C@H](CCO2)C(=O)Nc3nncn3C4CC4'
 'Cc1ccncc1NC(=O)[C@H](C)c2cc(cnc2)Cl'
 'c1cc2c(cc1Cl)[C@@H](CCO2)C(=O)Nc3cnccc3CO'
 'c1ccc2c(c1)cncc2NC(=O)Cc3cccc(c3)Cl' 'Cc1cc(cnc1)NC(=O)Cc2cccc(c2)Cl'
 'c1cc2c(cc1S(=O)(=O)N)[C@@H](C(=O)N2)O'
 'CCc1ccncc1NC(=O)Cc2cccc(n2)C(F)(F)F' 'c1cc(cc(c1)Cl)NC(=O)Nc2cccnc2'
 'Cc1ccncc1CC(=O)Nc2cccc(c2)Cl' 'Cc1cnncc1NC(=O)Cc2cccc(c2)Cl'
 'Cc1c(c[nH]n1)NC(=O)Cc2cccc(c2)Cl' 'Cc1ccncc1N(C)C(=O)Cc2cccc(c2)Cl'
 'Cn1ccc(n1)CN(c2ccc(cc2)c3ccccn3)C(=O)Cc4cccnc4'
 'Cc1ccncc1NC(=O)[C@H](C)C2CCCCC2'
 'c1ccc2c(c1)[C@@H](CCO2)C(=O)Nc3nncn3C4CC4'
 'c1cc2c(cc1Cl)[C@@H](CO2)C(=O)Nc3nncn3C4CC4'
 'c1cc2c(cc1Br)[C@H](C(=O)N2Cc3ncon3)O'
 'COC(=O)c1cc(cc2c1NC(=O)[C@@H]2O)Br'
 'Cc1c(ccc2c1[nH]c3c2cc(cc3)Cl)[C@@H](C)C(=O)O'
 'Cc1cccc(c1)COC(=O)c2cccc3c2NC(=O)[C@@H]3O'
 'Cc1ccncc1NC(=O)C[C@H](c2ccsc2)N3CCC(CC3)O'
 'c1ccc(cc1)n2cnnc2NC(=O)[C@@H]3COc4c3cc(cc4)Cl'
 'C[C@]1(CCOc2c1cccc2)C(=O)Nc3nncn3C4CC4'
 'Cc1cc(cc2c1N(C(=O)[C@H]2O)Cc3ccc(c(c3)OC)OC)Br'
 'CCOc1ccccc1CN2c3ccc(cc3[C@@H](C2=O)O)Br'
 'COc1ccccc1OCCNC(=O)C2=CC(=O)Nc3c2c(ccc3)F'
 'Cc1ccncc1NC(=O)Cc2cc(cc(c2)Cl)OC'
 'Cc1cccc2c1C(=CC(=O)N2)C(=O)NCCOc3ccccc3OC'
 'Cc1c(cncc1NC(=O)Cc2cccc(c2)Cl)N'
 'COc1ccccc1OCCNC(=O)C2=CC(=O)Nc3c2c(ccc3)OC'
 'Cc1c(cncc1NC(=O)Cc2cccc(c2)C#N)N' 'Cc1ccncc1CC(=O)Nc2cccc3c2CNCC3'
 'Cc1cc(cc(c1)CC(=O)Nc2nncn2C)C' 'Cc1ccncc1NC(=O)[C@@H]2C[C@H]2CF'
 'c1ccc2c(c1)C(=CC(=O)N2)C(=O)N3CCN(CC3)c4ccccc4F'
 'C[C@@H](c1cccc(c1)Cl)C(=O)Nc2cnccc2NC(=O)C'
 'Cc1ccncc1NC(=O)Cc2cccc(c2)Br' 'Cc1ccncc1NC(=O)CN2CCN(CC2)C(=O)C'
 'c1cc(cc(c1)Cl)CC(=O)Nc2cccc3c2cn[nH]3'
 'c1cc(cc(c1)Cl)C[C@@H](Cn2cncn2)O' 'Cc1ccncc1NC(=O)CN2CCCCC2'
 'Cc1ccncc1NC(=O)CCc2cccc(c2)F' 'c1cc(cc(c1)Cl)CC(=O)Nc2cncc3c2CCCC3'
 'C#Cc1cccc(c1)CC(=O)Nc2cncc3c2cccc3' 'c1ccn2c(c1)ncc2NC(=O)Cc3cccc(c3)Cl'
 'CN(Cc1cccc(c1)Cl)C(=O)Cn2c3ccccc3nn2' 'Cn1cncc1NC(=O)Cc2cccc(c2)Cl'
 'Cc1ccncc1N2C=CN(C2=O)c3cccc(c3)Cl' 'Cc1ccnnc1NC(=O)Cc2cccc(c2)Cl'
 'Cc1ccncc1NC(=O)[C@@H](c2cccc(c2)Cl)C(=O)OC'
 'c1cc(cc(c1)Cl)CC(=O)Nc2cncc3c2cncc3'
 'c1ccn2cnc(c2c1)NC(=O)Cc3cccc(c3)Cl'
 'c1ccc2c(c1)cncc2NC(=O)[C@@H]3CCOc4c3cc(cc4)Cl'
 'CN(c1cncc2c1cccc2)C(=O)Cc3cccc(c3)Cl'
 'c1ccc(cc1)c2ccncc2NC(=O)Cc3cccc(c3)Cl' 'Cc1ccncc1NC(=O)CCc2cccc(c2)Cl'
 'c1ccc2c(c1)cnnc2NC(=O)Cc3cccc(c3)Cl' 'Cc1c(c[nH]n1)CC(=O)Nc2cccc(c2)Cl'
 'c1cc(cc(c1)Cl)CC(=O)Nc2c[nH]nc2' 'c1cc(cc(c1)Cl)CC(=O)Nc2cncc3c2nccc3'
 'c1cc(cc(c1)Cl)CC(=O)Nc2cnccc2C3CC3'
 'CC(=O)N1CCN(CC1)CC(=O)Nc2cncc3c2cccc3'
 'Cc1ccncc1NC(=O)[C@H](CO)c2cccc(c2)Cl'
 'c1cc(cc(c1)Cl)CC(=O)Nc2cncc3c2ccnc3'
 'c1cc(cc(c1)Cl)CC(=O)Nc2cncc3c2cccn3'
 'Cc1ccc(c(c1F)F)c2cc(cc(c2)Cl)CC(=O)Nc3cnccc3C'
 'Cc1ccncc1NC(=O)[C@H](C)OC(F)F' 'CCCCOc1ccc(cc1CC(=O)Nc2cnccc2C)Cl'
 'Cc1cc(c(n1NC(=O)C2=NNC(=O)c3c2cccc3)C)C(=O)C'
 'CC(=O)NC1=NC(=C(C2(C1C#N)CCCCC2)C#N)SC'
 'Cc1c(c2ccccn2c1C(=O)c3ccc(cc3)F)C(=O)C'
 'COc1ccc(cc1CC(=O)Nc2cncc3c2cccc3)Cl'
 'c1ccc2c(c1)C(=CC(=O)N2)C(=O)N3CCN(CC3)c4cccc(c4)C(F)(F)F'
 'COc1cccc(n1)Oc2cc(cc(c2)Cl)NC(=O)Cc3cncc4c3cccc4'
 'Cc1ccncc1NC(=O)[C@@H](C)c2cc(cc(c2)Cl)O[C@@H]3CC(=O)N3'
 'Cc1ccncc1NC(=O)[C@@H](C)OC(F)F'
 'Cc1ccncc1NC(=O)Cc2cc(cc(c2)Cl)OCc3nc(no3)C'
 'c1cc(cc(c1)Cl)CC(=O)Nc2cncc3c2[nH]cn3'
 'Cc1ccncc1NC(=O)Cc2cc(cc(c2)Cl)NS(=O)(=O)N'
 'COc1ccc2c(c1)n(nn2)CC(=O)N(Cc3ccccn3)c4ccc(cc4)C5CCNCC5'
 'Cc1ccncc1NC(=O)Cc2cc(cc(c2)Cl)N[C@H]3CCC[C@@H]3O'
 'c1ccc2c(c1)nnn2NC(=O)Cc3cccc(c3)Cl'
 'CN(C)c1ccc(cc1)N(Cc2ccsc2)C(=O)Cc3cncc4c3cccc4'
 'CN(C)c1ccc(cc1)N(Cc2ccn[nH]2)C(=O)Cn3c4ccccc4nn3'
 'CNC(=O)Nc1ccc(cc1)N(Cc2ccsc2)C(=O)Cn3c4ccccc4nn3'
 'Cc1ccncc1NC(=O)Cc2cc(cc(c2)Cl)CNC(=O)C'
 'Cc1ccncc1NC(=O)[C@@H]2CCOc3c2cc(cc3)Cl'
 'c1ccc(cc1)N2CCN(CC2)C(=O)c3cncc4c3cccc4'
 'c1ccc2c(c1)cncc2NC(=O)Cc3cc(ccn3)Cl' 'COc1ccccc1OCCNC(=O)c2cncc3c2cccc3'
 'c1ccc2c(c1)cncc2NC(=O)Cc3cc(cc4c3occ4)Cl'
 'c1cc(sc1)C(=O)N/C(=C\\c2ccc(s2)N3CCOCC3)/C=O'
 'CC(=O)N1CCN(CC1)Cc2cc(cc(c2)Cl)O' 'CCc1ccc2c(c1)[C@H](C(=O)N2CC(=O)O)O'
 'c1cc(cc(c1)Cl)CC(=O)Nc2cncc3c2CCC3'
 'COc1ccccc1NC2CN(C2)C(=O)C3=CC(=O)Nc4c3cccc4'
 'c1ccn2c(c1)nnc2NC(=O)Cc3cccc(c3)Cl'
 'COc1ccccc1OC2CN(C2)C(=O)C3=CC(=O)Nc4c3cccc4'
 'C[C@@H]1COc2ccc(cc2[C@@H]1C(=O)Nc3cncc4c3cccc4)Cl'
 'Cc1ccn2cnnc2c1NC(=O)[C@@H]3CCOc4c3cc(cc4)Cl' '[H]/N=C/c1nc(cc(n1)OC)OC'
 'CN(C)c1ccc(cc1)N(Cc2cscn2)C(=O)Cn3c4ccccc4nn3'
 'c1ccc2c(c1)cncc2NC(=O)[C@@H]3CCNc4c3cc(cc4)Cl'
 'COc1ccc(cc1)N(Cc2cccc(c2)Cl)C(=O)Cn3c4ccccc4nn3'
 'c1cc(cc(c1)Cl)CC(=O)N2CCCc3c2cncc3N' 'CC1CCN(CC1)C(=O)Cn2c3ccccc3nn2'
 'C[C@]1(CCOc2c1cc(cc2)Cl)C(=O)Nc3cncc4c3cccc4'
 'Cc1ccncc1NC(=O)Cc2cc(cc(c2)Cl)N[C@H]3C[C@H]3C(F)(F)F'
 'CN(C)c1ccc(cc1)N(Cc2ccccc2)C(=O)Cn3c4ccccc4nn3'
 'CC(C)OCCCN(Cc1ccco1)C(=O)NC2=CN(C(=O)c3c2cccc3)C'
 'CN(C)c1ccc(cc1)N(Cc2cccc(c2)Cl)C(=O)Cn3c4ccccc4nn3'
 'Cc1ccncc1NC(=O)Cc2cc(cc(c2)Cl)NCC(C)(C)C#N'
 'c1ccc2c(c1)cncc2C(=O)N3CCN(C(=O)C3)c4cccc(c4)Cl'
 'c1ccc2c(c1)cncc2N3CCC[C@H](C3=O)c4cccc(c4)Cl'
 'c1cc(cc(c1)Cl)CC(=O)Nc2cncc3c2CCCN3'
 'c1ccc2c(c1)cncc2CC(=O)N(CCC3CCCCC3)Cc4cccs4'
 'c1ccc2c(c1)cncc2N3CCC[C@H](C3=O)c4ccc(cc4)Cl'
 'c1cc2c(cc1Cl)[C@@H](CCO2)C(=O)Nc3cncc4c3ccnc4'
 'c1ccc2c(c1)C(=CC(=O)N2)C(=O)N3CCN(C(=O)C3)c4cccc(c4)Cl'
 'c1cc2c(cc1Cl)[C@@H](CCO2)C(=O)N[C@@H]3CCNC(=O)C3'
 'c1ccc2c(c1)cncc2NC(=O)Cc3cccc(n3)Cl'
 'c1ccc2c(c1)cncc2NC(=O)[C@@]3(CC(=O)Nc4c3cc(cc4)Cl)O'
 'c1ccc2c(c1)cncc2N3C(=O)[C@@]4(CCOc5c4cc(cc5)Cl)NC3=O'
 'c1cc2c(cc1Cl)[C@@H](CCO2)C(=O)Nc3cncc4c3CNCC4'
 'CN1c2c(cncc2NC(=O)[C@@H]3CCOc4c3cc(cc4)Cl)NC1=O'
 'CO[C@]1(CCOc2c1cc(cc2)Cl)C(=O)Nc3cncc4c3cccc4'
 'Cn1cnc2c1c(cnc2)NC(=O)[C@@H]3CCOc4c3cc(cc4)Cl'
 'CN1CC[C@H](c2c1ccc(c2)Cl)C(=O)Nc3cncc4c3cccc4'
 'c1ccc2c(c1)cncc2NC(=O)[C@@]3(CCOc4c3cc(cc4)Cl)CN'
 'CC(=O)N1CCN(CC1)CC(=O)Nc2cnccc2C3CC3'
 'CC(=O)N1CC[C@H](c2c1ccc(c2)Cl)C(=O)Nc3cncc4c3cccc4'
 'c1ccc2c(c1)c[n+](cc2NC(=O)[C@@H]3CCOc4c3cc(cc4)Cl)[O-]'
 'Cc1ccncc1NC(=O)CN2CCC(CC2)C'
 'CCC(=O)N(c1cncc2c1cccc2)C(=O)[C@@H]3CCOc4c3cc(cc4)Cl'
 'c1ccc2c(c1)cncc2NC(=O)[C@]3(CCOc4c3cc(cc4)Cl)CN'
 'Cc1ccncc1NC(=O)Nc2cccc(c2)Cl' 'COc1ccc2cncc(c2c1)NC(=O)Cc3cccc(c3)Cl'
 'COc1ccccc1OCCNC(=O)C2=CC(=O)Nc3c2cccc3'
 'Cc1ccncc1NC(=O)[C@H](C)c2cccc(c2)C#N'
 'CC(=O)N1C[C@@H]2C[C@H]1CN2Cc3cccc(c3)Cl'
 'c1cc(cc(c1)Cl)NC(=O)Nc2cc(cnc2)N'
 'CS(=O)(=O)NCC[C@@H]1CCCCN1CC(=O)Nc2cccnc2'
 'Cc1ccncc1NC(=O)CN(C)S(=O)(=O)c2cccc3c2nccc3'
 'CC(C)C[C@@H](C(=O)N[C@H](C[C@@H]1CCNC1=O)CO)NC(=O)[C@H](C(C)C)NC(=O)OCc2ccccc2'
 '[H]/N=C(\\N)/NCCC[C@@H](C(=O)CCl)NC(=O)[C@H](Cc1ccccc1)NC(=O)[C@@H](Cc2ccccc2)N'
 'CCC[C@@H]([C@H](C(=O)NC1CC1)O)NC(=O)[C@@H]2[C@H]3CCC[C@H]3CN2C(=O)[C@H](C(C)(C)C)NC(=O)[C@H](C4CCCCC4)NC(=O)c5cnccn5'
 'C1COCCO1'
 '[H]/N=C(/N)\\NCCC[C@@H](C(=O)C)NC(=O)[C@H](Cc1ccccc1)NC(=O)[C@@H](Cc2ccccc2)NC(=O)CCOCC#C'
 'CC(=O)[C@H](CCCNC(=O)N)NC(=O)[C@H](Cc1ccccc1)NC(=O)[C@@H](Cc2ccccc2)NC(=O)CCOCC#C'
 'CCOC(=O)CC[C@H](C[C@@H]1CCNC1=O)NC(=O)[C@H](CC2CC2)NC(=O)/C=C/c3ccc(cc3)C#C'
 'CCOC(=O)CC[C@H](C[C@@H]1CCNC1=O)NC(=O)[C@H](Cc2ccc(cc2)F)NC(=O)[C@@H](Cc3ccccc3)N'
 'CCOC(=O)CC[C@H](C[C@@H]1CCNC1=O)NC(=O)[C@H](Cc2ccc(cc2)F)NC(=O)[C@@H](Cc3ccc(cc3)F)N'
 'CCOC(=O)CC[C@H](C[C@@H]1CCNC1=O)NC(=O)[C@H](Cc2ccccc2)NC(=O)[C@@H](Cc3ccccc3)N'
 'CCOC(=O)CC[C@H](C[C@@H]1CCNC1=O)NC(=O)[C@H](Cc2ccccc2)NC(=O)[C@@H](Cc3ccc(cc3)F)N'
 'CCOC(=O)CC[C@H](C[C@@H]1CCNC1=O)NC(=O)[C@H](Cc2ccccc2)NC(=O)[C@@H](Cc3ccccc3)NC(=O)CCOCC#C'
 'CCOC(=O)CC[C@H](C[C@@H]1CCNC1=O)NC(=O)[C@H](Cc2ccccc2)NC(=O)[C@@H](Cc3ccc(cc3)F)NC(=O)CCOCC#C'
 'CC[C@@H]([C@H](C(=O)NC1CC1)O)NC(=O)[C@H](CS(=O)(=O)CC2CC2)N[C@@H](c3ccc(cc3)F)C(F)(F)F'
 'CC1([C@@H]2[C@H]1[C@H](N(C2)C(=O)[C@H](C(C)(C)C)NC(=O)NC(C)(C)C)C(=O)N[C@@H](CC3CCC3)[C@H](C(=O)N)O)C'
 'c1c(scn1)N(=O)=O'
 'c1ccc(cc1)CCNC(=O)[C@@H]([C@H](C[C@@H]2CCNC2=O)NC(=O)[C@@H]3CCCN3C(=O)OCc4ccccc4)O'
 'c1cc(cc(c1)S(=O)(=O)n2ccc3c2ccc(c3)C(=O)Oc4cc(cnc4)Cl)[N+](=O)[O-]'
 'c1ccc(cc1)CCNC(=O)[C@@H]([C@H](C[C@@H]2CCNC2=O)NC(=O)[C@@H]3CCCN3C(=O)COc4ccc(cc4Cl)Cl)O'
 'CC1([C@@H]2[C@H]1[C@H](N(C2)C(=O)[C@H](C(C)(C)C)NC(=O)NC(C)(C)C)C(=O)N[C@@H](C[C@@H]3CCNC3=O)[C@H](C(=O)N)O)C'
 'CC1([C@@H]2[C@H]1[C@H](N(C2)C(=O)[C@H](C(C)(C)C)NC(=O)CC(C)(C)C)C(=O)N[C@@H](C[C@@H]3CCNC3=O)[C@H](C(=O)N)O)C'
 'CC1([C@@H]2[C@H]1[C@H](N(C2)C(=O)OCc3ccccc3)C(=O)N[C@@H](C[C@@H]4CCNC4=O)[C@H](C(=O)N)O)C'
 'CC1([C@@H]2[C@H]1[C@H](N(C2)C(=O)CNc3c(cc(cc3F)F)F)C(=O)N[C@@H](C[C@@H]4CCNC4=O)[C@H](C(=O)N)O)C'
 'CC1([C@@H]2[C@H]1[C@H](N(C2)C(=O)[C@H](C(C)(C)C)NC(=O)C(F)(F)F)C(=O)N[C@@H](C[C@@H]3CCNC3=O)[C@H](C(=O)NC)O)C'
 'CC1([C@@H]2[C@H]1[C@H](N(C2)C(=O)CCc3ccccc3)C(=O)N[C@@H](C[C@@H]4CCNC4=O)[C@H](C(=O)N)O)C'
 '[H]/N=C\\[C@H](C[C@@H]1CCNC1=O)NC(=O)[C@H](CC(C)C)NC(=O)CNc2c(cc(cc2F)F)F'
 'Cc1ccc(cc1Nc2nc(cs2)c3cccnc3)NC(=O)c4ccc(cc4)CN5CCNCC5'
 'CC1([C@@H]2[C@H]1[C@H](N(C2)C(=O)[C@H](C(C)(C)C)NC(=O)C(F)(F)F)C(=O)N[C@@H](C[C@@H]3CCNC3=O)[C@H](C(=O)N4CCC4)O)C'
 'Cc1ccc(cc1Nc2nc(cs2)c3cccnc3)NC(=O)c4ccc(cc4)CN5CCN(CC5)C'
 '[H]/N=C/[C@H](C[C@@H]1CCNC1=O)NC(=O)[C@@H]2[C@@H]3[C@@H](C3(C)C)CN2C(=O)[C@H](C(C)(C)C)NC(=O)C(F)(F)F'
 'CC1([C@@H]2[C@H]1[C@H](N(C2)C(=O)[C@H](C(C)(C)C)NC(=O)NC(C)(C)C)C(=O)N[C@@H](C[C@@H]3CCNC3=O)[C@H](C(=O)NC)O)C'
 'CC(C)([C@H](C(=O)OCc1ccc(cc1F)F)N/C=C(/C=O)\\NC(=O)COc2ccccc2)S(=O)O'
 'CC(C)(C)OC(=O)NC1=CC=CN(C1=O)[C@H](CC2CC2)C(=O)N[C@@H](C[C@@H]3CCNC3=O)[C@@H](C(=O)NCc4ccccc4)O'
 'CNC(=O)[C@@H]([C@H](C[C@@H]1CCNC1=O)NC(=O)[C@H](CC2CC2)N3C=CC=C(C3=O)NC(=O)Nc4ccccc4)O'
 'CC(C)C[C@@H](C(=O)N[C@H](CC[N+](=O)[O-])C[C@@H]1CCNC1=O)NC(=O)c2cc3c([nH]2)cccc3OC'
 'CC(C)C[C@@H](C(=O)N[C@H](CC[N+](=O)[O-])C[C@H]1CCNC1=O)NC(=O)OCc2ccccc2'
 'CC(C)(C)OC(=O)NC1=CC=CN(C1=O)[C@@H](CC2CC2)C(=O)N[C@@H](C[C@@H]3CCNC3=O)[C@H](C(=O)NCc4ccccc4)O'
 'CC(C)C[C@@H](C(=O)N[C@@H](C[C@@H]1CCNC1=O)[C@@H](O)S(=O)(=O)O)NC(=O)OCc2ccccc2'
 'CC(C)(C)OC(=O)NC1=CC=CN(C1=O)[C@@H](CC2CC2)C(=O)N[C@@H](C[C@H]3CCNC3=O)[C@@H](C(=O)NCc4ccccc4)O'
 'CC(C)C[C@@H](C(=O)N[C@@H](C[C@@H]1CCNC1=O)C(O)S(=O)(=O)O)NC(=O)OCc2ccccc2'
 'CC(C)C[C@@H](C(=O)N[C@@H](C[C@@H]1CCNC1=O)[C@@H](CO)O)NC(=O)c2cc3c([nH]2)cccc3OC'
 'CC(C)C[C@@H](C(=O)N[C@@H](C[C@@H]1CCNC1=O)[C@H](C(=O)NC2CC2)O)N3C[C@H](CCC3=O)NC(=O)OCc4cc(cc(c4)F)F'
 'CC(C)C[C@@H](C(=O)N[C@@H](C[C@@H]1CCNC1=O)[C@H](C(=O)NC2CC2)O)N3C[C@H](CC3=O)NC(=O)OCc4ccccc4'
 'CC1([C@@H]2[C@H]1[C@H](N(C2)C(=O)[C@H](C(C)(C)C)NC(=O)C(F)(F)F)C(=O)N[C@@H](C[C@@H]3CCCNC3=O)[C@H](C(=O)N4CCC4)O)C'
 'CC1([C@@H]2[C@H]1[C@H](N(C2)C(=O)[C@H](C(C)(C)C)NC(=O)C(F)(F)F)C(=O)N[C@@H](C[C@@H]3CCCNC3=O)[C@H](C(=O)N4CC(C4)(F)F)O)C'
 'CC1(CN(C1)C(=O)[C@@H]([C@H](C[C@@H]2CCCNC2=O)NC(=O)[C@@H]3[C@@H]4[C@@H](C4(C)C)CN3C(=O)[C@H](C(C)(C)C)NC(=O)C(F)(F)F)O)C'
 'CC1([C@@H]2[C@H]1[C@H](N(C2)C(=O)[C@H](C(C)(C)C)NC(=O)C(F)(F)F)C(=O)N[C@@H](CN3CCCCC3=O)[C@H](C(=O)N4CCC4)O)C'
 'CC1([C@@H]2[C@H]1[C@H](N(C2)C(=O)[C@H](C(C)(C)C)NC(=O)C(F)(F)F)C(=O)N[C@@H](CN3CCCC3=O)[C@H](C(=O)N4CCC4)O)C'
 'C[C@@H](c1ccccc1)NC(=O)[C@@H](c2cccnc2)N(c3ccc(cc3)c4ccccc4)C(=O)CCl'
 'c1cc(c(cc1C2=C(C(=O)c3c(cc(cc3O2)O)O)O)O)O'
 'CC(C)[C@@H](C(=O)N1C[C@H](C[C@H]1C(=O)N[C@@H](C[C@@H]2CCNC2=O)CO)OC)NC(=O)OC(C)(C)C'
 'C[C@H]([C@@H](C(=O)N1CCC[C@H]1C(=O)N[C@@H](C[C@@H]2CCNC2=O)CO)NC(=O)OC(C)(C)C)OC(C)(C)C'
 'CC(C)[C@@H](C(=O)N1C[C@@H]2CCC[C@@H]2[C@H]1C(=O)N[C@@H](C[C@@H]3CCNC3=O)CO)NC(=O)OC(C)(C)C'
 'CC(C)(C)c1ccc(cc1)N([C@H](c2cccnc2)C(=O)NC3CCCCC3)C(=O)c4c[nH]cn4'
 'CC(C)(C)c1ccc(cc1)N([C@@H](c2cccnc2)C(=O)NC3CCCCC3)C(=O)c4c[nH]cn4'
 'Cc1cc(cnc1)CC(=O)N2CCC[C@H]2c3cccc(c3)Cl'
 'c1ccc(c(c1)CN2CCCN(CC2)C(=O)c3cc(cnc3)Cl)C#N'
 'c1ccc(c(c1)CN2CCCN(CC2)C(=O)c3cc(cnc3)Cl)Cl'
 'Cc1cc(cnc1)CC(=O)N2CCc3cc(c(cc3C2)Cl)Cl'
 '[H]/N=C\\N(Cc1cccc(c1F)Cl)N(C)C(=O)[C@H](Cc2ccccc2)NC(=O)OCc3ccccc3'
 '[H]/N=C\\N(Cc1ccc(cc1)Cl)N(C)C(=O)[C@H](Cc2ccccc2)NC(=O)[C@H](C(C)(C)C)NC(=O)c3cccs3'
 'CC(C)(C)C[C@@H](C(=O)N[C@@H](C[C@@H]1CCNC1=O)CO)NC(=O)OCc2ccccc2'
 'CC1([C@@H]2[C@H]1[C@H](N(C2)C(=O)OCc3ccccc3)C(=O)N[C@@H](C[C@@H]4CCNC4=O)CO)C'
 'C[C@@H]([C@@H](C(=O)N[C@@H](C[C@@H]1CCNC1=O)CO)NC(=O)OCc2ccccc2)OC(C)(C)C'
 'c1cc(cc(c1)Cl)COC(=O)N[C@@H](CC2CCCCC2)C(=O)N[C@@H](C[C@@H]3CCNC3=O)[C@@H](O)S'
 'c1cc(c(cc1OCC(=O)N2C[C@@H]3CCC[C@@H]3[C@H]2C(=O)N[C@@H](C[C@@H]4CCNC4=O)CO)Cl)Cl'
 'c1cc(c(cc1Cl)Cl)OCC(=O)N2C[C@@H]3CCC[C@@H]3[C@H]2C(=O)N[C@@H](C[C@@H]4CCNC4=O)CO'
 'CC1([C@@H]2[C@H]1[C@H](N(C2)C(=O)COc3ccc(cc3Cl)Cl)C(=O)N[C@@H](C[C@@H]4CCNC4=O)CO)C'
 'c1ccc(cc1)[C@H](c2ccc(cc2)Cl)N3CCN(CC3)C(=O)c4cc(cnc4)Br'
 '[H]/N=C/[C@H](C[C@@H]1CCCNC1=O)NC(=O)[C@@H]2[C@@H]3[C@@H](C3(C)C)CN2C(=O)[C@H](C(C)(C)C)NC(=O)C(F)(F)F'
 'c1ccc(cc1)[C@@H](c2ccc(cc2)Cl)N3CCN(CC3)C(=O)c4cc(cnc4)Br'
 'c1ccc2c(c1)CS(=O)(=O)c3ccccc3C2=C4CCN(CC4)C(=O)c5cncc6c5[nH]cc6'
 'CNC(=O)c1cc(cc(c1N[C@@H]2CCCC[C@@H]2NC(=O)C3=CC(=O)Nc4c3cccc4)[N+](=O)[O-])C5CC5'
 'c1cc(c2c(c1O)C(=O)C=CC2=O)O'
 'c1ccc2c(c1)C(=CC(=O)N2)C(=O)N[C@H]3CCCC[C@H]3Nc4c(cc(cc4[N+](=O)[O-])Br)C(=O)N5CCOCC5'
 'c1ccc2c(c1)cc([nH]2)C(=O)N[C@@H](CC3CCCCC3)C(=O)N[C@@H](C[C@@H]4CCNC4=O)C=O'
 'CC(C)C[C@@H](C(=O)N[C@@H](C[C@@H]1CCNC1=O)C=O)NC(=O)OCc2ccc(cc2)OC'
 'CC(C)C[C@@H](C(=O)N[C@@H](C[C@@H]1CCN[C@@H]1O)CN)NC(=O)c2ccc(cc2)c3ccc(nc3)F'
 'c1ccc(cc1)C[C@@H](C(=O)O)N'
 'c1c(cc(c(c1O)O)O)C(=O)O[C@H]2[C@H]3[C@@H]4[C@@H]([C@H](O2)COC(=O)c5cc(c(c(c5-c6c(cc(c(c6O)O)O)C(=O)O4)O)O)O)OC(=O)[C@@H]([C@H]7c8c(cc(c(c8OC(=O)[C@@H]7O)O)O)C(=O)O3)CC(=O)O'
 'CC(C)[C@@H](C(=O)O)N' 'C[C@H]([C@@H](C(=O)O)N)O'
 'CN1C=C(C(=O)NC1=O)C2=CN(C(=O)C(=C2)c3cc(c(c(c3)Cl)F)OCc4ccccc4Cl)c5cccnc5'
 'COc1cccc2c1cc([nH]2)C(=O)N[C@@H](CC3CC3)C(=O)N[C@@H](C[C@@H]4CCNC4=O)C=N'
 'COc1cccc2c1cc([nH]2)C(=O)N[C@@H](CC3CC3)C(=O)N[C@@H](CCS(=O)(=O)C)C=N'
 'COc1cccc2c1cc([nH]2)C(=O)N[C@@H](CC3CC3)C(=O)N[C@@H](CCS(=O)(=O)C)CO'
 'COc1cccc2c1cc([nH]2)C(=O)N[C@@H](CC3CC3)C(=O)N[C@@H](C[C@H]4CCNC4=O)CO'
 '[H]/N=C\\[C@H](C[C@@H]1CCNC1=O)NC(=O)[C@@H]2Cc3ccccc3CN2C(=O)[C@H](C(C)(C)C)NC(=O)C(F)(F)F'
 'Cc1cc(cnc1)C(=O)N2C[C@H]3CC[C@@H](C2)N3[C@@H](c4cccc(c4)F)c5cn(nn5)CCc6ccsc6'
 'CC(C)C[C@@H](C(=O)N[C@@H](C[C@@H]1CCNC1=O)C=O)NC(=O)c2cccc3c2nccc3'
 'CNC(=O)[C@@H](Cc1ccc(cc1)Cl)N(C)C(=O)C[C@H]2CCCN2C(=O)c3cncc4c3cccc4'
 'c1cc(ccc1C[C@@H]2C(=O)OCCCCC/C=C/c3cc(cnc3)C(=O)N4CCC[C@@H]4CC(=O)N2)Cl'
 'Cc1cc(cnc1)C(=O)N2C[C@H]3CC[C@@H](C2)N3[C@H](c4cccc(c4)F)c5cn(nn5)CCc6ccsc6'
 'CC1(C[C@@H](C(=O)N1)C[C@@H](C=N)NC(=O)[C@@H]2[C@@H]3CC[C@H](N2C(=O)[C@@H](CC4CCC4)NC(=O)C(F)(F)F)CC3(F)F)C'
 'CC(C)(C)OC(=O)NC1=CC=CN(C1=O)[C@@H](CC2CC2)C(=O)N[C@@H](C[C@@H]3CCNC3=O)[C@H](C(=O)N)O'
 'CC(C)(C)[C@@H](C(=O)N1C[Si](C[C@H]1C(=O)N[C@@H](C[C@@H]2CCNC2=O)C#N)(C)C)NC(=O)OC'
 'CC(C)C[C@@H](C(=O)N[C@@H](C[C@@H]1CCNC1=O)[C@@H](c2nc(cs2)C(=O)OC)O)NC(=O)[C@H](C(C)C)NC(=O)OCc3ccccc3'
 'CCc1cc(ccc1CN2CCN(CC[C@@H]2C(=O)NCC)C(=O)c3cc(cnc3)Cl)Br'
 'CCc1cc(ccc1CN2CCN(CC[C@@H]2C(=O)NCC)C(=O)c3cncc4c3ccs4)Br'
 '[H]/N=C/[C@H](C[C@@H]1CCNC1=O)NC(=O)[C@@H]2[C@H]3[C@@H]4C[C@H]([C@H]3CN2C(=O)[C@H](C(C)(C)C)NC(=O)C(F)(F)Cl)C=C4'
 'COc1cccc2c1cc([nH]2)C(=O)N3C[C@@H]4CCC[C@@H]4[C@H]3C(=O)N[C@@H](C[C@@H]5CCNC5=O)[C@H](C(=O)NCc6ccccc6)O'
 'CCc1cc(ccc1CN2CCCN([C@H](C2)C(=O)NCC)C(=O)c3cc(cnc3)Cl)Br'
 '[H]/N=C/[C@H](C[C@@H]1CCNC1=O)NC(=O)[C@H](CC(C)C)NC(=O)[C@H](C(C)(C)C)NS(=O)(=O)C'
 'CN(C)c1ccc(c2c1C[C@H]3C[C@H]4[C@@H](C(=C(C(=O)[C@]4(C(=C3C2=O)O)O)C(=O)N)O)N(C)C)O'
 'Cn1cc2cc(c(cc2n1)Cl)/N=C/3\\NC(=O)N(C(=O)N3Cc4cc(c(cc4Oc5ccc(s5)CN)F)Cl)CC6=CC=CNC6=O'
 'CC(C)C[C@@H](C(=O)NN(CC1=CC=CNC1=O)C(=O)C(Cl)Cl)NC(=O)c2cc3c([nH]2)cccc3OC'
 'c1c(csc1CN2CCC(=O)N(C2=O)CC3=CC=CNC3=O)Cl'
 'CC(C)(C)[C@@H](C(=O)N1Cc2cc(ccc2C[C@H]1C(=O)N[C@@H](C[C@@H]3CCCNC3=O)[C@@H](c4nc5ccccc5s4)O)F)NC(=O)C(F)(F)F'
 'CC1=C(C(=O)N(C(=O)N1CC=C)c2cncc3c2cccc3)n4c5ccccc5nn4'
 'C=CCN1C(=C(C(=O)N(C1=O)c2cncc3c2cccc3)n4c5ccccc5nn4)c6cccc(c6)Cl'
 'C#CCN1C(=C(C(=O)N(C1=O)c2cncc3c2cccc3)n4c5ccccc5nn4)c6cccc(c6)Cl'
 'c1ccc2c(c1)cncc2N3C(=O)C(=C(NC3=O)c4cccc(c4)Cl)n5c6ccccc6nn5'
 'C[C@@H](C[C@@H]([C@@H](O)S(=O)(=O)O)NC(=O)[C@H](CC1CC1)NC(=O)c2cc3c([nH]2)cccc3OC)C(=O)NC'
 'CN(C)c1ccc(cc1)N(Cc2cc(cs2)Cl)C(=O)Cc3cncc4c3c(ccc4)O'
 'CC1([C@@H]2[C@H]1[C@H](N(C2)C(=O)[C@H](C(C)(C)C)NC(=O)OC)C(=O)N[C@@H](CCSC)[C@H](C(=O)NC3CC3)O)C'
 'CC(C)C[C@@H](C(=O)N[C@@H](C[C@@H]1CCNC1=O)C=O)NC(=O)[C@H](C(C)(C)C)NC(=O)C(F)(F)F'
 'CC(=O)N(c1ccc(cc1)c2ccns2)[C@H](c3cnccn3)C(=O)NC4CCC(CC4)(F)F'
 'CC(=O)N(Cc1cccc(c1)Cl)NC(=O)[C@H](Cc2ccccc2)NC(=O)[C@H](C(C)(C)C)NC(=O)c3cccs3'
 'CC(C)[C@@H](C(=O)N1C[C@H]2[C@@H]([C@H]1C(=O)N[C@@H](CCSC)C=O)C2(C)C)NC(=O)C(F)(F)F'
 'CC1([C@@H]2[C@H]1[C@H](N(C2)C(=O)[C@H](C(C)(C)C)NC(=O)OC)C(=O)N[C@@H](CCSC)C=O)C'
 'CC(C)(C)[C@@H](C(=O)N1Cc2ccccc2C[C@H]1C(=O)N[C@@H](C[C@@H]3CCNC3=O)[C@@H](c4nc(cs4)c5ccccc5)O)NC(=O)C(F)(F)F']"
