Target,pdb_id,Warhead,Residue_ID,Total_atoms,Exposed_atoms,SASA_in_complex_A2,%Exposed,%Buried,Chain,LigandX_Source,Ligand5_Source,Ligand_Resolved,Warhead_5,SMILES,Ion_Dropped,Ion_Drop_Reason,Parent_SMILES,Salt_Stripped
HER2,1d7w,CYN,1603,2,2,73.116,1.0,0.0,A,CYN,CYN,CYN,,[C-]#N,False,,[C-]#N,False
HER2,1d5l,CYN,2602,2,2,73.8,1.0,0.0,A,CYN,CYN,CYN,,[C-]#N,False,,[C-]#N,False
HER2,1d5l,CYN,1603,2,2,70.177,1.0,0.0,B,CYN,CYN,CYN,,[C-]#N,False,,[C-]#N,False
HER2,1d7w,CYN,205,2,2,73.458,1.0,0.0,B,CYN,CYN,CYN,,[C-]#N,False,,[C-]#N,False
HER2,1g4u,AF3,1002,4,3,27.965,0.75,0.25,R,AF3,AF3,AF3,,F[Al](F)F,False,,F[Al](F)F,False
HER2,2prl,DDQ,700,14,12,128.926,0.857,0.143,A,DDQ,DDQ,DDQ,,CCCCCCCCCC[N+](C)(C)[O-],False,,CCCCCCCCCC[N+](C)(C)[O-],False
HER2,2prl,FMN,398,31,8,17.75,0.258,0.742,A,FMN,FMN,FMN,,Cc1cc2c(cc1C)N(C3=NC(=O)NC(=O)C3=N2)C[C@@H]([C@@H]([C@@H](COP(=O)(O)O)O)O)O,False,,Cc1cc2nc3c(=O)[nH]c(=O)nc-3n(C[C@H](O)[C@H](O)[C@H](O)COP(=O)(O)O)c2cc1C,False
HER2,2prl,ORO,399,11,9,27.868,0.818,0.182,A,ORO,ORO,ORO,,C1=C(NC(=O)NC1=O)C(=O)O,False,,O=C(O)c1cc(=O)[nH]c(=O)[nH]1,False
HER2,4b95,UCK,1206,26,14,184.002,0.538,0.462,C,UCK,UCK,UCK,,c1ccc(c(c1)C(=O)N2C[C@@H](C[C@H]2C(=O)NCc3ccc(cc3)Cl)O)Cl,False,,O=C(NCc1ccc(Cl)cc1)[C@@H]1C[C@@H](O)CN1C(=O)c1ccccc1Cl,False
HER2,4b95,UCK,1206,26,15,190.179,0.577,0.423,F,UCK,UCK,UCK,,c1ccc(c(c1)C(=O)N2C[C@@H](C[C@H]2C(=O)NCc3ccc(cc3)Cl)O)Cl,False,,O=C(NCc1ccc(Cl)cc1)[C@@H]1C[C@@H](O)CN1C(=O)c1ccccc1Cl,False
HER2,4b95,UCK,1206,26,14,203.756,0.538,0.462,I,UCK,UCK,UCK,,c1ccc(c(c1)C(=O)N2C[C@@H](C[C@H]2C(=O)NCc3ccc(cc3)Cl)O)Cl,False,,O=C(NCc1ccc(Cl)cc1)[C@@H]1C[C@@H](O)CN1C(=O)c1ccccc1Cl,False
HER2,4b95,UCK,1206,26,15,188.832,0.577,0.423,L,UCK,UCK,UCK,,c1ccc(c(c1)C(=O)N2C[C@@H](C[C@H]2C(=O)NCc3ccc(cc3)Cl)O)Cl,False,,O=C(NCc1ccc(Cl)cc1)[C@@H]1C[C@@H](O)CN1C(=O)c1ccccc1Cl,False
HER2,2prl,R2C,400,25,8,28.847,0.32,0.68,A,R2C,R2C,R2C,,COc1ccc(c(c1)C(=O)O)Nc2ccc(cc2)Oc3ccccc3,False,,COc1ccc(Nc2ccc(Oc3ccccc3)cc2)c(C(=O)O)c1,False
HER2,4b9k,TG0,1203,32,17,228.456,0.531,0.469,C,TG0,TG0,TG0,,Cc1c(cccc1N)C(=O)N2C[C@@H](C[C@H]2C(=O)NCc3ccc(cc3)c4c(ncs4)C)O,False,,Cc1ncsc1-c1ccc(CNC(=O)[C@@H]2C[C@@H](O)CN2C(=O)c2cccc(N)c2C)cc1,False
HER2,4b9k,TG0,1210,32,16,239.303,0.5,0.5,F,TG0,TG0,TG0,,Cc1c(cccc1N)C(=O)N2C[C@@H](C[C@H]2C(=O)NCc3ccc(cc3)c4c(ncs4)C)O,False,,Cc1ncsc1-c1ccc(CNC(=O)[C@@H]2C[C@@H](O)CN2C(=O)c2cccc(N)c2C)cc1,False
HER2,4b9k,TG0,1206,32,17,237.617,0.531,0.469,I,TG0,TG0,TG0,,Cc1c(cccc1N)C(=O)N2C[C@@H](C[C@H]2C(=O)NCc3ccc(cc3)c4c(ncs4)C)O,False,,Cc1ncsc1-c1ccc(CNC(=O)[C@@H]2C[C@@H](O)CN2C(=O)c2cccc(N)c2C)cc1,False
HER2,4b9k,TG0,1209,32,16,228.935,0.5,0.5,L,TG0,TG0,TG0,,Cc1c(cccc1N)C(=O)N2C[C@@H](C[C@H]2C(=O)NCc3ccc(cc3)c4c(ncs4)C)O,False,,Cc1ncsc1-c1ccc(CNC(=O)[C@@H]2C[C@@H](O)CN2C(=O)c2cccc(N)c2C)cc1,False
HER2,4d1o,ARG,700,309,190,2532.31,0.615,0.385,A,ARG,ARG,ARG,,C(C[C@@H](C(=O)O)N)CNC(=[NH2+])N,False,,NC(=[NH2+])NCCC[C@H](N)C(=O)O,False
HER2,4d1o,H4B,1481,17,13,170.643,0.765,0.235,A,H4B,H4B,H4B,,C[C@@H]([C@@H]([C@H]1CNC2=C(N1)C(=O)NC(=N2)N)O)O,False,,C[C@H](O)[C@H](O)[C@H]1CNc2nc(N)[nH]c(=O)c2N1,False
HER2,4d1o,H4B,1481,17,14,181.192,0.824,0.176,B,H4B,H4B,H4B,,C[C@@H]([C@@H]([C@H]1CNC2=C(N1)C(=O)NC(=N2)N)O)O,False,,C[C@H](O)[C@H](O)[C@H]1CNc2nc(N)[nH]c(=O)c2N1,False
HER2,4d1o,ARG,700,309,186,2604.41,0.602,0.398,B,ARG,ARG,ARG,,C(C[C@@H](C(=O)O)N)CNC(=[NH2+])N,False,,NC(=[NH2+])NCCC[C@H](N)C(=O)O,False
HER2,5b8d,6T4,1306,10,7,89.291,0.7,0.3,A,6T4,6T4,6T4,,Cc1csc(n1)NC(=O)C,False,,CC(=O)Nc1nc(C)cs1,False
HER2,4g5j,0WN,1101,34,17,197.35,0.5,0.5,A,0WN,0WN,0WN,,CN(C)CCCC(=O)Nc1cc2c(cc1O[C@H]3CCOC3)ncnc2Nc4ccc(c(c4)Cl)F,False,,CN(C)CCCC(=O)Nc1cc2c(Nc3ccc(F)c(Cl)c3)ncnc2cc1O[C@H]1CCOC1,False
HER2,5kh9,6T5,1305,18,13,263.878,0.722,0.278,A,6T5,6T5,6T5,,CC1=NNC(=O)N=C1Nc2ccc(cc2)C(C)C,False,,Cc1n[nH]c(=O)nc1Nc1ccc(C(C)C)cc1,False
HER2,4g5j,0WM,1103,68,62,962.706,0.912,0.088,A,0WM,0WM,0WM,,CN(C)C/C=C/C(=O)Nc1cc2c(cc1O[C@H]3CCOC3)ncnc2Nc4ccc(c(c4)Cl)F,False,,CN(C)C/C=C/C(=O)Nc1cc2c(Nc3ccc(F)c(Cl)c3)ncnc2cc1O[C@H]1CCOC1,False
HER2,5v61,FRZ,801,25,24,493.037,0.96,0.04,I,FRZ,FRZ,FRZ,,c1ccc(cc1)c2c(c3ccccn3n2)c4cc5c(n[nH]c5nn4)N,False,,Nc1n[nH]c2nnc(-c3c(-c4ccccc4)nn4ccccc34)cc12,False
HER2,5wbn,9ZV,1304,27,14,187.221,0.519,0.481,A,9ZV,9ZV,9ZV,,c1ccc(cc1)CC2=NN3C(=Nc4ccccc4C3=NC2=O)CCC(=O)O,False,,O=C(O)CCc1nc2ccccc2c2nc(=O)c(Cc3ccccc3)nn12,False
HER2,5vyy,9QY,301,46,11,85.757,0.239,0.761,A,9QY,9QY,9QY,,COC(=O)c1c(cc(c(c1CCc2nccn2Cc3ccccc3)Cl)O)O,False,,COC(=O)c1c(O)cc(O)c(Cl)c1CCc1nccn1Cc1ccccc1,False
HER2,5li9,MRD,610,8,5,90.418,0.625,0.375,A,MRD,MRD,MRD,,C[C@H](CC(C)(C)O)O,False,,C[C@@H](O)CC(C)(C)O,False
HER2,6ehj,COA,513,48,22,197.846,0.458,0.542,A,COA,COA,COA,,CC(C)(CO[P@](=O)(O)O[P@@](=O)(O)OC[C@@H]1[C@H]([C@H]([C@@H](O1)n2cnc3c2ncnc3N)O)OP(=O)(O)O)[C@H](C(=O)NCCC(=O)NCCS)O,False,,CC(C)(CO[P@](=O)(O)O[P@@](=O)(O)OC[C@H]1O[C@@H](n2cnc3c(N)ncnc32)[C@H](O)[C@@H]1OP(=O)(O)O)[C@@H](O)C(=O)NCCC(=O)NCCS,False
HER2,6ehj,MYA,503,63,22,177.903,0.349,0.651,A,MYA,MYA,MYA,,CCCCCCCCCCCCCC(=O)SCCNC(=O)CCNC(=O)[C@@H](C(C)(C)COP(=O)(O)OP(=O)(O)OC[C@@H]1[C@H]([C@H]([C@@H](O1)n2cnc3c2ncnc3N)O)OP(=O)(O)O)O,False,,CCCCCCCCCCCCCC(=O)SCCNC(=O)CCNC(=O)[C@H](O)C(C)(C)COP(=O)(O)OP(=O)(O)OC[C@H]1O[C@@H](n2cnc3c(N)ncnc32)[C@H](O)[C@@H]1OP(=O)(O)O,False
HER2,6ehj,PRO,510,175,95,1024.25,0.543,0.457,A,PRO,PRO,PRO,,C1C[C@H](NC1)C(=O)O,False,,O=C(O)[C@@H]1CCCN1,False
HER2,6ehj,SER,508,107,66,943.911,0.617,0.383,A,SER,SER,SER,,C([C@@H](C(=O)O)N)O,False,,N[C@@H](CO)C(=O)O,False
HER2,6ehj,COA,503,48,24,190.626,0.5,0.5,B,COA,COA,COA,,CC(C)(CO[P@](=O)(O)O[P@@](=O)(O)OC[C@@H]1[C@H]([C@H]([C@@H](O1)n2cnc3c2ncnc3N)O)OP(=O)(O)O)[C@H](C(=O)NCCC(=O)NCCS)O,False,,CC(C)(CO[P@](=O)(O)O[P@@](=O)(O)OC[C@H]1O[C@@H](n2cnc3c(N)ncnc32)[C@H](O)[C@@H]1OP(=O)(O)O)[C@@H](O)C(=O)NCCC(=O)NCCS,False
HER2,6ehj,PRO,511,182,97,1186.295,0.533,0.467,B,PRO,PRO,PRO,,C1C[C@H](NC1)C(=O)O,False,,O=C(O)[C@@H]1CCCN1,False
HER2,6p0i,NL7,405,32,14,111.469,0.438,0.562,B,NL7,NL7,NL7,,COc1cc(cnc1)NS(=O)(=O)c2ccc(cc2)S(=O)(=O)O,False,,COc1cncc(NS(=O)(=O)c2ccc(S(=O)(=O)O)cc2)c1,False
HER2,6ehj,SER,509,102,58,857.901,0.569,0.431,B,SER,SER,SER,,C([C@@H](C(=O)O)N)O,False,,N[C@@H](CO)C(=O)O,False
HER2,6p0k,NLV,503,28,15,109.019,0.536,0.464,B,NLV,NLV,NLV,,c1cc(nc(c1)Cl)NS(=O)(=O)c2ccc(cc2)S(=O)(=O)O,False,,O=S(=O)(O)c1ccc(S(=O)(=O)Nc2cccc(Cl)n2)cc1,False
HER2,6p0l,NLJ,502,32,16,137.195,0.5,0.5,B,NLJ,NLJ,NLJ,,COc1c(cccn1)NS(=O)(=O)c2ccc(cc2)S(=O)(=O)O,False,,COc1ncccc1NS(=O)(=O)c1ccc(S(=O)(=O)O)cc1,False
HER2,6u65,Q0A,401,36,17,196.018,0.472,0.528,A,Q0A,Q0A,Q0A,,c1ccc(cc1)CCSc2ccc(c(c2)C(=O)O)NS(=O)(=O)N3CCN(CC3)Cc4ccc(cc4)F,False,,O=C(O)c1cc(SCCc2ccccc2)ccc1NS(=O)(=O)N1CCN(Cc2ccc(F)cc2)CC1,False
HER2,6p0m,NLM,501,28,12,114.347,0.429,0.571,B,NLM,NLM,NLM,,c1cc(c(nc1)NS(=O)(=O)c2ccc(cc2)S(=O)(=O)O)Cl,False,,O=S(=O)(O)c1ccc(S(=O)(=O)Nc2ncccc2Cl)cc1,False
HER2,6u65,Q0A,401,36,17,184.411,0.472,0.528,B,Q0A,Q0A,Q0A,,c1ccc(cc1)CCSc2ccc(c(c2)C(=O)O)NS(=O)(=O)N3CCN(CC3)Cc4ccc(cc4)F,False,,O=C(O)c1cc(SCCc2ccccc2)ccc1NS(=O)(=O)N1CCN(Cc2ccc(F)cc2)CC1,False
HER2,6p0n,NLS,504,28,14,112.097,0.5,0.5,B,NLS,NLS,NLS,,c1cc(nc(c1)F)NS(=O)(=O)c2ccc(cc2)S(=O)(=O)O,False,,O=S(=O)(O)c1ccc(S(=O)(=O)Nc2cccc(F)n2)cc1,False
HER2,6u65,Q0A,401,36,24,218.611,0.667,0.333,C,Q0A,Q0A,Q0A,,c1ccc(cc1)CCSc2ccc(c(c2)C(=O)O)NS(=O)(=O)N3CCN(CC3)Cc4ccc(cc4)F,False,,O=C(O)c1cc(SCCc2ccccc2)ccc1NS(=O)(=O)N1CCN(Cc2ccc(F)cc2)CC1,False
HER2,6u65,Q0A,401,36,19,189.606,0.528,0.472,D,Q0A,Q0A,Q0A,,c1ccc(cc1)CCSc2ccc(c(c2)C(=O)O)NS(=O)(=O)N3CCN(CC3)Cc4ccc(cc4)F,False,,O=C(O)c1cc(SCCc2ccccc2)ccc1NS(=O)(=O)N1CCN(Cc2ccc(F)cc2)CC1,False
HER2,6vcu,R27,203,134,59,500.495,0.44,0.56,A,R27,R27,R27,,C[C@@H]1C[C@@H]([C@@H]2[C@H](C[C@H]([C@@](O2)(C(=O)C(=O)N3CCCC[C@H]3C(=O)O[C@@H]([C@@H]([C@H](C/C(=N/NC(=O)C)/[C@@H](/C=C(/C1)\C)CC=C)O)C)/C(=C/[C@@H]4CC[C@H]([C@@H](C4)OC)O)/C)O)C)OC)OC,False,,C=CC[C@@H]1/C=C(\C)C[C@H](C)C[C@H](OC)[C@H]2O[C@@](O)(C(=O)C(=O)N3CCCC[C@H]3C(=O)O[C@H](/C(C)=C/[C@@H]3CC[C@@H](O)[C@H](OC)C3)[C@H](C)[C@@H](O)C/C1=N/NC(C)=O)[C@H](C)C[C@@H]2OC,False
HER2,6vcu,R27,201,134,62,500.862,0.463,0.537,B,R27,R27,R27,,C[C@@H]1C[C@@H]([C@@H]2[C@H](C[C@H]([C@@](O2)(C(=O)C(=O)N3CCCC[C@H]3C(=O)O[C@@H]([C@@H]([C@H](C/C(=N/NC(=O)C)/[C@@H](/C=C(/C1)\C)CC=C)O)C)/C(=C/[C@@H]4CC[C@H]([C@@H](C4)OC)O)/C)O)C)OC)OC,False,,C=CC[C@@H]1/C=C(\C)C[C@H](C)C[C@H](OC)[C@H]2O[C@@](O)(C(=O)C(=O)N3CCCC[C@H]3C(=O)O[C@H](/C(C)=C/[C@@H]3CC[C@@H](O)[C@H](OC)C3)[C@H](C)[C@@H](O)C/C1=N/NC(C)=O)[C@H](C)C[C@@H]2OC,False
HER2,6vcu,R27,203,134,58,492.159,0.433,0.567,C,R27,R27,R27,,C[C@@H]1C[C@@H]([C@@H]2[C@H](C[C@H]([C@@](O2)(C(=O)C(=O)N3CCCC[C@H]3C(=O)O[C@@H]([C@@H]([C@H](C/C(=N/NC(=O)C)/[C@@H](/C=C(/C1)\C)CC=C)O)C)/C(=C/[C@@H]4CC[C@H]([C@@H](C4)OC)O)/C)O)C)OC)OC,False,,C=CC[C@@H]1/C=C(\C)C[C@H](C)C[C@H](OC)[C@H]2O[C@@](O)(C(=O)C(=O)N3CCCC[C@H]3C(=O)O[C@H](/C(C)=C/[C@@H]3CC[C@@H](O)[C@H](OC)C3)[C@H](C)[C@@H](O)C/C1=N/NC(C)=O)[C@H](C)C[C@@H]2OC,False
HER2,6vcu,R27,202,134,58,500.174,0.433,0.567,D,R27,R27,R27,,C[C@@H]1C[C@@H]([C@@H]2[C@H](C[C@H]([C@@](O2)(C(=O)C(=O)N3CCCC[C@H]3C(=O)O[C@@H]([C@@H]([C@H](C/C(=N/NC(=O)C)/[C@@H](/C=C(/C1)\C)CC=C)O)C)/C(=C/[C@@H]4CC[C@H]([C@@H](C4)OC)O)/C)O)C)OC)OC,False,,C=CC[C@@H]1/C=C(\C)C[C@H](C)C[C@H](OC)[C@H]2O[C@@](O)(C(=O)C(=O)N3CCCC[C@H]3C(=O)O[C@H](/C(C)=C/[C@@H]3CC[C@@H](O)[C@H](OC)C3)[C@H](C)[C@@H](O)C/C1=N/NC(C)=O)[C@H](C)C[C@@H]2OC,False
HER2,7bia,GSH,402,20,14,147.949,0.7,0.3,A,GSH,GSH,GSH,,C(CC(=O)N[C@@H](CS)C(=O)NCC(=O)O)[C@@H](C(=O)O)N,False,,N[C@@H](CCC(=O)N[C@@H](CS)C(=O)NCC(=O)O)C(=O)O,False
HER2,7bia,TVQ,403,9,8,155.503,0.889,0.111,A,TVQ,TVQ,TVQ,,CS(=O)CCCN=C=S,False,,CS(=O)CCCN=C=S,False
HER2,7bia,GSH,402,20,14,141.556,0.7,0.3,B,GSH,GSH,GSH,,C(CC(=O)N[C@@H](CS)C(=O)NCC(=O)O)[C@@H](C(=O)O)N,False,,N[C@@H](CCC(=O)N[C@@H](CS)C(=O)NCC(=O)O)C(=O)O,False
HER2,8ouu,W49,1404,28,1,1.094,0.036,0.964,A,W49,W49,W49,,C[C@@H](c1ccccc1)N2C=C(C(=O)NC2=O)c3cc(cc4c3[nH]nc4C#C)F,False,,C#Cc1n[nH]c2c(-c3cn([C@@H](C)c4ccccc4)c(=O)[nH]c3=O)cc(F)cc12,False
HER2,8ouu,W49,1405,28,2,3.509,0.071,0.929,B,W49,W49,W49,,C[C@@H](c1ccccc1)N2C=C(C(=O)NC2=O)c3cc(cc4c3[nH]nc4C#C)F,False,,C#Cc1n[nH]c2c(-c3cn([C@@H](C)c4ccccc4)c(=O)[nH]c3=O)cc(F)cc12,False
HER2,9cw7,A00,,0,0,0.0,0.0,1.0,A,A00,A1A0E,A1A0E,A1A0E,Cc1cc(nc(c1)N)c2cc(cnc2)CNC,False,,CNCc1cncc(-c2cc(C)cc(N)n2)c1,False
HER2,7nzn,VJH,1101,72,31,293.782,0.431,0.569,A,VJH,VJH,VJH,,Cc1cc([nH]n1)Nc2cc(nc(n2)Nc3ccc(cc3)CC(=O)Nc4cccc(c4)F)c5cnn(c5)CCN(C)C,False,,Cc1cc(Nc2cc(-c3cnn(CCN(C)C)c3)nc(Nc3ccc(CC(=O)Nc4cccc(F)c4)cc3)n2)[nH]n1,False
HER2,9cw7,H4B,502,17,14,177.708,0.824,0.176,A,H4B,H4B,H4B,,C[C@@H]([C@@H]([C@H]1CNC2=C(N1)C(=O)NC(=N2)N)O)O,False,,C[C@H](O)[C@H](O)[C@H]1CNc2nc(N)[nH]c(=O)c2N1,False
HER2,9cw7,A00,,0,0,0.0,0.0,1.0,B,A00,A1A0E,A1A0E,A1A0E,Cc1cc(nc(c1)N)c2cc(cnc2)CNC,False,,CNCc1cncc(-c2cc(C)cc(N)n2)c1,False
HER2,9cw7,H4B,502,17,14,177.863,0.824,0.176,B,H4B,H4B,H4B,,C[C@@H]([C@@H]([C@H]1CNC2=C(N1)C(=O)NC(=N2)N)O)O,False,,C[C@H](O)[C@H](O)[C@H]1CNc2nc(N)[nH]c(=O)c2N1,False
HER2,9cw7,H4B,502,17,13,175.448,0.765,0.235,C,H4B,H4B,H4B,,C[C@@H]([C@@H]([C@H]1CNC2=C(N1)C(=O)NC(=N2)N)O)O,False,,C[C@H](O)[C@H](O)[C@H]1CNc2nc(N)[nH]c(=O)c2N1,False
HER2,9cw7,A00,,0,0,0.0,0.0,1.0,C,A00,A1A0E,A1A0E,A1A0E,Cc1cc(nc(c1)N)c2cc(cnc2)CNC,False,,CNCc1cncc(-c2cc(C)cc(N)n2)c1,False
HER2,9cw7,A00,,0,0,0.0,0.0,1.0,D,A00,A1A0E,A1A0E,A1A0E,Cc1cc(nc(c1)N)c2cc(cnc2)CNC,False,,CNCc1cncc(-c2cc(C)cc(N)n2)c1,False
HER2,9cw7,H4B,502,17,14,173.195,0.824,0.176,D,H4B,H4B,H4B,,C[C@@H]([C@@H]([C@H]1CNC2=C(N1)C(=O)NC(=N2)N)O)O,False,,C[C@H](O)[C@H](O)[C@H]1CNc2nc(N)[nH]c(=O)c2N1,False
HER2,9cwk,A01,,0,0,0.0,0.0,1.0,A,A01,A1A0C,A1A0C,A1A0C,Cc1cc(nc(c1)N)c2cc(cc(c2F)F)CCNC,False,,CNCCc1cc(F)c(F)c(-c2cc(C)cc(N)n2)c1,False
HER2,9cwk,H4B,502,17,14,179.027,0.824,0.176,A,H4B,H4B,H4B,,C[C@@H]([C@@H]([C@H]1CNC2=C(N1)C(=O)NC(=N2)N)O)O,False,,C[C@H](O)[C@H](O)[C@H]1CNc2nc(N)[nH]c(=O)c2N1,False
HER2,9cwk,A01,,0,0,0.0,0.0,1.0,B,A01,A1A0C,A1A0C,A1A0C,Cc1cc(nc(c1)N)c2cc(cc(c2F)F)CCNC,False,,CNCCc1cc(F)c(F)c(-c2cc(C)cc(N)n2)c1,False
HER2,9cwk,H4B,502,17,14,180.44,0.824,0.176,B,H4B,H4B,H4B,,C[C@@H]([C@@H]([C@H]1CNC2=C(N1)C(=O)NC(=N2)N)O)O,False,,C[C@H](O)[C@H](O)[C@H]1CNc2nc(N)[nH]c(=O)c2N1,False
HER2,9cwk,H4B,502,17,13,176.177,0.765,0.235,C,H4B,H4B,H4B,,C[C@@H]([C@@H]([C@H]1CNC2=C(N1)C(=O)NC(=N2)N)O)O,False,,C[C@H](O)[C@H](O)[C@H]1CNc2nc(N)[nH]c(=O)c2N1,False
HER2,9cwk,A01,,0,0,0.0,0.0,1.0,C,A01,A1A0C,A1A0C,A1A0C,Cc1cc(nc(c1)N)c2cc(cc(c2F)F)CCNC,False,,CNCCc1cc(F)c(F)c(-c2cc(C)cc(N)n2)c1,False
HER2,9cwk,A01,,0,0,0.0,0.0,1.0,D,A01,A1A0C,A1A0C,A1A0C,Cc1cc(nc(c1)N)c2cc(cc(c2F)F)CCNC,False,,CNCCc1cc(F)c(F)c(-c2cc(C)cc(N)n2)c1,False
HER2,9i64,A02,,0,0,0.0,0.0,1.0,A,A02,A1I0H,A1I0H,A1I0H,,False,,,False
HER2,9cwk,H4B,502,17,14,177.617,0.824,0.176,D,H4B,H4B,H4B,,C[C@@H]([C@@H]([C@H]1CNC2=C(N1)C(=O)NC(=N2)N)O)O,False,,C[C@H](O)[C@H](O)[C@H]1CNc2nc(N)[nH]c(=O)c2N1,False
HER2,9mwn,H44,503,32,25,350.241,0.781,0.219,A,H44,H44,H44,,[H]/N=C(/c1cccs1)\Nc2ccc(cc2)CCNCc3cccc(c3)N/C(=N/[H])/c4cccs4,False,,[H]/N=C(\Nc1ccc(CCNCc2cccc(N/C(=N/[H])c3cccs3)c2)cc1)c1cccs1,False
HER2,9mwn,H4B,502,17,13,167.517,0.765,0.235,A,H4B,H4B,H4B,,C[C@@H]([C@@H]([C@H]1CNC2=C(N1)C(=O)NC(=N2)N)O)O,False,,C[C@H](O)[C@H](O)[C@H]1CNc2nc(N)[nH]c(=O)c2N1,False
HER2,9mwn,H4B,502,17,14,172.601,0.824,0.176,B,H4B,H4B,H4B,,C[C@@H]([C@@H]([C@H]1CNC2=C(N1)C(=O)NC(=N2)N)O)O,False,,C[C@H](O)[C@H](O)[C@H]1CNc2nc(N)[nH]c(=O)c2N1,False
HER2,9mwn,H44,503,32,26,342.261,0.812,0.188,B,H44,H44,H44,,[H]/N=C(/c1cccs1)\Nc2ccc(cc2)CCNCc3cccc(c3)N/C(=N/[H])/c4cccs4,False,,[H]/N=C(\Nc1ccc(CCNCc2cccc(N/C(=N/[H])c3cccs3)c2)cc1)c1cccs1,False
HER2,9mwn,H44,503,32,24,365.586,0.75,0.25,C,H44,H44,H44,,[H]/N=C(/c1cccs1)\Nc2ccc(cc2)CCNCc3cccc(c3)N/C(=N/[H])/c4cccs4,False,,[H]/N=C(\Nc1ccc(CCNCc2cccc(N/C(=N/[H])c3cccs3)c2)cc1)c1cccs1,False
HER2,9mwn,H4B,502,17,15,175.746,0.882,0.118,C,H4B,H4B,H4B,,C[C@@H]([C@@H]([C@H]1CNC2=C(N1)C(=O)NC(=N2)N)O)O,False,,C[C@H](O)[C@H](O)[C@H]1CNc2nc(N)[nH]c(=O)c2N1,False
HER2,9mwn,H44,503,32,28,329.579,0.875,0.125,D,H44,H44,H44,,[H]/N=C(/c1cccs1)\Nc2ccc(cc2)CCNCc3cccc(c3)N/C(=N/[H])/c4cccs4,False,,[H]/N=C(\Nc1ccc(CCNCc2cccc(N/C(=N/[H])c3cccs3)c2)cc1)c1cccs1,False
HER2,9mwn,H4B,502,17,13,170.846,0.765,0.235,D,H4B,H4B,H4B,,C[C@@H]([C@@H]([C@H]1CNC2=C(N1)C(=O)NC(=N2)N)O)O,False,,C[C@H](O)[C@H](O)[C@H]1CNc2nc(N)[nH]c(=O)c2N1,False
HER2,9mwp,A03,,0,0,0.0,0.0,1.0,A,A03,A1BT1,A1BT1,A1BT1,[H]/N=C(\c1ccoc1)/Nc2ccc(cc2)CCNCc3cccc(c3)N/C(=N\[H])/c4ccoc4,False,,[H]/N=C(\Nc1cccc(CNCCc2ccc(N/C(=N/[H])c3ccoc3)cc2)c1)c1ccoc1,False
HER2,9mwp,A03,,0,0,0.0,0.0,1.0,B,A03,A1BT1,A1BT1,A1BT1,[H]/N=C(\c1ccoc1)/Nc2ccc(cc2)CCNCc3cccc(c3)N/C(=N\[H])/c4ccoc4,False,,[H]/N=C(\Nc1cccc(CNCCc2ccc(N/C(=N/[H])c3ccoc3)cc2)c1)c1ccoc1,False
HER2,9mwp,H4B,502,17,13,171.895,0.765,0.235,A,H4B,H4B,H4B,,C[C@@H]([C@@H]([C@H]1CNC2=C(N1)C(=O)NC(=N2)N)O)O,False,,C[C@H](O)[C@H](O)[C@H]1CNc2nc(N)[nH]c(=O)c2N1,False
HER2,9mwr,A04,,0,0,0.0,0.0,1.0,A,A04,A1BTV,A1BTV,A1BTV,[H]/N=C(\c1nccs1)/Nc2ccc(cc2)CCNCc3cccc(c3)N/C(=N\[H])/c4nccs4,False,,[H]/N=C(\Nc1cccc(CNCCc2ccc(N/C(=N/[H])c3nccs3)cc2)c1)c1nccs1,False
HER2,9mwp,H4B,502,17,13,178.596,0.765,0.235,B,H4B,H4B,H4B,,C[C@@H]([C@@H]([C@H]1CNC2=C(N1)C(=O)NC(=N2)N)O)O,False,,C[C@H](O)[C@H](O)[C@H]1CNc2nc(N)[nH]c(=O)c2N1,False
HER2,9mwr,H4B,502,17,13,173.055,0.765,0.235,A,H4B,H4B,H4B,,C[C@@H]([C@@H]([C@H]1CNC2=C(N1)C(=O)NC(=N2)N)O)O,False,,C[C@H](O)[C@H](O)[C@H]1CNc2nc(N)[nH]c(=O)c2N1,False
HER2,9mwr,A04,,0,0,0.0,0.0,1.0,B,A04,A1BTV,A1BTV,A1BTV,[H]/N=C(\c1nccs1)/Nc2ccc(cc2)CCNCc3cccc(c3)N/C(=N\[H])/c4nccs4,False,,[H]/N=C(\Nc1cccc(CNCCc2ccc(N/C(=N/[H])c3nccs3)cc2)c1)c1nccs1,False
HER2,9mwr,A04,,0,0,0.0,0.0,1.0,C,A04,A1BTV,A1BTV,A1BTV,[H]/N=C(\c1nccs1)/Nc2ccc(cc2)CCNCc3cccc(c3)N/C(=N\[H])/c4nccs4,False,,[H]/N=C(\Nc1cccc(CNCCc2ccc(N/C(=N/[H])c3nccs3)cc2)c1)c1nccs1,False
HER2,9mwr,H4B,502,17,14,171.166,0.824,0.176,B,H4B,H4B,H4B,,C[C@@H]([C@@H]([C@H]1CNC2=C(N1)C(=O)NC(=N2)N)O)O,False,,C[C@H](O)[C@H](O)[C@H]1CNc2nc(N)[nH]c(=O)c2N1,False
HER2,9mwr,H4B,502,17,13,167.907,0.765,0.235,C,H4B,H4B,H4B,,C[C@@H]([C@@H]([C@H]1CNC2=C(N1)C(=O)NC(=N2)N)O)O,False,,C[C@H](O)[C@H](O)[C@H]1CNc2nc(N)[nH]c(=O)c2N1,False
HER2,9mwr,A04,,0,0,0.0,0.0,1.0,D,A04,A1BTV,A1BTV,A1BTV,[H]/N=C(\c1nccs1)/Nc2ccc(cc2)CCNCc3cccc(c3)N/C(=N\[H])/c4nccs4,False,,[H]/N=C(\Nc1cccc(CNCCc2ccc(N/C(=N/[H])c3nccs3)cc2)c1)c1nccs1,False
HER2,9mwt,A05,,0,0,0.0,0.0,1.0,A,A05,A1BT6,A1BT6,A1BT6,[H]/N=C(/c1ccco1)\Nc2cccc(c2)CCNCc3cccc(c3)N/C(=N/[H])/c4ccco4,False,,[H]/N=C(\Nc1cccc(CCNCc2cccc(N/C(=N/[H])c3ccco3)c2)c1)c1ccco1,False
HER2,9mwr,H4B,502,17,12,168.931,0.706,0.294,D,H4B,H4B,H4B,,C[C@@H]([C@@H]([C@H]1CNC2=C(N1)C(=O)NC(=N2)N)O)O,False,,C[C@H](O)[C@H](O)[C@H]1CNc2nc(N)[nH]c(=O)c2N1,False
HER2,9mwt,A05,,0,0,0.0,0.0,1.0,B,A05,A1BT6,A1BT6,A1BT6,[H]/N=C(/c1ccco1)\Nc2cccc(c2)CCNCc3cccc(c3)N/C(=N/[H])/c4ccco4,False,,[H]/N=C(\Nc1cccc(CCNCc2cccc(N/C(=N/[H])c3ccco3)c2)c1)c1ccco1,False
HER2,9mwt,H4B,502,17,13,173.898,0.765,0.235,A,H4B,H4B,H4B,,C[C@@H]([C@@H]([C@H]1CNC2=C(N1)C(=O)NC(=N2)N)O)O,False,,C[C@H](O)[C@H](O)[C@H]1CNc2nc(N)[nH]c(=O)c2N1,False
HER2,9mwt,A05,,0,0,0.0,0.0,1.0,C,A05,A1BT6,A1BT6,A1BT6,[H]/N=C(/c1ccco1)\Nc2cccc(c2)CCNCc3cccc(c3)N/C(=N/[H])/c4ccco4,False,,[H]/N=C(\Nc1cccc(CCNCc2cccc(N/C(=N/[H])c3ccco3)c2)c1)c1ccco1,False
HER2,9mwt,H4B,502,17,13,167.384,0.765,0.235,B,H4B,H4B,H4B,,C[C@@H]([C@@H]([C@H]1CNC2=C(N1)C(=O)NC(=N2)N)O)O,False,,C[C@H](O)[C@H](O)[C@H]1CNc2nc(N)[nH]c(=O)c2N1,False
HER2,9mwt,A05,,0,0,0.0,0.0,1.0,D,A05,A1BT6,A1BT6,A1BT6,[H]/N=C(/c1ccco1)\Nc2cccc(c2)CCNCc3cccc(c3)N/C(=N/[H])/c4ccco4,False,,[H]/N=C(\Nc1cccc(CCNCc2cccc(N/C(=N/[H])c3ccco3)c2)c1)c1ccco1,False
HER2,9mwt,H4B,502,17,14,170.436,0.824,0.176,C,H4B,H4B,H4B,,C[C@@H]([C@@H]([C@H]1CNC2=C(N1)C(=O)NC(=N2)N)O)O,False,,C[C@H](O)[C@H](O)[C@H]1CNc2nc(N)[nH]c(=O)c2N1,False
HER2,9mwt,H4B,502,17,13,180.669,0.765,0.235,D,H4B,H4B,H4B,,C[C@@H]([C@@H]([C@H]1CNC2=C(N1)C(=O)NC(=N2)N)O)O,False,,C[C@H](O)[C@H](O)[C@H]1CNc2nc(N)[nH]c(=O)c2N1,False
HER2,9mwu,A06,,0,0,0.0,0.0,1.0,A,A06,A1BT2,A1BT2,A1BT2,[H]/N=C(\c1ccco1)/Nc2cccc(c2)CNCCc3ccc(cc3CN)c4ccccc4,False,,[H]/N=C(/Nc1cccc(CNCCc2ccc(-c3ccccc3)cc2CN)c1)c1ccco1,False
HER2,9mwu,H4B,502,17,13,167.293,0.765,0.235,A,H4B,H4B,H4B,,C[C@@H]([C@@H]([C@H]1CNC2=C(N1)C(=O)NC(=N2)N)O)O,False,,C[C@H](O)[C@H](O)[C@H]1CNc2nc(N)[nH]c(=O)c2N1,False
HER2,9mwu,A06,,0,0,0.0,0.0,1.0,B,A06,A1BT2,A1BT2,A1BT2,[H]/N=C(\c1ccco1)/Nc2cccc(c2)CNCCc3ccc(cc3CN)c4ccccc4,False,,[H]/N=C(/Nc1cccc(CNCCc2ccc(-c3ccccc3)cc2CN)c1)c1ccco1,False
HER2,9mwu,H4B,502,17,14,179.962,0.824,0.176,B,H4B,H4B,H4B,,C[C@@H]([C@@H]([C@H]1CNC2=C(N1)C(=O)NC(=N2)N)O)O,False,,C[C@H](O)[C@H](O)[C@H]1CNc2nc(N)[nH]c(=O)c2N1,False
HER2,9mwv,A07,,0,0,0.0,0.0,1.0,A,A07,A1BT9,A1BT9,A1BT9,[H]/N=C(\c1cccs1)/Nc2cccc(c2)CNCCc3ccc(cc3CN)c4ccccc4,False,,[H]/N=C(/Nc1cccc(CNCCc2ccc(-c3ccccc3)cc2CN)c1)c1cccs1,False
HER2,9mwv,H4B,502,17,13,171.689,0.765,0.235,A,H4B,H4B,H4B,,C[C@@H]([C@@H]([C@H]1CNC2=C(N1)C(=O)NC(=N2)N)O)O,False,,C[C@H](O)[C@H](O)[C@H]1CNc2nc(N)[nH]c(=O)c2N1,False
HER2,9mwv,A07,,0,0,0.0,0.0,1.0,B,A07,A1BT9,A1BT9,A1BT9,[H]/N=C(\c1cccs1)/Nc2cccc(c2)CNCCc3ccc(cc3CN)c4ccccc4,False,,[H]/N=C(/Nc1cccc(CNCCc2ccc(-c3ccccc3)cc2CN)c1)c1cccs1,False
HER2,9mwv,H4B,503,17,14,178.161,0.824,0.176,B,H4B,H4B,H4B,,C[C@@H]([C@@H]([C@H]1CNC2=C(N1)C(=O)NC(=N2)N)O)O,False,,C[C@H](O)[C@H](O)[C@H]1CNc2nc(N)[nH]c(=O)c2N1,False
HER2,9mwv,A07,,0,0,0.0,0.0,1.0,C,A07,A1BT9,A1BT9,A1BT9,[H]/N=C(\c1cccs1)/Nc2cccc(c2)CNCCc3ccc(cc3CN)c4ccccc4,False,,[H]/N=C(/Nc1cccc(CNCCc2ccc(-c3ccccc3)cc2CN)c1)c1cccs1,False
HER2,9mwv,A07,,0,0,0.0,0.0,1.0,D,A07,A1BT9,A1BT9,A1BT9,[H]/N=C(\c1cccs1)/Nc2cccc(c2)CNCCc3ccc(cc3CN)c4ccccc4,False,,[H]/N=C(/Nc1cccc(CNCCc2ccc(-c3ccccc3)cc2CN)c1)c1cccs1,False
HER2,9mwv,H4B,502,17,14,181.328,0.824,0.176,C,H4B,H4B,H4B,,C[C@@H]([C@@H]([C@H]1CNC2=C(N1)C(=O)NC(=N2)N)O)O,False,,C[C@H](O)[C@H](O)[C@H]1CNc2nc(N)[nH]c(=O)c2N1,False
HER2,9mww,A08,,0,0,0.0,0.0,1.0,A,A08,A1BTW,A1BTW,A1BTW,[H]/N=C(\c1cncs1)/Nc2cccc(c2)CNCCc3ccc(cc3CN)c4ccccc4,False,,[H]/N=C(/Nc1cccc(CNCCc2ccc(-c3ccccc3)cc2CN)c1)c1cncs1,False
HER2,9mwv,H4B,502,17,14,178.891,0.824,0.176,D,H4B,H4B,H4B,,C[C@@H]([C@@H]([C@H]1CNC2=C(N1)C(=O)NC(=N2)N)O)O,False,,C[C@H](O)[C@H](O)[C@H]1CNc2nc(N)[nH]c(=O)c2N1,False
HER2,9mww,A08,,0,0,0.0,0.0,1.0,B,A08,A1BTW,A1BTW,A1BTW,[H]/N=C(\c1cncs1)/Nc2cccc(c2)CNCCc3ccc(cc3CN)c4ccccc4,False,,[H]/N=C(/Nc1cccc(CNCCc2ccc(-c3ccccc3)cc2CN)c1)c1cncs1,False
HER2,9mww,H4B,502,17,13,174.24,0.765,0.235,A,H4B,H4B,H4B,,C[C@@H]([C@@H]([C@H]1CNC2=C(N1)C(=O)NC(=N2)N)O)O,False,,C[C@H](O)[C@H](O)[C@H]1CNc2nc(N)[nH]c(=O)c2N1,False
HER2,9mww,A08,,0,0,0.0,0.0,1.0,C,A08,A1BTW,A1BTW,A1BTW,[H]/N=C(\c1cncs1)/Nc2cccc(c2)CNCCc3ccc(cc3CN)c4ccccc4,False,,[H]/N=C(/Nc1cccc(CNCCc2ccc(-c3ccccc3)cc2CN)c1)c1cncs1,False
HER2,9mww,H4B,502,17,14,170.893,0.824,0.176,B,H4B,H4B,H4B,,C[C@@H]([C@@H]([C@H]1CNC2=C(N1)C(=O)NC(=N2)N)O)O,False,,C[C@H](O)[C@H](O)[C@H]1CNc2nc(N)[nH]c(=O)c2N1,False
HER2,9mww,A08,,0,0,0.0,0.0,1.0,D,A08,A1BTW,A1BTW,A1BTW,[H]/N=C(\c1cncs1)/Nc2cccc(c2)CNCCc3ccc(cc3CN)c4ccccc4,False,,[H]/N=C(/Nc1cccc(CNCCc2ccc(-c3ccccc3)cc2CN)c1)c1cncs1,False
HER2,9mww,H4B,502,17,15,171.28,0.882,0.118,C,H4B,H4B,H4B,,C[C@@H]([C@@H]([C@H]1CNC2=C(N1)C(=O)NC(=N2)N)O)O,False,,C[C@H](O)[C@H](O)[C@H]1CNc2nc(N)[nH]c(=O)c2N1,False
HER2,9mww,H4B,503,17,14,173.172,0.824,0.176,D,H4B,H4B,H4B,,C[C@@H]([C@@H]([C@H]1CNC2=C(N1)C(=O)NC(=N2)N)O)O,False,,C[C@H](O)[C@H](O)[C@H]1CNc2nc(N)[nH]c(=O)c2N1,False
HER2,9mz3,A09,,0,0,0.0,0.0,1.0,A,A09,A1BUH,A1BUH,A1BUH,Cc1cc(nc2c1cc(c(c2)c3ccc(cc3O)CCN)F)N,False,,Cc1cc(N)nc2cc(-c3ccc(CCN)cc3O)c(F)cc12,False
HER2,9mz3,H4B,502,17,14,177.705,0.824,0.176,A,H4B,H4B,H4B,,C[C@@H]([C@@H]([C@H]1CNC2=C(N1)C(=O)NC(=N2)N)O)O,False,,C[C@H](O)[C@H](O)[C@H]1CNc2nc(N)[nH]c(=O)c2N1,False
HER2,9mz3,A09,,0,0,0.0,0.0,1.0,B,A09,A1BUH,A1BUH,A1BUH,Cc1cc(nc2c1cc(c(c2)c3ccc(cc3O)CCN)F)N,False,,Cc1cc(N)nc2cc(-c3ccc(CCN)cc3O)c(F)cc12,False
HER2,9mz3,A09,,0,0,0.0,0.0,1.0,C,A09,A1BUH,A1BUH,A1BUH,Cc1cc(nc2c1cc(c(c2)c3ccc(cc3O)CCN)F)N,False,,Cc1cc(N)nc2cc(-c3ccc(CCN)cc3O)c(F)cc12,False
HER2,9mz3,H4B,502,17,14,162.483,0.824,0.176,B,H4B,H4B,H4B,,C[C@@H]([C@@H]([C@H]1CNC2=C(N1)C(=O)NC(=N2)N)O)O,False,,C[C@H](O)[C@H](O)[C@H]1CNc2nc(N)[nH]c(=O)c2N1,False
HER2,9mz3,A09,,0,0,0.0,0.0,1.0,D,A09,A1BUH,A1BUH,A1BUH,Cc1cc(nc2c1cc(c(c2)c3ccc(cc3O)CCN)F)N,False,,Cc1cc(N)nc2cc(-c3ccc(CCN)cc3O)c(F)cc12,False
HER2,9mz3,H4B,502,17,14,170.686,0.824,0.176,C,H4B,H4B,H4B,,C[C@@H]([C@@H]([C@H]1CNC2=C(N1)C(=O)NC(=N2)N)O)O,False,,C[C@H](O)[C@H](O)[C@H]1CNc2nc(N)[nH]c(=O)c2N1,False
HER2,9o0r,A10,,0,0,0.0,0.0,1.0,A,A10,A1B7W,A1B7W,A1B7W,CN1CCC[C@H]1COc2nc3c(c(n2)N4CCN([C@H](C4)CC#N)C(=O)C(=C)F)CCN(C3)c5cccc6c5c(ccc6)Cl,False,,C=C(F)C(=O)N1CCN(c2nc(OC[C@@H]3CCCN3C)nc3c2CCN(c2cccc4cccc(Cl)c24)C3)C[C@@H]1CC#N,False
HER2,9piz,A11,,0,0,0.0,0.0,1.0,A,A11,A1CII,A1CII,A1CII,,False,,,False
HER2,9mz3,H4B,502,17,13,166.721,0.765,0.235,D,H4B,H4B,H4B,,C[C@@H]([C@@H]([C@H]1CNC2=C(N1)C(=O)NC(=N2)N)O)O,False,,C[C@H](O)[C@H](O)[C@H]1CNc2nc(N)[nH]c(=O)c2N1,False
HER2,9o0r,A10,,0,0,0.0,0.0,1.0,B,A10,A1B7W,A1B7W,A1B7W,CN1CCC[C@H]1COc2nc3c(c(n2)N4CCN([C@H](C4)CC#N)C(=O)C(=C)F)CCN(C3)c5cccc6c5c(ccc6)Cl,False,,C=C(F)C(=O)N1CCN(c2nc(OC[C@@H]3CCCN3C)nc3c2CCN(c2cccc4cccc(Cl)c24)C3)C[C@@H]1CC#N,False
