Target,pdb_id,Warhead,Residue_ID,Variant,Chain,atom_id,exact_atom,x,y,z,Exposure_A2
Protease,3hdk,2NC,0,1,B,763,C,4.49,-8.885,16.248,1.208
Protease,3hdk,2NC,0,1,B,764,O,3.546,-8.291,16.775,8.572
Protease,3hdk,2NC,0,1,B,765,CH3,4.26,-9.694,14.999,45.89
Protease,3hdk,2NC,0,1,B,766,N,5.767,-8.586,16.529,4.374
Protease,3hdk,2NC,0,1,B,767,CA,6.225,-7.94,17.759,4.831
Protease,3hdk,2NC,0,1,B,769,O1,7.155,-5.871,18.582,25.715
Protease,3hdk,2NC,0,1,B,770,CB,7.26,-8.763,18.492,9.661
Protease,3hdk,2NC,0,1,B,771,OG1,8.468,-8.823,17.745,24.644
Protease,3hdk,2NC,0,1,B,772,CG2,6.744,-10.214,18.761,55.551
Protease,3hdk,2NC,0,1,B,773,N1,6.931,-6.051,16.341,2.187
Protease,3hdk,2NC,0,1,B,774,CA1,7.533,-4.765,16.118,1.208
Protease,3hdk,2NC,0,1,B,776,O2,6.456,-3.665,14.262,7.5
Protease,3hdk,2NC,0,1,B,777,CB1,8.859,-4.873,15.279,4.831
Protease,3hdk,2NC,0,1,B,778,CG1,9.83,-5.926,15.846,25.36
Protease,3hdk,2NC,0,1,B,779,CG21,9.528,-3.495,15.127,32.606
Protease,3hdk,2NC,0,1,B,780,CD1,10.248,-5.743,17.326,39.852
Protease,3hdk,2NC,0,1,B,781,N2,5.614,-3.261,16.255,7.655
Protease,3hdk,2NC,0,1,B,783,C3,4.718,-1.0,15.537,3.623
Protease,3hdk,2NC,0,1,B,784,CB2,3.207,-2.867,16.471,1.208
Protease,3hdk,2NC,0,1,B,785,CG,2.954,-4.402,16.654,3.623
Protease,3hdk,2NC,0,1,B,786,CD,2.849,-5.119,15.303,2.415
Protease,3hdk,2NC,0,1,B,787,CE,1.689,-4.576,14.507,12.076
Protease,3hdk,2NC,0,1,B,788,N3,5.851,-0.635,14.878,5.468
Protease,3hdk,2NC,0,1,B,789,CA3,5.894,0.566,14.039,1.208
Protease,3hdk,2NC,0,1,B,791,O3,4.61,-0.621,12.297,8.572
Protease,3hdk,2NC,0,1,B,792,CB3,7.298,0.723,13.427,10.869
Protease,3hdk,2NC,0,1,B,793,CG3,7.545,1.962,12.548,19.322
Protease,3hdk,2NC,0,1,B,794,CD2,7.601,1.617,11.069,3.623
Protease,3hdk,2NC,0,1,B,795,CE1,8.819,0.746,10.725,31.398
Protease,3hdk,2NC,0,1,B,799,O4,3.273,3.923,11.592,1.071
Protease,3hdk,2NC,0,1,B,800,CB4,1.824,1.276,12.09,2.415
Protease,3hdk,2NC,0,1,B,801,CG4,0.716,1.375,10.991,2.415
Protease,3hdk,2NC,0,1,B,807,C6,2.089,4.438,7.914,2.415
Protease,3hdk,2NC,0,1,B,808,O5,1.631,3.498,7.23,3.214
Protease,3hdk,2NC,0,1,B,809,CB5,4.55,4.159,7.943,10.869
Protease,3hdk,2NC,0,1,B,810,CG5,5.768,4.719,8.686,15.699
Protease,3hdk,2NC,0,1,B,811,CD4,6.158,6.172,8.246,26.568
Protease,3hdk,2NC,0,1,B,812,NE,5.296,7.255,8.752,6.562
Protease,3hdk,2NC,0,1,B,813,CZ,5.741,8.447,9.143,9.661
Protease,3hdk,2NC,0,1,B,814,NH1,7.047,8.725,9.129,47.024
Protease,3hdk,2NC,0,1,B,815,NH2,4.89,9.373,9.568,32.808
Protease,3hdk,2NC,0,1,B,816,N6,1.448,5.601,8.0,17.497
Protease,3nwq,2NC,100,1,A,765,C,4.459,-8.95,16.506,2.415
Protease,3nwq,2NC,100,1,A,766,O,3.607,-8.607,17.34,28.929
Protease,3nwq,2NC,100,1,A,767,CH3,4.158,-9.497,15.14,32.606
Protease,3nwq,2NC,100,1,A,768,N,5.723,-8.618,16.716,1.094
Protease,3nwq,2NC,100,1,A,769,CA,6.151,-8.039,17.997,2.415
Protease,3nwq,2NC,100,1,A,773,OG1,8.342,-9.034,17.774,9.643
Protease,3nwq,2NC,100,1,A,774,CG2,6.691,-10.349,19.019,45.89
Protease,3nwq,2NC,100,1,A,778,O2,6.37,-3.816,14.487,4.286
Protease,3nwq,2NC,100,1,A,779,CB1,8.756,-4.865,15.545,2.415
Protease,3nwq,2NC,100,1,A,780,CG1,9.77,-5.893,16.082,1.208
Protease,3nwq,2NC,100,1,A,781,CG21,9.406,-3.449,15.467,6.038
Protease,3nwq,2NC,100,1,A,784,CA2,4.381,-2.568,15.711,1.208
Protease,3nwq,2NC,100,1,A,785,C3,4.601,-1.072,15.568,6.038
Protease,3nwq,2NC,100,1,A,786,CB2,3.112,-2.869,16.502,14.492
Protease,3nwq,2NC,100,1,A,787,CG,2.834,-4.34,16.831,18.114
Protease,3nwq,2NC,100,1,A,788,CD,2.632,-5.166,15.559,6.038
Protease,3nwq,2NC,100,1,A,789,CE,1.485,-4.569,14.784,49.513
Protease,3nwq,2NC,100,1,A,791,CA3,5.915,0.539,14.198,3.623
Protease,3nwq,2NC,100,1,A,793,O3,4.702,-0.615,12.485,19.286
Protease,3nwq,2NC,100,1,A,796,CD2,7.232,1.713,11.238,2.415
Protease,3nwq,2NC,100,1,A,797,CE1,8.337,0.819,10.702,16.907
Protease,3nwq,2NC,100,1,A,798,N4,4.154,1.532,12.817,7.655
Protease,3nwq,2NC,100,1,A,799,CA4,3.225,1.629,11.696,2.415
Protease,3nwq,2NC,100,1,A,801,O4,3.277,4.004,11.784,19.286
Protease,3nwq,2NC,100,1,A,802,CB4,1.847,1.218,12.145,19.322
Protease,3nwq,2NC,100,1,A,803,CG4,0.754,1.346,11.088,26.568
Protease,3nwq,2NC,100,1,A,804,CD3,0.16,2.736,11.025,3.623
Protease,3nwq,2NC,100,1,A,805,OE1,0.179,3.465,12.005,35.358
Protease,3nwq,2NC,100,1,A,806,NE2,-0.456,3.08,9.916,31.714
Protease,3nwq,2NC,100,1,A,807,N5,3.171,3.077,9.754,3.281
Protease,3nwq,2NC,100,1,A,808,CA5,3.172,4.316,9.014,1.208
Protease,3nwq,2NC,100,1,A,809,C6,1.972,4.306,8.126,1.208
Protease,3nwq,2NC,100,1,A,810,O5,1.794,3.312,7.428,35.358
Protease,3nwq,2NC,100,1,A,811,CB5,4.397,4.268,8.11,19.322
Protease,3nwq,2NC,100,1,A,812,CG5,5.637,4.171,8.881,15.699
Protease,3nwq,2NC,100,1,A,813,CD4,5.576,5.424,9.643,2.415
Protease,3nwq,2NC,100,1,A,814,NE,6.393,5.411,10.84,2.187
Protease,3nwq,2NC,100,1,A,816,NH1,8.158,6.429,9.759,15.31
Protease,3nwq,2NC,100,1,A,817,NH2,8.267,5.906,11.969,2.187
Protease,3nwq,2NC,100,1,A,818,N6,1.293,5.456,7.93,42.65
Protease,3oxx,DR7,100,1,C,734,CAA,4.699,6.456,6.209,37.436
Protease,3oxx,DR7,100,1,C,735,OBI,4.397,7.857,6.236,6.429
Protease,3oxx,DR7,100,1,C,736,CBK,3.781,8.385,5.034,1.208
Protease,3oxx,DR7,100,1,C,742,CG2,1.697,11.804,5.46,9.661
Protease,3oxx,DR7,100,1,C,743,CG1,1.196,11.844,3.02,8.453
Protease,3oxx,DR7,100,1,C,745,O,4.301,12.441,4.081,5.357
Protease,3oxx,DR7,100,1,C,748,CBA,7.212,10.965,1.8,12.076
Protease,3oxx,DR7,100,1,C,749,CBO,7.452,10.473,3.212,2.415
Protease,3oxx,DR7,100,1,C,750,CAT,7.867,11.385,4.163,4.831
Protease,3oxx,DR7,100,1,C,751,CAP,8.086,10.938,5.455,13.284
Protease,3oxx,DR7,100,1,C,752,CAN,7.882,9.602,5.785,25.36
Protease,3oxx,DR7,100,1,C,753,CAQ,7.458,8.69,4.834,14.492
Protease,3oxx,DR7,100,1,C,754,CAU,7.246,9.143,3.54,12.076
Protease,3oxx,DR7,100,1,C,756,OAM,5.453,11.124,-0.612,8.572
Protease,3oxx,DR7,100,1,C,757,CBC,4.47,13.024,0.136,1.208
Protease,3oxx,DR7,100,1,C,759,NBH,5.739,14.986,-0.293,5.468
Protease,3oxx,DR7,100,1,C,761,OAL,6.604,15.932,1.546,5.357
Protease,3oxx,DR7,100,1,C,762,CBV,7.711,16.418,-0.512,1.208
Protease,3oxx,DR7,100,1,C,764,CAH,9.364,17.278,1.257,22.945
Protease,3oxx,DR7,100,1,C,765,CAF,9.503,14.955,0.314,31.398
Protease,3oxx,DR7,100,1,C,766,CAG,10.09,16.888,-1.093,43.475
Protease,3oxx,DR7,100,1,C,767,NBF,7.256,17.795,-0.654,2.187
Protease,3oxx,DR7,100,1,C,768,CBL,7.026,18.36,-1.845,1.208
Protease,3oxx,DR7,100,1,C,769,OAJ,7.19,17.8,-2.913,27.858
Protease,3oxx,DR7,100,1,C,770,OBJ,6.556,19.717,-1.812,5.357
Protease,3oxx,DR7,100,1,C,771,CAB,6.325,20.484,-3.016,22.945
Protease,3oxx,DR7,100,1,C,772,CBB,3.411,15.036,0.006,2.415
Protease,3oxx,DR7,100,1,C,774,CAW,3.477,17.379,1.056,18.114
Protease,3oxx,DR7,100,1,C,775,CAY,3.536,18.769,0.921,8.453
Protease,3oxx,DR7,100,1,C,776,CAX,3.505,17.141,-1.327,3.623
Protease,3oxx,DR7,100,1,C,777,CAZ,3.537,18.525,-1.454,4.831
Protease,3oxx,DR7,100,1,C,780,CAV,4.54,21.571,0.231,13.284
Protease,3oxx,DR7,100,1,C,781,CAR,4.687,22.94,0.036,32.606
Protease,3oxx,DR7,100,1,C,782,CAO,3.959,23.551,-0.981,36.229
Protease,3oxx,DR7,100,1,C,783,CAS,3.108,22.775,-1.774,22.945
Protease,3oxx,DR7,100,1,C,784,NBD,2.993,21.452,-1.565,3.281
Protease,3lzv,017,200,017,A,747,N1,14.356,-5.821,12.796,51.399
Protease,3lzv,017,200,017,A,748,C2,15.288,-5.303,13.625,4.831
Protease,3lzv,017,200,017,A,749,C3,16.375,-6.069,14.071,31.398
Protease,3lzv,017,200,017,A,750,C4,17.29,-5.476,14.938,12.076
Protease,3lzv,017,200,017,A,752,C6,16.088,-3.405,14.87,12.076
Protease,3lzv,017,200,017,A,753,C7,15.142,-3.978,14.03,27.775
Protease,3lzv,017,200,017,A,755,O9,18.837,-4.412,17.217,11.786
Protease,3lzv,017,200,017,A,758,C12,20.212,-3.777,14.568,12.076
Protease,3lzv,017,200,017,A,760,C14,22.387,-3.412,15.884,6.038
Protease,3lzv,017,200,017,A,761,C15,22.489,-4.375,13.584,7.246
Protease,3lzv,017,200,017,A,762,C16,19.112,-1.563,14.686,10.869
Protease,3lzv,017,200,017,A,764,O18,19.92,0.71,14.478,5.357
Protease,3lzv,017,200,017,A,768,O22,21.609,-0.481,18.831,6.429
Protease,3lzv,017,200,017,A,770,C24,23.336,1.499,19.577,3.623
Protease,3lzv,017,200,017,A,773,C27,23.601,3.752,20.358,2.415
Protease,3lzv,017,200,017,A,774,O28,22.669,4.742,19.946,1.071
Protease,3lzv,017,200,017,A,775,C29,21.392,4.134,19.729,6.038
Protease,3lzv,017,200,017,A,776,C30,21.363,2.882,20.579,7.246
Protease,3lzv,017,200,017,A,777,C31,22.836,2.469,20.627,1.208
Protease,3lzv,017,200,017,A,778,C32,18.285,0.707,16.913,13.284
Protease,3lzv,017,200,017,A,779,C33,18.17,2.502,18.68,12.076
Protease,3lzv,017,200,017,A,780,C34,18.012,2.96,19.985,20.53
Protease,3lzv,017,200,017,A,781,C35,17.716,2.055,20.99,30.191
Protease,3lzv,017,200,017,A,782,C36,17.582,0.704,20.661,10.869
Protease,3lzv,017,200,017,A,783,C37,17.732,0.255,19.349,4.831
Protease,3lzv,017,200,017,A,784,C38,18.047,1.159,18.341,3.623
Protease,3em6,017,200,017,A,772,N1,14.394,-5.97,13.315,53.586
Protease,3em6,017,200,017,A,773,C2,15.343,-5.38,14.08,6.038
Protease,3em6,017,200,017,A,774,C3,16.465,-6.098,14.488,31.398
Protease,3em6,017,200,017,A,775,C4,17.434,-5.481,15.277,8.453
Protease,3em6,017,200,017,A,777,C6,16.155,-3.452,15.257,9.661
Protease,3em6,017,200,017,A,778,C7,15.18,-4.061,14.474,28.983
Protease,3em6,017,200,017,A,780,O9,19.055,-4.32,17.437,9.643
Protease,3em6,017,200,017,A,781,O10,17.712,-2.356,17.34,2.143
Protease,3em6,017,200,017,A,783,C12,20.122,-3.736,14.618,12.076
Protease,3em6,017,200,017,A,785,C14,21.995,-3.672,16.45,8.453
Protease,3em6,017,200,017,A,786,C15,22.437,-4.369,14.072,12.076
Protease,3em6,017,200,017,A,787,C16,19.053,-1.491,14.943,16.907
Protease,3em6,017,200,017,A,789,O18,20.098,0.625,14.63,3.214
Protease,3em6,017,200,017,A,793,O22,22.002,-0.608,18.819,6.429
Protease,3em6,017,200,017,A,795,C24,23.726,1.426,19.541,3.623
Protease,3em6,017,200,017,A,798,C27,24.015,3.681,20.286,4.831
Protease,3em6,017,200,017,A,800,C29,21.695,4.033,19.973,8.453
Protease,3em6,017,200,017,A,801,C30,21.833,2.718,20.722,4.831
Protease,3em6,017,200,017,A,803,C32,18.55,0.707,17.098,10.869
Protease,3em6,017,200,017,A,804,C33,18.422,2.534,18.83,12.076
Protease,3em6,017,200,017,A,805,C34,18.258,2.957,20.142,22.945
Protease,3em6,017,200,017,A,806,C35,18.049,2.03,21.157,30.191
Protease,3em6,017,200,017,A,807,C36,18.012,0.675,20.853,10.869
Protease,3em6,017,200,017,A,808,C37,18.17,0.247,19.538,3.623
Protease,3em6,017,200,017,A,809,C38,18.383,1.175,18.526,3.623
Protease,3ekx,1UN,201,1,B,756,C1,17.652,27.449,12.799,9.661
Protease,3ekx,1UN,201,1,B,757,C2,18.374,26.811,11.621,9.661
Protease,3ekx,1UN,201,1,B,758,C3,17.542,26.75,10.345,31.398
Protease,3ekx,1UN,201,1,B,759,C4,16.888,28.099,10.083,15.699
Protease,3ekx,1UN,201,1,B,760,C5,16.166,28.586,11.331,20.53
Protease,3ekx,1UN,201,1,B,761,C6,17.124,28.836,12.494,6.038
Protease,3ekx,1UN,201,1,B,764,C9,19.663,27.58,11.387,3.623
Protease,3ekx,1UN,201,1,B,765,C10,18.519,27.519,14.044,12.076
Protease,3ekx,1UN,201,1,B,767,N12,22.742,27.555,12.137,2.187
Protease,3ekx,1UN,201,1,B,769,C14,24.692,28.754,12.789,2.415
Protease,3ekx,1UN,201,1,B,770,C15,23.961,28.678,10.35,10.869
Protease,3ekx,1UN,201,1,B,771,C16,24.863,26.63,11.448,4.831
Protease,3ekx,1UN,201,1,B,772,O17,21.681,29.593,12.185,3.214
Protease,3ekx,1UN,201,1,B,774,C19,19.936,29.535,15.793,2.415
Protease,3ekx,1UN,201,1,B,776,O21,20.218,29.192,17.133,17.143
Protease,3ekx,1UN,201,1,B,777,N22,19.883,31.916,16.047,1.094
Protease,3ekx,1UN,201,1,B,780,O25,18.562,32.485,14.305,6.429
Protease,3ekx,1UN,201,1,B,781,C29,18.17,33.55,16.36,3.623
Protease,3ekx,1UN,201,1,B,782,C30,18.9,34.427,17.164,7.246
Protease,3ekx,1UN,201,1,B,783,C31,18.281,35.33,18.026,15.699
Protease,3ekx,1UN,201,1,B,784,C32,16.896,35.393,18.1,32.606
Protease,3ekx,1UN,201,1,B,785,C33,16.101,34.547,17.331,7.246
Protease,3ekx,1UN,201,1,B,786,C34,16.696,33.56,16.406,4.831
Protease,3ekx,1UN,201,1,B,787,O38,14.786,34.583,17.403,42.858
Protease,3ekx,1UN,201,1,B,788,C39,15.793,32.667,15.591,22.945
Protease,3ekx,1UN,201,1,B,789,S74,22.767,32.328,14.801,9.008
Protease,3ekx,1UN,201,1,B,791,C78,22.472,34.943,14.901,13.284
Protease,3ekx,1UN,201,1,B,792,C79,22.36,36.167,15.541,13.284
Protease,3ekx,1UN,201,1,B,793,C80,22.449,36.238,16.925,8.453
Protease,3ekx,1UN,201,1,B,795,C82,22.735,33.847,17.037,2.415
Protease,3eky,DR7,100,1,A,748,CAA,20.734,23.475,9.232,41.059
Protease,3eky,DR7,100,1,A,749,OBI,21.081,24.853,9.39,6.429
Protease,3eky,DR7,100,1,A,755,CAE,24.703,26.728,11.537,1.208
Protease,3eky,DR7,100,1,A,756,CG2,23.819,28.763,10.417,12.076
Protease,3eky,DR7,100,1,A,757,CG1,24.14,28.738,12.872,2.415
Protease,3eky,DR7,100,1,A,759,O,21.116,29.387,11.742,4.286
Protease,3eky,DR7,100,1,A,762,CBA,18.201,28.183,13.783,14.492
Protease,3eky,DR7,100,1,A,763,CBO,17.989,27.759,12.341,2.415
Protease,3eky,DR7,100,1,A,764,CAT,17.446,28.64,11.415,4.831
Protease,3eky,DR7,100,1,A,765,CAP,17.249,28.237,10.099,12.076
Protease,3eky,DR7,100,1,A,766,CAN,17.59,26.949,9.694,25.36
Protease,3eky,DR7,100,1,A,767,CAQ,18.133,26.061,10.616,14.492
Protease,3eky,DR7,100,1,A,768,CAU,18.321,26.471,11.937,10.869
Protease,3eky,DR7,100,1,A,769,CBS,19.742,29.19,15.507,2.415
Protease,3eky,DR7,100,1,A,770,OAM,19.967,28.022,16.291,7.5
Protease,3eky,DR7,100,1,A,771,CBC,20.97,29.999,15.832,2.415
Protease,3eky,DR7,100,1,A,773,NBH,19.886,32.027,16.148,5.468
Protease,3eky,DR7,100,1,A,775,OAL,18.932,32.927,14.333,5.357
Protease,3eky,DR7,100,1,A,776,CBV,17.946,33.479,16.41,3.623
Protease,3eky,DR7,100,1,A,778,CAH,16.252,34.314,14.663,22.945
Protease,3eky,DR7,100,1,A,779,CAF,16.118,31.995,15.589,22.945
Protease,3eky,DR7,100,1,A,780,CAG,15.617,33.925,17.042,41.059
Protease,3eky,DR7,100,1,A,781,NBF,18.379,34.866,16.528,1.094
Protease,3eky,DR7,100,1,A,782,CBL,18.572,35.453,17.696,1.208
Protease,3eky,DR7,100,1,A,783,OAJ,18.414,34.885,18.783,24.644
Protease,3eky,DR7,100,1,A,784,OBJ,19.003,36.836,17.657,5.357
Protease,3eky,DR7,100,1,A,785,CAB,19.17,37.588,18.85,27.775
Protease,3eky,DR7,100,1,A,788,CAW,22.287,34.297,14.738,8.453
Protease,3eky,DR7,100,1,A,789,CAY,22.255,35.691,14.813,7.246
Protease,3eky,DR7,100,1,A,794,CAV,21.344,38.581,15.159,13.284
Protease,3eky,DR7,100,1,A,795,CAR,21.304,39.971,15.24,30.191
Protease,3eky,DR7,100,1,A,796,CAO,21.946,40.614,16.295,33.814
Protease,3eky,DR7,100,1,A,797,CAS,22.614,39.845,17.247,24.153
Protease,3eky,DR7,100,1,A,798,NBD,22.639,38.5,17.146,1.094
Protease,3el9,DR7,100,1,A,744,CAA,20.816,23.611,9.196,28.983
Protease,3el9,DR7,100,1,A,745,OBI,21.111,24.997,9.369,15.0
Protease,3el9,DR7,100,1,A,747,OAI,21.896,24.652,11.521,26.786
Protease,3el9,DR7,100,1,A,748,N,21.779,26.772,10.73,3.281
Protease,3el9,DR7,100,1,A,749,CA,22.314,27.444,11.89,1.208
Protease,3el9,DR7,100,1,A,751,CAE,24.029,28.862,12.856,22.945
Protease,3el9,DR7,100,1,A,752,CG2,23.774,28.812,10.347,20.53
Protease,3el9,DR7,100,1,A,753,CG1,24.73,26.871,11.528,45.89
Protease,3el9,DR7,100,1,A,755,O,21.045,29.447,11.624,2.143
Protease,3el9,DR7,100,1,A,756,NBG,20.618,28.141,13.434,1.094
Protease,3el9,DR7,100,1,A,760,CAT,18.334,26.551,12.021,1.208
Protease,3el9,DR7,100,1,A,761,CAP,18.083,26.143,10.717,6.038
Protease,3el9,DR7,100,1,A,762,CAN,17.415,26.991,9.844,14.492
Protease,3el9,DR7,100,1,A,763,CAQ,17.008,28.252,10.287,12.076
Protease,3el9,DR7,100,1,A,764,CAU,17.26,28.658,11.595,8.453
Protease,3el9,DR7,100,1,A,766,OAM,20.187,28.087,16.159,17.143
Protease,3el9,DR7,100,1,A,767,CBC,21.178,30.126,15.595,6.038
Protease,3el9,DR7,100,1,A,771,OAL,18.946,32.954,14.245,4.286
Protease,3el9,DR7,100,1,A,774,CAH,15.639,33.947,17.07,1.208
Protease,3el9,DR7,100,1,A,775,CAF,16.137,31.948,15.73,6.038
Protease,3el9,DR7,100,1,A,776,CAG,16.216,34.225,14.694,10.869
Protease,3el9,DR7,100,1,A,780,OBJ,19.012,36.831,17.623,3.214
Protease,3el9,DR7,100,1,A,781,CAB,19.308,37.511,18.846,20.53
Protease,3el9,DR7,100,1,A,782,CBB,22.224,32.219,15.761,15.699
Protease,3el9,DR7,100,1,A,783,CBP,22.13,33.732,15.786,2.415
Protease,3el9,DR7,100,1,A,784,CAW,22.046,34.424,14.632,2.415
Protease,3el9,DR7,100,1,A,785,CAY,21.96,35.753,14.704,7.246
Protease,3el9,DR7,100,1,A,786,CAX,22.142,34.391,16.868,10.869
Protease,3el9,DR7,100,1,A,787,CAZ,22.066,35.588,16.926,9.661
Protease,3el9,DR7,100,1,A,788,CBQ,21.973,36.349,15.912,1.208
Protease,3el9,DR7,100,1,A,789,CBR,21.867,37.858,16.04,2.415
Protease,3el9,DR7,100,1,A,790,CAV,21.016,38.591,15.212,3.623
Protease,3el9,DR7,100,1,A,791,CAR,20.913,39.977,15.319,10.869
Protease,3el9,DR7,100,1,A,792,CAO,21.663,40.641,16.287,36.229
Protease,3el9,DR7,100,1,A,793,CAS,22.493,39.883,17.112,35.021
Protease,3el9,DR7,100,1,A,794,NBD,22.568,38.547,16.972,14.217
Protease,3ekw,DR7,100,1,B,760,CAA,19.319,-7.833,12.836,28.983
Protease,3ekw,DR7,100,1,B,761,OBI,18.993,-7.112,14.02,1.071
Protease,3ekw,DR7,100,1,B,767,CAE,15.893,-2.491,16.147,3.623
Protease,3ekw,DR7,100,1,B,768,CG2,16.224,-4.77,17.11,12.076
Protease,3ekw,DR7,100,1,B,769,CG1,15.518,-4.544,14.774,1.208
Protease,3ekw,DR7,100,1,B,771,O,18.793,-3.215,17.356,3.214
Protease,3ekw,DR7,100,1,B,774,CBA,22.003,-1.982,15.505,14.492
Protease,3ekw,DR7,100,1,B,775,CBO,22.15,-3.481,15.644,2.415
Protease,3ekw,DR7,100,1,B,776,CAT,22.036,-4.308,14.532,14.492
Protease,3ekw,DR7,100,1,B,777,CAP,22.167,-5.692,14.689,16.907
Protease,3ekw,DR7,100,1,B,778,CAN,22.4,-6.229,15.954,16.907
Protease,3ekw,DR7,100,1,B,779,CAQ,22.53,-5.393,17.051,8.453
Protease,3ekw,DR7,100,1,B,780,CAU,22.4,-4.017,16.893,3.623
Protease,3ekw,DR7,100,1,B,781,CBS,20.487,0.009,15.851,3.623
Protease,3ekw,DR7,100,1,B,782,OAM,20.275,0.293,14.48,6.429
Protease,3ekw,DR7,100,1,B,783,CBC,19.326,0.601,16.656,1.208
Protease,3ekw,DR7,100,1,B,785,NBH,20.686,1.4,18.375,4.374
Protease,3ekw,DR7,100,1,B,787,OAL,21.414,0.124,20.076,4.286
Protease,3ekw,DR7,100,1,B,788,CBV,22.572,2.152,19.615,2.415
Protease,3ekw,DR7,100,1,B,790,CAH,24.935,2.798,19.804,44.682
Protease,3ekw,DR7,100,1,B,791,CAF,24.291,0.71,18.599,25.36
Protease,3ekw,DR7,100,1,B,792,CAG,24.193,0.852,21.116,22.945
Protease,3ekw,DR7,100,1,B,793,NBF,22.142,2.91,20.758,2.187
Protease,3ekw,DR7,100,1,B,794,CBL,22.002,4.23,20.781,2.415
Protease,3ekw,DR7,100,1,B,795,OAJ,22.216,5.0,19.853,28.929
Protease,3ekw,DR7,100,1,B,796,OBJ,21.554,4.706,22.067,15.0
Protease,3ekw,DR7,100,1,B,797,CAB,21.236,6.096,22.159,22.945
Protease,3ekw,DR7,100,1,B,798,CBB,18.518,0.679,18.927,8.453
Protease,3ekw,DR7,100,1,B,800,CAW,18.273,1.991,20.909,10.869
Protease,3ekw,DR7,100,1,B,801,CAY,18.048,3.112,21.559,3.623
Protease,3ekw,DR7,100,1,B,802,CAX,18.021,3.116,18.997,1.208
Protease,3ekw,DR7,100,1,B,803,CAZ,17.806,4.138,19.59,3.623
Protease,3ekw,DR7,100,1,B,806,CAV,18.006,5.64,22.947,4.831
Protease,3ekw,DR7,100,1,B,807,CAR,17.685,6.781,23.665,22.945
Protease,3ekw,DR7,100,1,B,808,CAO,16.857,7.73,23.084,18.114
Protease,3ekw,DR7,100,1,B,809,CAS,16.373,7.519,21.8,9.661
Protease,3ekw,DR7,100,1,B,810,NBD,16.699,6.409,21.118,1.094
Protease,3oxw,017,200,017,B,761,C3,-23.534,13.801,5.682,9.661
Protease,3oxw,017,200,017,B,762,C4,-22.657,14.62,4.989,1.208
Protease,3oxw,017,200,017,B,763,C5,-22.829,14.889,3.633,1.208
Protease,3oxw,017,200,017,B,764,C6,-23.946,14.378,2.979,1.208
Protease,3oxw,017,200,017,B,767,O9,-22.556,16.345,1.687,6.429
Protease,3oxw,017,200,017,B,768,O10,-21.347,16.906,3.614,12.858
Protease,3oxw,017,200,017,B,771,C13,-18.354,14.04,3.067,3.623
Protease,3oxw,017,200,017,B,772,C14,-17.723,15.423,3.037,19.322
Protease,3oxw,017,200,017,B,773,C15,-17.683,13.247,4.186,48.305
Protease,3oxw,017,200,017,B,775,C17,-19.987,14.613,-0.093,3.623
Protease,3oxw,017,200,017,B,776,O18,-20.043,13.625,-1.121,13.929
Protease,3oxw,017,200,017,B,778,N20,-19.265,16.451,-1.482,4.374
Protease,3oxw,017,200,017,B,779,C21,-18.362,17.397,-1.224,4.831
Protease,3oxw,017,200,017,B,780,O22,-18.173,18.015,-0.184,6.429
Protease,3oxw,017,200,017,B,781,O23,-17.462,17.589,-2.348,7.5
Protease,3oxw,017,200,017,B,783,C25,-15.286,18.326,-2.91,38.644
Protease,3oxw,017,200,017,B,784,O26,-15.451,18.321,-4.334,23.572
Protease,3oxw,017,200,017,B,785,C27,-16.508,19.214,-4.729,20.53
Protease,3oxw,017,200,017,B,786,O28,-17.531,18.616,-5.548,21.429
Protease,3oxw,017,200,017,B,787,C29,-18.819,18.739,-4.942,8.453
Protease,3oxw,017,200,017,B,788,C30,-18.665,19.699,-3.768,16.907
Protease,3oxw,017,200,017,B,789,C31,-17.16,19.712,-3.454,15.699
Protease,3oxw,017,200,017,B,791,C33,-21.916,17.629,-3.342,2.415
Protease,3oxw,017,200,017,B,792,C34,-22.158,18.907,-3.831,1.208
Protease,3oxw,017,200,017,B,793,C35,-22.461,19.943,-2.944,8.453
Protease,3oxw,017,200,017,B,794,C36,-22.49,19.697,-1.577,10.869
Protease,3oxw,017,200,017,B,795,C37,-22.233,18.413,-1.084,6.038
Protease,3ekq,ROC,100,1,A,759,O,21.677,4.942,19.597,1.071
Protease,3ekq,ROC,100,1,A,761,C2,20.45,4.194,21.5,2.415
Protease,3ekq,ROC,100,1,A,762,C3,20.022,5.489,21.775,8.453
Protease,3ekq,ROC,100,1,A,763,C4,19.203,5.74,22.871,28.983
Protease,3ekq,ROC,100,1,A,764,C5,17.996,4.917,24.793,31.398
Protease,3ekq,ROC,100,1,A,765,C6,17.614,3.859,25.612,32.606
Protease,3ekq,ROC,100,1,A,766,C7,18.061,2.571,25.329,20.53
Protease,3ekq,ROC,100,1,A,767,C8,18.875,2.348,24.219,1.208
Protease,3ekq,ROC,100,1,A,773,O1,21.599,-0.306,19.213,10.715
Protease,3ekq,ROC,100,1,A,774,CB,23.839,1.411,19.86,7.246
Protease,3ekq,ROC,100,1,A,777,ND2,24.954,3.052,21.269,3.281
Protease,3ekq,ROC,100,1,A,779,O2,20.389,1.146,14.611,4.286
Protease,3ekq,ROC,100,1,A,782,CB1,18.543,0.768,16.885,7.246
Protease,3ekq,ROC,100,1,A,783,CG1,18.094,1.292,18.227,2.415
Protease,3ekq,ROC,100,1,A,784,CD1,17.876,0.439,19.305,1.208
Protease,3ekq,ROC,100,1,A,785,CD2,17.88,2.66,18.382,10.869
Protease,3ekq,ROC,100,1,A,786,CE1,17.445,0.953,20.528,7.246
Protease,3ekq,ROC,100,1,A,787,CE2,17.455,3.177,19.603,20.53
Protease,3ekq,ROC,100,1,A,788,CZ,17.235,2.318,20.677,15.699
Protease,3ekq,ROC,100,1,A,790,CM,19.903,-1.101,14.802,10.869
Protease,3ekq,ROC,100,1,A,791,C21,19.779,-3.523,14.815,4.831
Protease,3ekq,ROC,100,1,A,793,O3,18.608,-3.218,16.835,5.357
Protease,3ekq,ROC,100,1,A,794,C31,20.58,-4.78,15.178,15.699
Protease,3ekq,ROC,100,1,A,795,C3A,21.85,-4.881,14.339,6.038
Protease,3ekq,ROC,100,1,A,796,C41,22.674,-6.124,14.687,21.737
Protease,3ekq,ROC,100,1,A,797,C51,23.371,-6.008,16.041,10.869
Protease,3ekq,ROC,100,1,A,798,C61,24.209,-4.74,16.136,4.831
Protease,3ekq,ROC,100,1,A,799,C71,23.344,-3.514,15.849,4.831
Protease,3ekq,ROC,100,1,A,801,C81,21.839,-2.381,14.214,2.415
Protease,3ekq,ROC,100,1,A,802,N3,17.429,-3.905,14.958,5.468
Protease,3ekq,ROC,100,1,A,804,C11,15.222,-4.662,14.333,59.174
Protease,3ekq,ROC,100,1,A,805,C22,16.046,-4.999,16.671,28.983
Protease,3ekq,ROC,100,1,A,806,C32,15.497,-2.692,15.813,32.606
Protease,3oxv,478,200,478,B,771,C1,1.739,5.695,-5.801,42.267
Protease,3oxv,478,200,478,B,772,C2,1.106,4.119,-4.104,12.076
Protease,3oxv,478,200,478,B,773,C3,4.079,4.028,-3.492,1.208
Protease,3oxv,478,200,478,B,774,C4,2.257,4.51,-5.005,7.246
Protease,3oxv,478,200,478,B,776,C6,5.624,3.813,-0.434,2.415
Protease,3oxv,478,200,478,B,779,C9,7.331,5.498,-4.486,6.038
Protease,3oxv,478,200,478,B,780,C10,7.966,3.178,-4.388,4.831
Protease,3oxv,478,200,478,B,781,C11,7.521,5.505,-5.861,4.831
Protease,3oxv,478,200,478,B,782,C12,8.16,3.186,-5.77,10.869
Protease,3oxv,478,200,478,B,783,C13,7.939,4.345,-6.511,16.907
Protease,3oxv,478,200,478,B,786,C16,3.969,1.12,1.268,6.038
Protease,3oxv,478,200,478,B,788,C18,9.598,0.677,0.774,1.208
Protease,3oxv,478,200,478,B,791,C21,9.041,-1.57,2.312,6.038
Protease,3oxv,478,200,478,B,793,C23,3.239,0.789,-0.032,14.492
Protease,3oxv,478,200,478,B,794,C24,3.332,0.355,2.428,48.305
Protease,3oxv,478,200,478,B,795,C25,0.16,5.313,-4.138,44.682
Protease,3oxv,478,200,478,B,796,N1,4.982,4.539,-2.665,3.281
Protease,3oxv,478,200,478,B,798,N3,11.116,-1.266,3.468,4.374
Protease,3oxv,478,200,478,B,799,O1,3.314,5.033,-4.204,6.429
Protease,3oxv,478,200,478,B,800,O2,3.87,2.841,-3.687,6.429
Protease,3oxv,478,200,478,B,801,O3,5.78,5.178,0.007,13.929
Protease,3oxv,478,200,478,B,802,O4,8.128,1.304,-1.494,6.429
Protease,3oxv,478,200,478,B,803,O5,6.684,-0.561,-1.181,10.715
Protease,3oxv,478,200,478,B,804,O6,0.819,6.319,-4.903,24.644
Protease,3oxv,478,200,478,B,805,S1,7.36,0.529,-0.564,1.287
Protease,3nyg,2NC,100,1,A,760,C,4.387,-8.832,16.56,1.208
Protease,3nyg,2NC,100,1,A,761,O,3.577,-8.585,17.472,30.001
Protease,3nyg,2NC,100,1,A,762,CH3,4.029,-9.44,15.24,33.814
Protease,3nyg,2NC,100,1,A,763,N,5.685,-8.596,16.772,1.094
Protease,3nyg,2NC,100,1,A,764,CA,6.157,-8.022,18.016,2.415
Protease,3nyg,2NC,100,1,A,767,CB,7.229,-8.886,18.659,1.208
Protease,3nyg,2NC,100,1,A,768,OG1,8.304,-9.049,17.755,10.715
Protease,3nyg,2NC,100,1,A,769,CG2,6.68,-10.258,19.02,44.682
Protease,3nyg,2NC,100,1,A,773,O2,6.481,-3.78,14.519,5.357
Protease,3nyg,2NC,100,1,A,774,CB1,8.809,-4.877,15.61,2.415
Protease,3nyg,2NC,100,1,A,776,CG21,9.547,-3.516,15.559,6.038
Protease,3nyg,2NC,100,1,A,780,C3,4.659,-1.047,15.819,8.453
Protease,3nyg,2NC,100,1,A,781,CB2,3.191,-2.883,16.679,16.907
Protease,3nyg,2NC,100,1,A,782,CG,2.923,-4.402,16.865,16.907
Protease,3nyg,2NC,100,1,A,783,CD,2.881,-5.196,15.547,1.208
Protease,3nyg,2NC,100,1,A,784,CE,1.809,-4.629,14.63,26.568
Protease,3nyg,2NC,100,1,A,786,CA3,5.884,0.579,14.349,4.831
Protease,3nyg,2NC,100,1,A,788,O3,4.595,-0.552,12.605,8.572
Protease,3nyg,2NC,100,1,A,791,CD2,7.762,1.659,11.402,7.246
Protease,3nyg,2NC,100,1,A,792,CE1,8.964,0.736,11.26,12.076
Protease,3nyg,2NC,100,1,A,793,N4,4.298,1.615,12.896,4.374
Protease,3nyg,2NC,100,1,A,794,CA4,3.334,1.723,11.785,2.415
Protease,3nyg,2NC,100,1,A,796,O4,3.43,4.131,11.913,19.286
Protease,3nyg,2NC,100,1,A,797,CB4,1.945,1.298,12.214,13.284
Protease,3nyg,2NC,100,1,A,798,CG4,0.876,1.463,11.141,7.246
Protease,3nyg,2NC,100,1,A,799,CD3,0.297,2.846,10.984,3.623
Protease,3nyg,2NC,100,1,A,800,OE1,0.432,3.68,11.853,31.072
Protease,3nyg,2NC,100,1,A,801,NE2,-0.4,3.065,9.907,34.995
Protease,3nyg,2NC,100,1,A,802,N5,3.329,3.233,9.902,5.468
Protease,3nyg,2NC,100,1,A,803,CA5,3.398,4.497,9.23,2.415
Protease,3nyg,2NC,100,1,A,804,C6,2.397,4.49,8.107,1.208
Protease,3nyg,2NC,100,1,A,805,O5,2.335,3.52,7.372,37.501
Protease,3nyg,2NC,100,1,A,806,CB5,4.83,4.704,8.745,16.907
Protease,3nyg,2NC,100,1,A,807,CG5,6.015,4.541,9.777,7.246
Protease,3nyg,2NC,100,1,A,808,CD4,6.636,5.879,10.292,4.831
Protease,3nyg,2NC,100,1,A,809,NE,7.612,5.734,11.401,3.281
Protease,3nyg,2NC,100,1,A,811,NH1,9.067,7.394,10.669,13.123
Protease,3nyg,2NC,100,1,A,813,N6,1.582,5.561,8.01,41.556
Protease,3oxw,017,200,017,D,779,C3,-12.631,12.308,26.619,10.869
Protease,3oxw,017,200,017,D,780,C4,-11.745,12.684,27.619,2.415
Protease,3oxw,017,200,017,D,782,C6,-13.134,14.517,28.253,1.208
Protease,3oxw,017,200,017,D,785,O9,-11.692,15.003,30.497,5.357
Protease,3oxw,017,200,017,D,786,O10,-10.349,13.077,30.226,10.715
Protease,3oxw,017,200,017,D,789,C13,-7.51,14.721,27.79,6.038
Protease,3oxw,017,200,017,D,790,C14,-6.88,14.173,29.062,15.699
Protease,3oxw,017,200,017,D,791,C15,-6.864,14.021,26.6,47.098
Protease,3oxw,017,200,017,D,793,C17,-9.187,17.457,29.413,2.415
Protease,3oxw,017,200,017,D,794,O18,-9.345,18.752,28.821,15.0
Protease,3oxw,017,200,017,D,796,N20,-8.515,18.089,31.696,2.187
Protease,3oxw,017,200,017,D,797,C21,-7.526,17.514,32.365,2.415
Protease,3oxw,017,200,017,D,798,O22,-7.276,16.329,32.47,3.214
Protease,3oxw,017,200,017,D,799,O23,-6.656,18.521,32.948,4.286
Protease,3oxw,017,200,017,D,800,C24,-5.771,18.164,34.001,1.208
Protease,3oxw,017,200,017,D,801,C25,-4.462,18.846,33.629,33.814
Protease,3oxw,017,200,017,D,802,O26,-4.598,20.184,34.109,25.715
Protease,3oxw,017,200,017,D,803,C27,-5.566,20.222,35.171,18.114
Protease,3oxw,017,200,017,D,804,O28,-6.609,21.187,34.94,20.358
Protease,3oxw,017,200,017,D,805,C29,-7.906,20.581,35.005,7.246
Protease,3oxw,017,200,017,D,806,C30,-7.716,19.12,35.418,15.699
Protease,3oxw,017,200,017,D,807,C31,-6.219,18.849,35.266,14.492
Protease,3oxw,017,200,017,D,809,C33,-11.162,19.366,33.38,1.208
Protease,3oxw,017,200,017,D,810,C34,-11.412,19.39,34.751,1.208
Protease,3oxw,017,200,017,D,811,C35,-11.587,18.194,35.452,12.076
Protease,3oxw,017,200,017,D,812,C36,-11.532,16.978,34.769,13.284
Protease,3oxw,017,200,017,D,813,C37,-11.274,16.955,33.394,3.623
Protease,3bxs,DRS,201,1,A,773,CAX,1.693,1.106,11.704,2.415
Protease,3bxs,DRS,201,1,A,774,CAB,1.236,0.376,12.969,14.492
Protease,3bxs,DRS,201,1,A,777,OAE,4.177,-0.315,11.898,9.643
Protease,3bxs,DRS,201,1,A,779,CA,5.841,0.349,14.063,3.623
Protease,3bxs,DRS,201,1,A,780,C,5.34,0.015,15.471,4.831
Protease,3bxs,DRS,201,1,A,781,OXT,4.15,0.163,15.747,3.214
Protease,3bxs,DRS,201,1,A,782,O,6.102,-0.426,16.33,36.43
Protease,3bxs,DRS,201,1,A,783,CB,7.191,1.065,14.152,16.907
Protease,3bxs,DRS,201,1,A,784,CG,7.581,1.663,12.798,2.415
Protease,3bxs,DRS,201,1,A,785,CD2,7.524,3.043,12.637,14.492
Protease,3bxs,DRS,201,1,A,786,CE2,7.721,3.607,11.38,20.53
Protease,3bxs,DRS,201,1,A,787,CD1,7.86,0.841,11.71,2.415
Protease,3bxs,DRS,201,1,A,788,CE1,8.057,1.406,10.452,12.076
Protease,3bxs,DRS,201,1,A,789,CZ,7.977,2.786,10.286,6.038
Protease,3bxs,DRS,201,1,A,790,OH,8.08,3.359,9.055,20.358
Protease,3bxs,DRS,201,1,A,791,CAM,7.185,2.786,8.085,26.568
Protease,3bxs,DRS,201,1,A,792,CAK,5.715,2.835,8.51,1.208
Protease,3bxs,DRS,201,1,A,793,CAL,5.21,4.267,8.706,19.322
Protease,3bxs,DRS,201,1,A,794,CAN,3.74,4.291,9.134,10.869
Protease,3bxs,DRS,201,1,A,796,OAC,3.446,4.535,11.511,1.071
Protease,3em3,478,200,478,B,730,C1,24.412,2.579,19.927,37.436
Protease,3em3,478,200,478,B,731,C2,24.839,0.64,18.56,13.284
Protease,3em3,478,200,478,B,733,C4,23.844,1.231,19.531,3.623
Protease,3em3,478,200,478,B,735,C6,20.239,-0.522,15.474,1.208
Protease,3em3,478,200,478,B,738,C9,18.574,2.388,18.809,4.831
Protease,3em3,478,200,478,B,739,C10,18.011,0.127,19.392,4.831
Protease,3em3,478,200,478,B,740,C11,18.416,2.765,20.132,6.038
Protease,3em3,478,200,478,B,741,C12,17.842,0.512,20.72,13.284
Protease,3em3,478,200,478,B,742,C13,18.05,1.832,21.098,18.114
Protease,3em3,478,200,478,B,744,C15,20.195,-3.882,14.591,1.208
Protease,3em3,478,200,478,B,745,C16,21.712,-3.709,14.457,3.623
Protease,3em3,478,200,478,B,746,C17,17.343,-4.264,15.516,1.208
Protease,3em3,478,200,478,B,747,C18,16.224,-3.533,15.119,1.208
Protease,3em3,478,200,478,B,750,C21,16.38,-6.192,14.407,8.453
Protease,3em3,478,200,478,B,751,C22,17.398,-5.616,15.165,2.415
Protease,3em3,478,200,478,B,752,C23,22.366,-3.671,15.829,18.114
Protease,3em3,478,200,478,B,753,C24,22.333,-4.832,13.62,53.136
Protease,3em3,478,200,478,B,754,C25,26.024,1.58,18.587,42.267
Protease,3em3,478,200,478,B,755,N1,20.985,0.707,17.445,6.562
Protease,3em3,478,200,478,B,757,N3,14.294,-5.925,13.25,1.094
Protease,3em3,478,200,478,B,758,O1,22.589,1.481,18.914,7.5
Protease,3em3,478,200,478,B,759,O2,22.032,-0.778,18.84,5.357
Protease,3em3,478,200,478,B,760,O3,20.137,0.637,14.647,16.072
Protease,3em3,478,200,478,B,761,O4,17.778,-2.448,17.119,5.357
Protease,3em3,478,200,478,B,762,O5,19.016,-4.351,17.436,9.643
Protease,3em3,478,200,478,B,763,O6,25.6,2.802,19.174,26.786
Protease,3ekp,478,200,478,B,762,C1,8.939,-22.275,29.778,39.852
Protease,3ekp,478,200,478,B,763,C2,11.218,-21.659,30.255,13.284
Protease,3ekp,478,200,478,B,764,C3,10.55,-21.706,33.094,1.208
Protease,3ekp,478,200,478,B,765,C4,9.807,-21.561,30.8,7.246
Protease,3ekp,478,200,478,B,767,C6,13.005,-22.48,35.311,2.415
Protease,3ekp,478,200,478,B,770,C9,8.425,-24.046,36.035,6.038
Protease,3ekp,478,200,478,B,771,C10,8.684,-21.67,36.387,6.038
Protease,3ekp,478,200,478,B,772,C11,7.041,-23.889,35.989,15.699
Protease,3ekp,478,200,478,B,773,C12,7.292,-21.509,36.319,15.699
Protease,3ekp,478,200,478,B,774,C13,6.461,-22.62,36.116,10.869
Protease,3ekp,478,200,478,B,777,C16,15.189,-19.754,34.957,3.623
Protease,3ekp,478,200,478,B,779,C18,12.944,-20.771,40.23,1.208
Protease,3ekp,478,200,478,B,782,C21,14.964,-18.977,40.793,9.661
Protease,3ekp,478,200,478,B,783,C22,14.385,-19.003,39.531,1.208
Protease,3ekp,478,200,478,B,784,C23,14.238,-18.711,34.388,12.076
Protease,3ekp,478,200,478,B,785,C24,16.632,-19.298,34.796,50.72
Protease,3ekp,478,200,478,B,786,C25,11.061,-22.222,28.852,42.267
Protease,3ekp,478,200,478,B,787,N1,10.94,-22.59,33.995,7.655
Protease,3ekp,478,200,478,B,790,O1,9.74,-22.263,32.018,11.786
Protease,3ekp,478,200,478,B,791,O2,10.79,-20.531,33.122,4.286
Protease,3ekp,478,200,478,B,792,O3,13.396,-23.841,35.246,16.072
Protease,3ekp,478,200,478,B,793,O4,11.389,-20.5,37.922,7.5
Protease,3ekp,478,200,478,B,794,O5,12.417,-18.516,37.403,7.5
Protease,3ekp,478,200,478,B,795,O6,9.814,-22.897,28.821,30.001
Protease,3ekp,478,200,478,C,757,C1,23.488,46.857,-9.726,43.475
Protease,3ekp,478,200,478,C,758,C2,21.762,46.263,-11.315,18.114
Protease,3ekp,478,200,478,C,759,C3,21.042,44.161,-9.093,1.208
Protease,3ekp,478,200,478,C,760,C4,22.576,45.726,-10.161,2.415
Protease,3ekp,478,200,478,C,762,C6,17.973,42.763,-8.948,3.623
Protease,3ekp,478,200,478,C,763,C7,18.793,43.019,-6.549,1.208
Protease,3ekp,478,200,478,C,765,C9,20.089,44.577,-5.104,3.623
Protease,3ekp,478,200,478,C,766,C10,21.086,42.469,-5.717,4.831
Protease,3ekp,478,200,478,C,767,C11,21.244,44.916,-4.408,18.114
Protease,3ekp,478,200,478,C,768,C12,22.252,42.825,-5.047,10.869
Protease,3ekp,478,200,478,C,769,C13,22.327,44.041,-4.364,16.907
Protease,3ekp,478,200,478,C,771,C15,17.786,39.783,-10.541,1.208
Protease,3ekp,478,200,478,C,772,C16,17.995,40.627,-11.796,6.038
Protease,3ekp,478,200,478,C,773,C17,17.902,38.219,-7.867,1.208
Protease,3ekp,478,200,478,C,774,C18,17.213,38.358,-6.673,1.208
Protease,3ekp,478,200,478,C,777,C21,16.881,36.049,-8.161,8.453
Protease,3ekp,478,200,478,C,778,C22,17.748,37.046,-8.588,2.415
Protease,3ekp,478,200,478,C,779,C23,19.471,40.861,-12.076,13.284
Protease,3ekp,478,200,478,C,780,C24,17.377,39.871,-12.956,48.305
Protease,3ekp,478,200,478,C,781,C25,22.024,47.756,-11.329,42.267
Protease,3ekp,478,200,478,C,782,N1,19.922,44.143,-8.369,6.562
Protease,3ekp,478,200,478,C,785,O1,21.708,45.453,-9.09,8.572
Protease,3ekp,478,200,478,C,786,O2,21.564,43.209,-9.628,4.286
Protease,3ekp,478,200,478,C,787,O3,16.943,43.695,-8.662,15.0
Protease,3ekp,478,200,478,C,788,O4,19.41,40.042,-7.133,6.429
Protease,3ekp,478,200,478,C,789,O5,20.148,38.8,-8.87,6.429
Protease,3ekp,478,200,478,C,790,O6,23.14,48.004,-10.497,24.644
Protease,3oy4,017,200,017,B,765,N1,14.697,35.389,18.183,54.679
Protease,3oy4,017,200,017,B,766,C2,15.525,34.667,17.388,7.246
Protease,3oy4,017,200,017,B,767,C3,16.572,35.303,16.729,31.398
Protease,3oy4,017,200,017,B,768,C4,17.43,34.57,15.913,13.284
Protease,3oy4,017,200,017,B,770,C6,16.192,32.57,16.422,13.284
Protease,3oy4,017,200,017,B,771,C7,15.329,33.297,17.238,28.983
Protease,3oy4,017,200,017,B,773,O9,17.471,31.238,14.224,4.286
Protease,3oy4,017,200,017,B,774,O10,18.84,33.189,13.773,10.715
Protease,3oy4,017,200,017,B,776,C12,20.193,32.714,16.495,9.661
Protease,3oy4,017,200,017,B,777,C13,21.692,32.412,16.513,1.208
Protease,3oy4,017,200,017,B,778,C14,22.296,32.351,15.111,4.831
Protease,3oy4,017,200,017,B,779,C15,22.435,33.44,17.373,15.699
Protease,3oy4,017,200,017,B,780,C16,19.157,30.459,16.344,12.076
Protease,3oy4,017,200,017,B,782,O18,20.025,28.19,16.59,6.429
Protease,3oy4,017,200,017,B,786,O22,21.632,29.48,12.263,8.572
Protease,3oy4,017,200,017,B,788,C24,23.356,27.566,11.47,3.623
Protease,3oy4,017,200,017,B,791,C27,23.576,25.301,10.757,3.623
Protease,3oy4,017,200,017,B,792,O28,22.586,24.35,11.151,1.071
Protease,3oy4,017,200,017,B,793,C29,21.289,24.962,11.193,6.038
Protease,3oy4,017,200,017,B,794,C30,21.394,26.231,10.364,4.831
Protease,3oy4,017,200,017,B,795,C31,22.872,26.602,10.403,1.208
Protease,3oy4,017,200,017,B,796,C32,18.351,28.188,14.207,12.076
Protease,3oy4,017,200,017,B,797,C33,18.159,26.466,12.401,12.076
Protease,3oy4,017,200,017,B,798,C34,17.94,26.082,11.082,21.737
Protease,3oy4,017,200,017,B,799,C35,17.679,27.046,10.115,25.36
Protease,3oy4,017,200,017,B,800,C36,17.62,28.387,10.475,7.246
Protease,3oy4,017,200,017,B,801,C37,17.838,28.77,11.798,4.831
Protease,3oy4,017,200,017,B,802,C38,18.099,27.803,12.766,2.415
Protease,3ekv,478,200,478,A,755,C1,23.4,25.87,10.783,6.038
Protease,3ekv,478,200,478,A,756,C2,24.452,27.783,11.781,3.623
Protease,3ekv,478,200,478,A,761,C7,18.276,28.036,14.106,13.284
Protease,3ekv,478,200,478,A,762,C8,18.045,27.652,12.66,3.623
Protease,3ekv,478,200,478,A,763,C9,18.424,26.395,12.182,8.453
Protease,3ekv,478,200,478,A,764,C10,17.457,28.558,11.789,7.246
Protease,3ekv,478,200,478,A,765,C11,18.232,26.065,10.841,24.153
Protease,3ekv,478,200,478,A,766,C12,17.264,28.228,10.452,10.869
Protease,3ekv,478,200,478,A,767,C13,17.64,26.973,9.976,24.153
Protease,3ekv,478,200,478,A,768,C14,19.038,30.254,16.252,12.076
Protease,3ekv,478,200,478,A,769,C15,20.102,32.452,16.468,9.661
Protease,3ekv,478,200,478,A,770,C16,21.613,32.201,16.428,1.208
Protease,3ekv,478,200,478,A,772,C18,16.072,32.335,16.365,13.284
Protease,3ekv,478,200,478,A,773,C19,15.176,32.977,17.21,28.983
Protease,3ekv,478,200,478,A,774,C20,15.281,34.352,17.399,6.038
Protease,3ekv,478,200,478,A,775,C21,16.284,35.051,16.74,30.191
Protease,3ekv,478,200,478,A,776,C22,17.186,34.381,15.907,14.492
Protease,3ekv,478,200,478,A,777,C23,22.252,32.243,15.042,6.038
Protease,3ekv,478,200,478,A,778,C24,22.324,33.254,17.274,12.076
Protease,3ekv,478,200,478,A,782,N3,14.4,34.981,18.211,53.586
Protease,3ekv,478,200,478,A,784,O2,21.499,29.346,12.136,8.572
Protease,3ekv,478,200,478,A,785,O3,19.958,28.036,16.528,6.429
Protease,3ekv,478,200,478,A,786,O4,17.421,31.175,14.066,2.143
Protease,3ekv,478,200,478,A,787,O5,18.715,33.092,13.792,11.786
Protease,3em4,DR7,100,1,V,735,CAA,21.806,-4.171,-7.248,37.436
Protease,3em4,DR7,100,1,V,736,OBI,21.804,-2.792,-6.869,11.786
Protease,3em4,DR7,100,1,V,738,OAI,22.528,-3.239,-4.69,25.715
Protease,3em4,DR7,100,1,V,739,N,22.392,-1.091,-5.422,3.281
Protease,3em4,DR7,100,1,V,740,CA,22.812,-0.453,-4.186,2.415
Protease,3em4,DR7,100,1,V,742,CAE,24.593,0.858,-3.06,26.568
Protease,3em4,DR7,100,1,V,743,CG2,24.452,0.946,-5.54,15.699
Protease,3em4,DR7,100,1,V,744,CG1,25.234,-1.117,-4.446,42.267
Protease,3em4,DR7,100,1,V,746,O,21.714,1.654,-4.407,6.429
Protease,3em4,DR7,100,1,V,747,NBG,20.938,0.232,-2.802,4.374
Protease,3em4,DR7,100,1,V,751,CAT,18.756,-1.169,-4.528,2.415
Protease,3em4,DR7,100,1,V,752,CAP,18.694,-1.415,-5.896,6.038
Protease,3em4,DR7,100,1,V,753,CAN,18.24,-0.414,-6.752,15.699
Protease,3em4,DR7,100,1,V,754,CAQ,17.85,0.825,-6.235,13.284
Protease,3em4,DR7,100,1,V,755,CAU,17.913,1.066,-4.863,8.453
Protease,3em4,DR7,100,1,V,757,OAM,20.11,0.385,0.081,12.858
Protease,3em4,DR7,100,1,V,758,CBC,21.257,2.21,-0.489,4.831
Protease,3em4,DR7,100,1,V,762,OAL,19.146,5.198,-1.94,2.143
Protease,3em4,DR7,100,1,V,765,CAH,15.724,6.136,0.802,1.208
Protease,3em4,DR7,100,1,V,766,CAF,16.099,4.374,-0.892,2.415
Protease,3em4,DR7,100,1,V,767,CAG,16.472,6.768,-1.492,8.453
Protease,3em4,DR7,100,1,V,771,OBJ,19.029,8.855,1.619,2.143
Protease,3em4,DR7,100,1,V,772,CAB,19.3,9.454,2.892,27.775
Protease,3em4,DR7,100,1,V,773,CBB,22.312,4.161,-0.105,12.076
Protease,3em4,DR7,100,1,V,774,CBP,22.316,5.662,-0.096,2.415
Protease,3em4,DR7,100,1,V,775,CAW,22.557,6.287,-1.25,7.246
Protease,3em4,DR7,100,1,V,776,CAY,22.517,7.613,-1.219,10.869
Protease,3em4,DR7,100,1,V,777,CAX,22.106,6.322,0.965,10.869
Protease,3em4,DR7,100,1,V,778,CAZ,22.095,7.515,0.986,9.661
Protease,3em4,DR7,100,1,V,779,CBQ,22.281,8.222,-0.048,2.415
Protease,3em4,DR7,100,1,V,780,CBR,22.173,9.724,-0.001,2.415
Protease,3em4,DR7,100,1,V,781,CAV,21.71,10.393,-1.14,3.623
Protease,3em4,DR7,100,1,V,782,CAR,21.528,11.771,-1.135,9.661
Protease,3em4,DR7,100,1,V,783,CAO,21.818,12.469,0.034,28.983
Protease,3em4,DR7,100,1,V,784,CAS,22.241,11.771,1.164,31.398
Protease,3em4,DR7,100,1,V,785,NBD,22.388,10.434,1.138,9.842
Protease,3hbo,2NC,0,1,A,768,C,4.419,-8.914,16.331,1.208
Protease,3hbo,2NC,0,1,A,769,O,3.477,-8.45,16.97,27.858
Protease,3hbo,2NC,0,1,A,770,CH3,4.219,-9.747,15.086,32.606
Protease,3hbo,2NC,0,1,A,771,N,5.681,-8.604,16.604,1.094
Protease,3hbo,2NC,0,1,A,772,CA,6.119,-7.95,17.829,3.623
Protease,3hbo,2NC,0,1,A,776,OG1,8.329,-8.957,17.794,10.715
Protease,3hbo,2NC,0,1,A,777,CG2,6.547,-10.219,18.905,43.475
Protease,3hbo,2NC,0,1,A,781,O2,6.267,-3.889,14.282,6.429
Protease,3hbo,2NC,0,1,A,782,CB1,8.692,-4.821,15.383,2.415
Protease,3hbo,2NC,0,1,A,783,CG1,9.668,-5.89,15.905,1.208
Protease,3hbo,2NC,0,1,A,784,CG21,9.353,-3.436,15.303,6.038
Protease,3hbo,2NC,0,1,A,788,C3,4.615,-1.069,15.566,8.453
Protease,3hbo,2NC,0,1,A,789,CB2,3.073,-2.895,16.411,16.907
Protease,3hbo,2NC,0,1,A,790,CG,2.867,-4.391,16.675,15.699
Protease,3hbo,2NC,0,1,A,791,CD,2.769,-5.207,15.386,3.623
Protease,3hbo,2NC,0,1,A,792,CE,1.686,-4.663,14.464,30.191
Protease,3hbo,2NC,0,1,A,794,CA3,5.82,0.452,13.954,4.831
Protease,3hbo,2NC,0,1,A,796,O3,4.436,-0.661,12.315,9.643
Protease,3hbo,2NC,0,1,A,797,CB3,7.219,0.615,13.336,1.208
Protease,3hbo,2NC,0,1,A,799,CD2,7.399,1.42,10.971,3.623
Protease,3hbo,2NC,0,1,A,800,CE1,8.649,0.649,10.565,13.284
Protease,3hbo,2NC,0,1,A,801,N4,4.094,1.516,12.594,6.562
Protease,3hbo,2NC,0,1,A,802,CA4,3.096,1.584,11.519,2.415
Protease,3hbo,2NC,0,1,A,804,O4,3.278,3.978,11.583,18.215
Protease,3hbo,2NC,0,1,A,805,CB4,1.686,1.239,12.04,16.907
Protease,3hbo,2NC,0,1,A,806,CG4,0.585,1.34,10.975,12.076
Protease,3hbo,2NC,0,1,A,807,CD3,0.021,2.735,10.86,4.831
Protease,3hbo,2NC,0,1,A,808,OE1,0.102,3.505,11.795,35.358
Protease,3hbo,2NC,0,1,A,809,NE2,-0.624,3.043,9.735,33.901
Protease,3hbo,2NC,0,1,A,810,N5,3.037,3.008,9.579,3.281
Protease,3hbo,2NC,0,1,A,811,CA5,3.097,4.267,8.837,1.208
Protease,3hbo,2NC,0,1,A,813,O5,1.674,3.387,7.156,35.358
Protease,3hbo,2NC,0,1,A,814,CB5,4.36,4.285,7.97,19.322
Protease,3hbo,2NC,0,1,A,815,CG5,5.641,4.19,8.736,14.492
Protease,3hbo,2NC,0,1,A,817,NE,6.6,5.221,10.827,3.281
Protease,3hbo,2NC,0,1,A,819,NH1,8.063,6.434,9.514,14.217
Protease,3hbo,2NC,0,1,A,820,NH2,8.624,5.824,11.658,1.094
Protease,3hbo,2NC,0,1,A,821,N6,1.258,5.466,7.705,41.556
Protease,3ekt,017,200,017,D,783,C3,8.996,-22.255,30.013,8.453
Protease,3ekt,017,200,017,D,785,C4,9.269,-21.707,31.259,1.208
Protease,3ekt,017,200,017,D,795,O9,9.97,-19.957,33.415,8.572
Protease,3ekt,017,200,017,D,797,O10,12.24,-20.206,32.896,7.5
Protease,3ekt,017,200,017,D,803,C13,9.6,-23.184,35.76,4.831
Protease,3ekt,017,200,017,D,805,C14,9.374,-21.923,36.593,14.492
Protease,3ekt,017,200,017,D,807,C15,8.41,-24.133,35.875,50.72
Protease,3ekt,017,200,017,D,811,C17,13.18,-22.631,35.347,3.623
Protease,3ekt,017,200,017,D,813,O18,14.248,-23.577,35.381,12.858
Protease,3ekt,017,200,017,D,817,N20,14.251,-21.134,36.835,6.562
Protease,3ekt,017,200,017,D,819,C21,13.731,-20.318,37.74,3.623
Protease,3ekt,017,200,017,D,821,O22,12.785,-19.568,37.525,3.214
Protease,3ekt,017,200,017,D,823,O23,14.358,-20.357,39.043,9.643
Protease,3ekt,017,200,017,D,827,C25,14.029,-19.892,41.349,28.983
Protease,3ekt,017,200,017,D,829,O26,15.392,-19.953,41.783,22.501
Protease,3ekt,017,200,017,D,831,C27,16.161,-18.965,41.088,19.322
Protease,3ekt,017,200,017,D,833,O28,17.277,-19.551,40.411,23.572
Protease,3ekt,017,200,017,D,835,C29,17.311,-19.164,39.032,19.322
Protease,3ekt,017,200,017,D,837,C30,16.108,-18.272,38.768,9.661
Protease,3ekt,017,200,017,D,839,C31,15.268,-18.349,40.029,15.699
Protease,3ekt,017,200,017,D,843,C33,16.741,-19.283,35.169,1.208
Protease,3ekt,017,200,017,D,845,C34,17.192,-17.985,35.391,12.076
Protease,3ekt,017,200,017,D,847,C35,16.335,-16.908,35.211,12.076
Protease,3ekt,017,200,017,D,849,C36,15.023,-17.133,34.812,14.492
Protease,3ekt,017,200,017,D,851,C37,14.571,-18.429,34.598,3.623
Protease,3oxv,478,200,478,C,758,C1,12.923,5.326,32.694,6.038
Protease,3oxv,478,200,478,C,759,C2,12.163,4.527,30.581,4.831
Protease,3oxv,478,200,478,C,764,C7,18.326,2.245,30.293,12.076
Protease,3oxv,478,200,478,C,765,C8,18.543,3.666,30.75,3.623
Protease,3oxv,478,200,478,C,766,C9,18.195,4.047,32.041,8.453
Protease,3oxv,478,200,478,C,767,C10,19.078,4.61,29.887,6.038
Protease,3oxv,478,200,478,C,768,C11,18.382,5.353,32.477,28.983
Protease,3oxv,478,200,478,C,769,C12,19.262,5.921,30.316,12.076
Protease,3oxv,478,200,478,C,770,C13,18.91,6.298,31.608,21.737
Protease,3oxv,478,200,478,C,771,C14,17.527,0.265,27.925,14.492
Protease,3oxv,478,200,478,C,772,C15,16.444,0.283,25.67,9.661
Protease,3oxv,478,200,478,C,775,C18,20.494,0.44,25.809,16.907
Protease,3oxv,478,200,478,C,776,C19,21.359,-0.369,25.087,31.398
Protease,3oxv,478,200,478,C,777,C20,21.141,-0.574,23.74,6.038
Protease,3oxv,478,200,478,C,778,C21,20.08,0.042,23.087,28.983
Protease,3oxv,478,200,478,C,779,C22,19.209,0.856,23.811,18.114
Protease,3oxv,478,200,478,C,780,C23,14.336,1.584,26.166,9.661
Protease,3oxv,478,200,478,C,781,C24,14.193,-0.588,24.932,18.114
Protease,3oxv,478,200,478,C,785,N3,22.026,-1.363,23.083,54.679
Protease,3oxv,478,200,478,C,787,O2,15.018,4.266,29.294,5.357
Protease,3oxv,478,200,478,C,788,O3,16.64,-0.149,30.192,4.286
Protease,3oxv,478,200,478,C,789,O4,19.214,2.527,27.132,3.214
Protease,3oxv,478,200,478,C,790,O5,17.866,2.968,25.272,7.5
Protease,3haw,2NC,0,1,B,758,C,4.249,-8.784,16.376,3.623
Protease,3haw,2NC,0,1,B,759,O,3.399,-8.419,17.188,9.643
Protease,3haw,2NC,0,1,B,760,CH3,3.852,-9.235,14.985,39.852
Protease,3haw,2NC,0,1,B,761,N,5.541,-8.526,16.575,2.187
Protease,3haw,2NC,0,1,B,762,CA,6.113,-7.923,17.804,4.831
Protease,3haw,2NC,0,1,B,764,O1,7.049,-5.853,18.628,26.786
Protease,3haw,2NC,0,1,B,765,CB,7.163,-8.85,18.449,10.869
Protease,3haw,2NC,0,1,B,766,OG1,8.246,-9.035,17.55,28.929
Protease,3haw,2NC,0,1,B,767,CG2,6.568,-10.227,18.831,57.966
Protease,3haw,2NC,0,1,B,768,N1,6.928,-6.036,16.447,2.187
Protease,3haw,2NC,0,1,B,769,CA1,7.471,-4.719,16.151,1.208
Protease,3haw,2NC,0,1,B,771,O2,6.326,-3.752,14.27,7.5
Protease,3haw,2NC,0,1,B,772,CB1,8.757,-4.759,15.34,1.208
Protease,3haw,2NC,0,1,B,773,CG1,9.753,-5.756,15.894,19.322
Protease,3haw,2NC,0,1,B,774,CG21,9.376,-3.396,15.274,21.737
Protease,3haw,2NC,0,1,B,775,CD1,10.225,-5.63,17.362,45.89
Protease,3haw,2NC,0,1,B,776,N2,5.586,-3.228,16.264,7.655
Protease,3haw,2NC,0,1,B,778,C3,4.602,-0.978,15.494,3.623
Protease,3haw,2NC,0,1,B,779,CB2,3.115,-2.824,16.409,1.208
Protease,3haw,2NC,0,1,B,780,CG,2.825,-4.281,16.69,3.623
Protease,3haw,2NC,0,1,B,781,CD,2.661,-5.121,15.43,1.208
Protease,3haw,2NC,0,1,B,782,CE,1.488,-4.56,14.652,13.284
Protease,3haw,2NC,0,1,B,783,N3,5.884,-0.663,14.879,6.562
Protease,3haw,2NC,0,1,B,786,O3,4.59,-0.653,12.318,5.357
Protease,3haw,2NC,0,1,B,787,CB3,7.278,0.731,13.431,13.284
Protease,3haw,2NC,0,1,B,788,CG3,7.405,1.941,12.49,19.322
Protease,3haw,2NC,0,1,B,790,CE1,8.536,0.816,10.515,26.568
Protease,3haw,2NC,0,1,B,794,O4,3.291,4.026,11.579,2.143
Protease,3haw,2NC,0,1,B,795,CB4,1.776,1.152,12.034,3.623
Protease,3haw,2NC,0,1,B,796,CG4,0.688,1.308,11.005,3.623
Protease,3haw,2NC,0,1,B,802,C6,2.021,4.312,7.963,1.208
Protease,3haw,2NC,0,1,B,803,O5,1.663,3.338,7.264,5.357
Protease,3haw,2NC,0,1,B,804,CB5,4.499,4.228,7.981,9.661
Protease,3haw,2NC,0,1,B,805,CG5,5.666,3.352,8.423,4.831
Protease,3haw,2NC,0,1,B,806,CD4,7.065,3.993,8.31,18.114
Protease,3haw,2NC,0,1,B,807,NE,7.185,5.001,7.247,12.029
Protease,3haw,2NC,0,1,B,808,CZ,8.327,5.494,6.752,13.284
Protease,3haw,2NC,0,1,B,809,NH1,9.5,5.086,7.191,48.118
Protease,3haw,2NC,0,1,B,810,NH2,8.286,6.428,5.804,54.679
Protease,3haw,2NC,0,1,B,811,N6,1.354,5.46,7.992,19.685
Protease,3ekt,017,200,017,B,756,C3,22.933,47.104,-9.499,8.453
Protease,3ekt,017,200,017,B,757,C4,22.621,45.827,-9.089,1.208
Protease,3ekt,017,200,017,B,759,C6,21.199,45.677,-10.979,1.208
Protease,3ekt,017,200,017,B,762,O9,22.36,42.808,-8.861,9.643
Protease,3ekt,017,200,017,B,763,O10,20.837,42.889,-10.609,6.429
Protease,3ekt,017,200,017,B,766,C13,19.779,43.983,-5.954,4.831
Protease,3ekt,017,200,017,B,767,C14,20.257,42.566,-5.693,15.699
Protease,3ekt,017,200,017,B,768,C15,20.237,44.921,-4.848,49.513
Protease,3ekt,017,200,017,B,770,C17,17.827,42.742,-8.795,3.623
Protease,3ekt,017,200,017,B,771,O18,16.522,43.236,-9.085,12.858
Protease,3ekt,017,200,017,B,773,N20,17.427,40.396,-9.166,5.468
Protease,3ekt,017,200,017,B,774,C21,17.965,39.367,-8.487,3.623
Protease,3ekt,017,200,017,B,775,O22,19.139,39.294,-8.171,3.214
Protease,3ekt,017,200,017,B,776,O23,16.984,38.373,-8.06,6.429
Protease,3ekt,017,200,017,B,777,C24,17.297,37.018,-7.781,4.831
Protease,3ekt,017,200,017,B,778,C25,16.344,36.629,-6.659,30.191
Protease,3ekt,017,200,017,B,779,O26,15.16,36.119,-7.291,24.644
Protease,3ekt,017,200,017,B,780,C27,15.465,35.709,-8.643,20.53
Protease,3ekt,017,200,017,B,781,O28,14.633,36.359,-9.629,22.501
Protease,3ekt,017,200,017,B,782,C29,15.423,37.061,-10.596,19.322
Protease,3ekt,017,200,017,B,783,C30,16.889,36.735,-10.312,10.869
Protease,3ekt,017,200,017,B,784,C31,16.903,36.106,-8.925,15.699
Protease,3ekt,017,200,017,B,785,C32,17.902,41.642,-11.123,1.208
Protease,3ekt,017,200,017,B,786,C33,17.324,39.643,-12.513,1.208
Protease,3ekt,017,200,017,B,787,C34,17.674,38.459,-13.158,12.076
Protease,3ekt,017,200,017,B,788,C35,18.994,38.014,-13.159,10.869
Protease,3ekt,017,200,017,B,789,C36,19.962,38.743,-12.473,13.284
Protease,3ekt,017,200,017,B,790,C37,19.609,39.924,-11.816,2.415
Protease,1d4k,PI8,201,1,A,783,C1,3.453,3.326,10.442,1.208
Protease,1d4k,PI8,201,1,A,785,C9,2.044,3.496,10.013,7.246
Protease,1d4k,PI8,201,1,A,786,C3,2.14,1.692,11.535,1.208
Protease,1d4k,PI8,201,1,A,788,C4,1.665,0.748,12.432,8.453
Protease,1d4k,PI8,201,1,A,790,C5,0.306,0.699,12.728,3.623
Protease,1d4k,PI8,201,1,A,792,C11,6.391,1.167,13.471,1.208
Protease,1d4k,PI8,201,1,A,793,C12,7.743,1.292,12.774,14.492
Protease,1d4k,PI8,201,1,A,794,C13,7.738,2.24,11.618,2.415
Protease,1d4k,PI8,201,1,A,795,C18,7.723,1.762,10.313,4.831
Protease,1d4k,PI8,201,1,A,796,C14,7.728,3.613,11.833,16.907
Protease,1d4k,PI8,201,1,A,797,C17,7.696,2.64,9.239,18.114
Protease,1d4k,PI8,201,1,A,798,C15,7.701,4.499,10.767,26.568
Protease,1d4k,PI8,201,1,A,799,C16,7.684,4.014,9.467,28.983
Protease,1d4k,PI8,201,1,A,801,O2,5.057,-0.181,11.977,4.286
Protease,1d4k,PI8,201,1,A,802,C19,6.445,-0.018,14.421,3.623
Protease,1d4k,PI8,201,1,A,803,O3,5.281,0.339,16.506,11.786
Protease,1d4k,PI8,201,1,A,807,C21,5.096,-1.79,15.393,1.208
Protease,1d4k,PI8,201,1,A,809,N2,3.915,-2.148,16.17,1.094
Protease,1d4k,PI8,201,1,A,810,C22,4.058,-3.482,16.762,4.831
Protease,1d4k,PI8,201,1,A,811,C23,2.716,-4.219,16.707,2.415
Protease,1d4k,PI8,201,1,A,813,C25,2.898,-6.16,18.305,2.415
Protease,1d4k,PI8,201,1,A,814,C26,3.065,-7.515,18.575,1.208
Protease,1d4k,PI8,201,1,A,815,C29,2.924,-6.616,15.955,6.038
Protease,1d4k,PI8,201,1,A,816,C28,3.093,-7.97,16.212,10.869
Protease,1d4k,PI8,201,1,A,818,O6,3.352,-9.77,17.75,10.715
Protease,1d4k,PI8,201,1,A,820,O4,5.248,-4.621,14.994,12.858
Protease,1d4k,PI8,201,1,A,821,N3,6.083,-4.8,17.079,2.187
Protease,1d4k,PI8,201,1,A,822,C31,7.166,-5.745,16.733,1.208
Protease,1d4k,PI8,201,1,A,823,C32,8.486,-5.029,16.337,7.246
Protease,1d4k,PI8,201,1,A,825,C33,9.181,-5.81,15.217,36.229
Protease,1d4k,PI8,201,1,A,827,C34,8.217,-3.599,15.865,7.246
Protease,1d4k,PI8,201,1,A,829,C35,9.394,-2.939,15.229,25.36
Protease,1d4k,PI8,201,1,A,831,C36,7.43,-6.595,17.978,1.208
Protease,1d4k,PI8,201,1,A,832,O5,7.4,-6.084,19.104,30.001
Protease,1d4k,PI8,201,1,A,833,N4,7.645,-7.894,17.779,5.468
Protease,1d4k,PI8,201,1,A,834,C37,7.915,-8.864,18.856,24.153
Protease,1d4k,PI8,201,1,A,835,C38,7.609,-10.301,18.446,36.229
Protease,1d4k,PI8,201,1,A,836,C39,6.134,-10.503,18.127,24.153
Protease,1d4k,PI8,201,1,A,837,C40,5.248,-10.006,19.257,3.623
Protease,1d4k,PI8,201,1,A,838,C41,3.778,-10.307,18.995,24.153
Protease,3nwx,KVS,100,1,B,771,C,-9.121,-9.438,-18.075,1.208
Protease,3nwx,KVS,100,1,B,772,O,-9.143,-9.5,-16.82,37.501
Protease,3nwx,KVS,100,1,B,773,CH3,-10.146,-10.142,-18.952,67.627
Protease,3nwx,KVS,100,1,B,774,N1,-8.166,-8.773,-18.712,4.374
Protease,3nwx,KVS,100,1,B,775,CA,-7.091,-8.119,-18.013,1.208
Protease,3nwx,KVS,100,1,B,777,O1,-7.549,-6.057,-19.172,27.858
Protease,3nwx,KVS,100,1,B,778,CB,-5.703,-8.464,-18.571,9.661
Protease,3nwx,KVS,100,1,B,779,OG1,-5.668,-9.826,-19.029,40.715
Protease,3nwx,KVS,100,1,B,780,CG2,-4.659,-8.282,-17.475,20.53
Protease,3nwx,KVS,100,1,B,781,N2,-7.21,-6.002,-16.927,3.281
Protease,3nwx,KVS,100,1,B,784,O2,-6.296,-3.977,-14.861,23.572
Protease,3nwx,KVS,100,1,B,785,CB1,-8.773,-4.454,-15.885,8.453
Protease,3nwx,KVS,100,1,B,786,CG1,-9.902,-5.398,-16.314,21.737
Protease,3nwx,KVS,100,1,B,787,CG3,-9.184,-2.976,-15.843,35.021
Protease,3nwx,KVS,100,1,B,788,CD1,-10.456,-5.205,-17.695,43.475
Protease,3nwx,KVS,100,1,B,789,N3,-5.591,-3.177,-16.839,4.374
Protease,3nwx,KVS,100,1,B,791,CB2,-3.268,-2.605,-17.072,1.208
Protease,3nwx,KVS,100,1,B,792,CG,-3.0,-4.096,-17.304,1.208
Protease,3nwx,KVS,100,1,B,793,CD2,-2.891,-4.85,-15.974,3.623
Protease,3nwx,KVS,100,1,B,794,CE,-1.578,-4.585,-15.283,13.284
Protease,3nwx,KVS,100,1,B,796,OA,-5.285,-0.164,-17.402,13.929
Protease,3nwx,KVS,100,1,B,798,CZ,-6.022,-0.47,-15.129,1.208
Protease,3nwx,KVS,100,1,B,800,CL,-7.487,0.886,-13.651,15.699
Protease,3nwx,KVS,100,1,B,801,CX,-7.649,2.21,-12.895,10.869
Protease,3nwx,KVS,100,1,B,802,CV,-8.65,2.054,-11.754,26.568
Protease,3nwx,KVS,100,1,B,803,CY,-8.318,3.041,-10.643,33.814
Protease,3nwx,KVS,100,1,B,805,O3,-4.929,-0.246,-12.387,8.572
Protease,3nwx,KVS,100,1,B,810,CB3,-2.007,1.5,-12.374,3.623
Protease,3nwx,KVS,100,1,B,811,CG4,-0.875,1.653,-11.37,3.623
Protease,3nwx,KVS,100,1,B,818,O5,-2.118,3.515,-7.514,5.357
Protease,3nwx,KVS,100,1,B,819,CB4,-4.458,4.983,-8.651,16.907
Protease,3nwx,KVS,100,1,B,820,CG5,-5.614,5.421,-9.585,4.831
Protease,3nwx,KVS,100,1,B,821,CD4,-6.134,6.837,-9.245,25.36
Protease,3nwx,KVS,100,1,B,822,NE5,-5.139,7.922,-9.454,5.468
Protease,3nwx,KVS,100,1,B,823,CZ1,-5.457,9.154,-9.832,6.038
Protease,3nwx,KVS,100,1,B,824,NH1,-6.713,9.509,-10.011,47.024
Protease,3nwx,KVS,100,1,B,825,NH2,-4.508,10.052,-10.018,36.088
Protease,3nwx,KVS,100,1,B,826,N6,-1.454,5.432,-7.627,26.246
Protease,3em4,DR7,100,1,A,720,CAA,10.288,-3.549,34.892,41.059
Protease,3em4,DR7,100,1,A,721,OBI,10.363,-3.139,33.522,4.286
Protease,3em4,DR7,100,1,A,727,CAE,13.255,1.007,30.237,4.831
Protease,3em4,DR7,100,1,A,728,CG2,13.269,-1.476,29.997,10.869
Protease,3em4,DR7,100,1,A,729,CG1,13.875,-0.449,32.182,2.415
Protease,3em4,DR7,100,1,A,731,O,10.363,-0.269,29.327,3.214
Protease,3em4,DR7,100,1,A,734,CBA,7.251,1.445,30.865,16.907
Protease,3em4,DR7,100,1,A,735,CBO,7.09,-0.033,31.184,3.623
Protease,3em4,DR7,100,1,A,736,CAT,7.264,-0.508,32.481,14.492
Protease,3em4,DR7,100,1,A,737,CAP,7.111,-1.864,32.785,18.114
Protease,3em4,DR7,100,1,A,738,CAN,6.789,-2.763,31.781,25.36
Protease,3em4,DR7,100,1,A,739,CAQ,6.605,-2.296,30.482,7.246
Protease,3em4,DR7,100,1,A,740,CAU,6.753,-0.943,30.189,2.415
Protease,3em4,DR7,100,1,A,741,CBS,8.729,3.265,29.892,3.623
Protease,3em4,DR7,100,1,A,742,OAM,8.935,3.969,31.092,8.572
Protease,3em4,DR7,100,1,A,743,CBC,9.947,3.593,29.033,2.415
Protease,3em4,DR7,100,1,A,745,NBH,8.692,3.935,27.106,4.374
Protease,3em4,DR7,100,1,A,747,OAL,7.796,2.217,26.062,5.357
Protease,3em4,DR7,100,1,A,748,CBV,6.819,4.404,25.664,1.208
Protease,3em4,DR7,100,1,A,750,CAH,4.471,5.121,25.193,41.059
Protease,3em4,DR7,100,1,A,751,CAF,4.893,3.365,26.844,25.36
Protease,3em4,DR7,100,1,A,752,CAG,5.259,2.887,24.378,26.568
Protease,3em4,DR7,100,1,A,753,NBF,7.28,4.873,24.377,5.468
Protease,3em4,DR7,100,1,A,754,CBL,7.442,6.15,24.038,2.415
Protease,3em4,DR7,100,1,A,755,OAJ,7.164,7.09,24.759,31.072
Protease,3em4,DR7,100,1,A,756,OBJ,8.071,6.34,22.747,10.715
Protease,3em4,DR7,100,1,A,757,CAB,8.285,7.604,22.105,26.568
Protease,3em4,DR7,100,1,A,758,CBB,10.774,2.8,26.889,6.038
Protease,3em4,DR7,100,1,A,760,CAW,11.135,3.122,24.478,12.076
Protease,3em4,DR7,100,1,A,761,CAY,11.336,3.912,23.437,7.246
Protease,3em4,DR7,100,1,A,762,CAX,11.107,4.936,25.813,1.208
Protease,3em4,DR7,100,1,A,766,CAV,11.56,5.858,21.246,10.869
Protease,3em4,DR7,100,1,A,767,CAR,11.816,6.802,20.264,25.36
Protease,3em4,DR7,100,1,A,768,CAO,12.171,8.09,20.643,14.492
Protease,3em4,DR7,100,1,A,769,CAS,12.283,8.399,21.995,6.038
Protease,3em4,DR7,100,1,A,770,NBD,12.023,7.473,22.927,2.187
Protease,3el5,1UN,201,1,B,811,C2,7.392,2.516,11.944,3.623
Protease,3el5,1UN,201,1,B,812,C3,8.3,2.752,10.649,8.453
Protease,3el5,1UN,201,1,B,813,C4,8.858,1.345,10.251,12.076
Protease,3el5,1UN,201,1,B,814,C5,9.5,0.52,11.449,9.661
Protease,3el5,1UN,201,1,B,815,C6,8.445,0.175,12.627,7.246
Protease,3el5,1UN,201,1,B,817,C8,5.111,1.605,12.813,7.246
Protease,3el5,1UN,201,1,B,818,C9,6.02,1.787,11.509,13.284
Protease,3el5,1UN,201,1,B,821,N12,2.863,1.771,12.075,7.655
Protease,3el5,1UN,201,1,B,823,C14,0.844,0.477,12.619,27.775
Protease,3el5,1UN,201,1,B,824,C15,1.561,0.543,10.211,25.36
Protease,3el5,1UN,201,1,B,825,C16,0.658,2.716,11.401,56.759
Protease,3el5,1UN,201,1,B,826,O17,4.006,-0.4,12.233,2.143
Protease,3el5,1UN,201,1,B,827,C18,4.985,0.691,15.175,12.076
Protease,3el5,1UN,201,1,B,830,O21,5.324,-0.236,17.275,3.214
Protease,3el5,1UN,201,1,B,832,C23,3.34,-2.061,15.962,10.869
Protease,3el5,1UN,201,1,B,834,O25,6.866,-3.417,14.402,4.286
Protease,3el5,1UN,201,1,B,837,C31,7.158,-6.434,18.1,6.038
Protease,3el5,1UN,201,1,B,838,C32,8.578,-6.476,18.105,4.831
Protease,3el5,1UN,201,1,B,842,C39,9.663,-3.686,15.57,9.661
Protease,3el5,1UN,201,1,B,843,S74,2.534,-3.302,14.832,10.294
Protease,3el5,1UN,201,1,B,844,C77,2.671,-4.769,15.781,3.623
Protease,3el5,1UN,201,1,B,845,C78,2.923,-5.945,15.043,8.453
Protease,3el5,1UN,201,1,B,846,C79,3.047,-7.176,15.775,21.737
Protease,3el5,1UN,201,1,B,847,C80,2.924,-7.232,17.214,28.983
Protease,3el5,1UN,201,1,B,848,C81,2.663,-6.034,17.968,27.775
Protease,3el5,1UN,201,1,B,849,C82,2.538,-4.788,17.225,14.492
Protease,3el0,1UN,201,1,A,778,C2,21.463,-5.069,14.125,7.246
Protease,3el0,1UN,201,1,A,779,C3,22.237,-6.367,14.327,26.568
Protease,3el0,1UN,201,1,A,780,C4,23.071,-6.354,15.604,8.453
Protease,3el0,1UN,201,1,A,781,C5,23.99,-5.134,15.643,2.415
Protease,3el0,1UN,201,1,A,782,C6,23.183,-3.842,15.534,7.246
Protease,3el0,1UN,201,1,A,784,C8,19.554,-3.654,15.082,6.038
Protease,3el0,1UN,201,1,A,785,C9,20.304,-4.976,15.111,16.907
Protease,3el0,1UN,201,1,A,786,C10,21.499,-2.573,14.122,4.831
Protease,3el0,1UN,201,1,A,787,C11,18.609,-3.628,16.258,2.415
Protease,3el0,1UN,201,1,A,788,N12,17.415,-4.157,16.061,7.655
Protease,3el0,1UN,201,1,A,790,C14,15.436,-2.814,15.947,47.098
Protease,3el0,1UN,201,1,A,791,C15,16.478,-3.194,18.196,13.284
Protease,3el0,1UN,201,1,A,792,C16,15.442,-5.114,16.999,56.759
Protease,3el0,1UN,201,1,A,793,O17,18.958,-3.152,17.326,9.643
Protease,3el0,1UN,201,1,A,794,C18,19.705,-1.294,14.945,10.869
Protease,3el0,1UN,201,1,A,797,O21,20.135,1.001,14.571,5.357
Protease,3el0,1UN,201,1,A,799,C23,18.514,0.88,16.964,9.661
Protease,3el0,1UN,201,1,A,801,O25,21.715,-0.032,19.059,11.786
Protease,3el0,1UN,201,1,A,804,C31,22.461,4.382,20.202,4.831
Protease,3el0,1UN,201,1,A,805,C32,23.849,4.333,20.341,9.661
Protease,3el0,1UN,201,1,A,809,C39,24.69,0.936,18.784,7.246
Protease,3el0,1UN,201,1,A,810,S74,17.721,0.415,18.473,14.155
Protease,3el0,1UN,201,1,A,811,C77,18.14,1.622,19.582,3.623
Protease,3el0,1UN,201,1,A,812,C78,17.771,2.942,19.351,16.907
Protease,3el0,1UN,201,1,A,813,C79,18.09,3.933,20.285,30.191
Protease,3el0,1UN,201,1,A,814,C80,18.801,3.595,21.437,25.36
Protease,3el0,1UN,201,1,A,815,C81,19.186,2.269,21.658,10.869
Protease,3el0,1UN,201,1,A,816,C82,18.851,1.283,20.735,13.284
Protease,3bxr,DRR,201,1,B,781,CBR,10.294,-3.093,15.292,4.831
Protease,3bxr,DRR,201,1,B,782,CBQ,8.904,-3.721,15.179,7.246
Protease,3bxr,DRR,201,1,B,784,CBP,9.562,-5.87,16.304,3.623
Protease,3bxr,DRR,201,1,B,788,OBL,5.958,-3.746,14.134,2.143
Protease,3bxr,DRR,201,1,B,792,CBV,6.06,-8.367,17.994,6.038
Protease,3bxr,DRR,201,1,B,793,CBW,5.402,-9.55,17.277,28.983
Protease,3bxr,DRR,201,1,B,794,CBJ,4.223,-9.119,16.401,16.907
Protease,3bxr,DRR,201,1,B,795,OBI,3.268,-8.353,17.155,19.286
Protease,3bxr,DRR,201,1,B,796,CBH,3.196,-7.056,16.745,4.831
Protease,3bxr,DRR,201,1,B,797,CBG,3.198,-6.721,15.393,12.076
Protease,3bxr,DRR,201,1,B,798,CBF,3.144,-5.386,15.001,8.453
Protease,3bxr,DRR,201,1,B,799,CBE,3.121,-6.045,17.699,20.53
Protease,3bxr,DRR,201,1,B,800,CBD,3.067,-4.708,17.308,14.492
Protease,3bxr,DRR,201,1,B,801,CBC,3.09,-4.377,15.957,1.208
Protease,3bxr,DRR,201,1,B,802,CBB,3.193,-2.917,15.498,13.284
Protease,3bxr,DRR,201,1,B,803,CBA,4.621,-2.365,15.574,1.208
Protease,3bxr,DRR,201,1,B,805,CAX,5.909,-0.567,14.565,2.415
Protease,3bxr,DRR,201,1,B,807,CAN,6.066,0.379,13.372,1.208
Protease,3bxr,DRR,201,1,B,808,CAO,7.279,1.298,13.534,2.415
Protease,3bxr,DRR,201,1,B,810,CAR,7.355,3.474,12.258,3.623
Protease,3bxr,DRR,201,1,B,812,CAQ,7.825,1.433,11.061,12.076
Protease,3bxr,DRR,201,1,B,813,CAS,7.954,2.157,9.878,6.038
Protease,3bxr,DRR,201,1,B,815,OAV,7.833,4.273,8.737,2.143
Protease,3bxr,DRR,201,1,B,816,CAW,7.079,3.704,7.652,26.568
Protease,3bxr,DRR,201,1,B,817,CAC,5.63,3.444,8.074,21.737
Protease,3bxr,DRR,201,1,B,818,CAB,5.013,4.709,8.671,7.246
Protease,3bxr,DRR,201,1,B,819,CAA,3.571,4.474,9.123,30.191
Protease,3bxr,DRR,201,1,B,820,CAD,3.419,3.854,10.514,1.208
Protease,3bxr,DRR,201,1,B,821,OAE,3.521,4.547,11.525,26.786
Protease,3bxr,DRR,201,1,B,822,N,3.18,2.543,10.535,4.374
Protease,3bxr,DRR,201,1,B,823,CA,2.923,1.815,11.786,2.415
Protease,3bxr,DRR,201,1,B,824,CB,1.557,1.136,11.635,2.415
Protease,3bxr,DRR,201,1,B,825,CG1,0.488,2.164,11.256,45.89
Protease,3bxr,DRR,201,1,B,826,CG2,1.133,0.38,12.896,28.983
Protease,3bxr,DRR,201,1,B,828,O,4.077,-0.287,11.529,7.5
Protease,3bxr,DRR,201,1,B,829,NAM,4.841,1.144,13.099,5.468
Protease,3el4,ROC,100,1,A,760,O,6.521,-5.737,19.098,1.071
Protease,3el4,ROC,100,1,A,761,N1,5.249,-8.134,16.794,1.094
Protease,3el4,ROC,100,1,A,762,C2,5.494,-7.554,18.031,2.415
Protease,3el4,ROC,100,1,A,763,C3,4.989,-8.19,19.203,7.246
Protease,3el4,ROC,100,1,A,764,C4,4.253,-9.401,19.071,24.153
Protease,3el4,ROC,100,1,A,765,C5,3.297,-11.171,17.625,31.398
Protease,3el4,ROC,100,1,A,766,C6,3.099,-11.692,16.308,32.606
Protease,3el4,ROC,100,1,A,767,C7,3.624,-11.018,15.161,15.699
Protease,3el4,ROC,100,1,A,768,C8,4.355,-9.81,15.314,2.415
Protease,3el4,ROC,100,1,A,769,C4A,4.028,-9.961,17.785,4.831
Protease,3el4,ROC,100,1,A,770,C8A,4.554,-9.29,16.618,2.415
Protease,3el4,ROC,100,1,A,774,O1,6.644,-3.647,14.657,8.572
Protease,3el4,ROC,100,1,A,775,CB,8.729,-4.798,16.259,10.869
Protease,3el4,ROC,100,1,A,778,ND2,9.927,-6.775,16.979,4.374
Protease,3el4,ROC,100,1,A,780,O2,5.251,-0.022,17.448,4.286
Protease,3el4,ROC,100,1,A,783,CB1,3.474,-1.95,16.27,12.076
Protease,3el4,ROC,100,1,A,784,CG1,2.975,-3.377,16.156,2.415
Protease,3el4,ROC,100,1,A,785,CD1,2.602,-3.889,14.915,3.623
Protease,3el4,ROC,100,1,A,786,CD2,2.936,-4.172,17.301,13.284
Protease,3el4,ROC,100,1,A,787,CE1,2.191,-5.214,14.825,7.246
Protease,3el4,ROC,100,1,A,788,CE2,2.524,-5.488,17.192,15.699
Protease,3el4,ROC,100,1,A,789,CZ,2.154,-6.008,15.957,19.322
Protease,3el4,ROC,100,1,A,791,CM,5.115,0.801,15.162,13.284
Protease,3el4,ROC,100,1,A,792,C21,5.065,1.36,12.743,6.038
Protease,3el4,ROC,100,1,A,794,O3,3.81,-0.635,12.41,5.357
Protease,3el4,ROC,100,1,A,795,C31,5.901,1.368,11.448,18.114
Protease,3el4,ROC,100,1,A,796,C3A,7.206,2.146,11.676,7.246
Protease,3el4,ROC,100,1,A,797,C41,8.085,2.16,10.428,13.284
Protease,3el4,ROC,100,1,A,798,C51,8.771,0.796,10.173,14.492
Protease,3el4,ROC,100,1,A,799,C61,9.599,0.301,11.377,9.661
Protease,3el4,ROC,100,1,A,800,C71,8.676,0.207,12.604,10.869
Protease,3el4,ROC,100,1,A,802,C81,7.11,1.534,14.137,1.208
Protease,3el4,ROC,100,1,A,803,N3,2.718,1.408,12.22,7.655
Protease,3el4,ROC,100,1,A,805,C11,0.576,2.286,11.765,55.551
Protease,3el4,ROC,100,1,A,806,C22,1.303,0.351,10.496,33.814
Protease,3el4,ROC,100,1,A,807,C32,0.713,0.109,12.932,27.775
Protease,3oxv,478,200,478,A,763,C1,-9.991,-3.24,-14.064,20.53
Protease,3oxv,478,200,478,A,765,C3,-12.595,-4.261,-11.724,4.831
Protease,3oxv,478,200,478,A,766,C4,-11.083,-2.881,-13.065,4.831
Protease,3oxv,478,200,478,A,768,C6,-12.278,-7.826,-11.734,1.208
Protease,3oxv,478,200,478,A,769,C7,-11.38,-6.611,-9.674,12.076
Protease,3oxv,478,200,478,A,771,C9,-11.691,-4.519,-8.291,10.869
Protease,3oxv,478,200,478,A,773,C11,-11.24,-3.284,-7.825,2.415
Protease,3oxv,478,200,478,A,774,C12,-9.201,-3.525,-9.067,1.208
Protease,3oxv,478,200,478,A,776,C14,-11.159,-8.85,-11.982,12.076
Protease,3oxv,478,200,478,A,777,C15,-8.845,-8.792,-12.888,12.076
Protease,3oxv,478,200,478,A,778,C16,-8.034,-7.592,-12.404,12.076
Protease,3oxv,478,200,478,A,779,C17,-10.667,-10.649,-14.597,2.415
Protease,3oxv,478,200,478,A,780,C18,-9.459,-11.28,-14.897,14.492
Protease,3oxv,478,200,478,A,781,C19,-9.364,-12.674,-14.95,32.606
Protease,3oxv,478,200,478,A,782,C20,-10.487,-13.469,-14.727,8.453
Protease,3oxv,478,200,478,A,783,C21,-11.699,-12.845,-14.435,32.606
Protease,3oxv,478,200,478,A,784,C22,-11.787,-11.453,-14.378,16.907
Protease,3oxv,478,200,478,A,785,C23,-8.21,-6.375,-13.307,13.284
Protease,3oxv,478,200,478,A,786,C24,-8.402,-7.267,-10.965,24.153
Protease,3oxv,478,200,478,A,788,N1,-12.828,-5.504,-11.299,5.468
Protease,3oxv,478,200,478,A,790,N3,-10.392,-14.828,-14.788,55.773
Protease,3oxv,478,200,478,A,792,O2,-13.448,-3.387,-11.736,7.5
Protease,3oxv,478,200,478,A,793,O3,-13.276,-8.347,-10.839,38.573
Protease,3oxv,478,200,478,A,794,O4,-9.886,-8.542,-15.565,30.001
Protease,3oxv,478,200,478,A,795,O5,-12.095,-8.57,-14.734,30.001
Protease,3oxv,478,200,478,A,796,O6,-8.89,-2.35,-13.875,8.572
Protease,1d4l,PI9,201,1,A,775,C4,5.151,4.324,9.072,12.076
Protease,1d4l,PI9,201,1,A,776,C5,3.679,4.276,9.394,12.076
Protease,1d4l,PI9,201,1,A,778,O1,3.339,4.303,11.743,1.071
Protease,1d4l,PI9,201,1,A,779,C3,5.469,3.248,8.075,3.623
Protease,1d4l,PI9,201,1,A,780,C2,6.759,3.508,7.336,30.191
Protease,1d4l,PI9,201,1,A,783,C8,1.63,0.835,11.909,2.415
Protease,1d4l,PI9,201,1,A,784,C10,1.408,-0.03,13.137,6.038
Protease,1d4l,PI9,201,1,A,785,C9,0.49,1.841,11.762,1.208
Protease,1d4l,PI9,201,1,A,787,O2,4.276,-0.477,11.862,5.357
Protease,1d4l,PI9,201,1,A,790,C13,7.172,0.823,14.093,10.869
Protease,1d4l,PI9,201,1,A,791,C14,7.503,1.394,12.725,2.415
Protease,1d4l,PI9,201,1,A,792,C15,7.443,2.76,12.501,13.284
Protease,1d4l,PI9,201,1,A,793,C16,7.732,3.291,11.283,15.699
Protease,1d4l,PI9,201,1,A,794,C19,7.867,0.565,11.659,2.415
Protease,1d4l,PI9,201,1,A,795,C18,8.158,1.09,10.422,9.661
Protease,1d4l,PI9,201,1,A,796,C17,8.09,2.459,10.251,3.623
Protease,1d4l,PI9,201,1,A,797,O3,8.387,3.054,9.062,16.072
Protease,1d4l,PI9,201,1,A,798,C1,7.855,2.587,7.838,22.945
Protease,1d4l,PI9,201,1,A,800,O4,5.531,0.792,16.426,5.357
Protease,1d4l,PI9,201,1,A,801,C21,6.466,-1.397,16.079,12.076
Protease,1d4l,PI9,201,1,A,803,C22,5.421,-3.63,16.226,13.284
Protease,1d4l,PI9,201,1,A,804,C23,4.149,-3.713,15.402,2.415
Protease,1d4l,PI9,201,1,A,805,C24,3.17,-4.792,15.875,10.869
Protease,1d4l,PI9,201,1,A,806,C26,2.798,-4.516,17.324,3.623
Protease,1d4l,PI9,201,1,A,808,C25,1.947,-4.843,14.968,12.076
Protease,1d4l,PI9,201,1,A,811,O6,8.2,-2.234,13.874,2.143
Protease,1d4l,PI9,201,1,A,812,O5,6.882,-4.189,13.494,9.643
Protease,1d4l,PI9,201,1,A,814,C32,9.559,-3.547,16.084,15.699
Protease,1d4l,PI9,201,1,A,815,C28,8.308,-5.544,15.701,14.492
Protease,1d4l,PI9,201,1,A,816,C31,10.384,-4.214,16.974,31.398
Protease,1d4l,PI9,201,1,A,817,C29,9.131,-6.226,16.598,32.606
Protease,1d4l,PI9,201,1,A,818,C30,10.168,-5.549,17.229,2.415
Protease,1d4l,PI9,201,1,A,819,N4,10.971,-6.175,18.159,55.773
Protease,3hau,2NC,0,1,A,761,C,4.359,-9.051,16.579,2.415
Protease,3hau,2NC,0,1,A,762,O,3.536,-8.663,17.391,9.643
Protease,3hau,2NC,0,1,A,763,CH3,4.038,-9.777,15.307,45.89
Protease,3hau,2NC,0,1,A,764,N,5.648,-8.783,16.784,2.187
Protease,3hau,2NC,0,1,A,765,CA,6.15,-8.173,17.998,4.831
Protease,3hau,2NC,0,1,A,767,O1,6.994,-6.089,18.822,28.929
Protease,3hau,2NC,0,1,A,768,CB,7.244,-9.047,18.623,12.076
Protease,3hau,2NC,0,1,A,769,OG1,8.337,-9.129,17.719,27.858
Protease,3hau,2NC,0,1,A,770,CG2,6.691,-10.437,19.004,59.174
Protease,3hau,2NC,0,1,A,771,N1,6.825,-6.259,16.615,2.187
Protease,3hau,2NC,0,1,A,772,CA1,7.355,-4.959,16.315,1.208
Protease,3hau,2NC,0,1,A,774,O2,6.191,-4.153,14.374,6.429
Protease,3hau,2NC,0,1,A,776,CG1,9.69,-5.975,16.069,18.114
Protease,3hau,2NC,0,1,A,777,CG21,9.276,-3.632,15.343,21.737
Protease,3hau,2NC,0,1,A,778,CD1,10.21,-5.759,17.482,45.89
Protease,3hau,2NC,0,1,A,779,N2,5.523,-3.39,16.358,8.749
Protease,3hau,2NC,0,1,A,781,C3,4.504,-1.235,15.684,3.623
Protease,3hau,2NC,0,1,A,782,CB2,3.072,-3.058,16.606,1.208
Protease,3hau,2NC,0,1,A,783,CG,2.793,-4.558,16.822,3.623
Protease,3hau,2NC,0,1,A,784,CD,2.717,-5.415,15.562,2.415
Protease,3hau,2NC,0,1,A,785,CE,1.63,-4.913,14.62,12.076
Protease,3hau,2NC,0,1,A,786,N3,5.757,-0.919,14.992,5.468
Protease,3hau,2NC,0,1,A,787,CA3,5.731,0.348,14.19,1.208
Protease,3hau,2NC,0,1,A,789,O3,4.409,-0.74,12.499,7.5
Protease,3hau,2NC,0,1,A,790,CB3,7.121,0.586,13.609,12.076
Protease,3hau,2NC,0,1,A,791,CG3,7.32,1.804,12.726,16.907
Protease,3hau,2NC,0,1,A,792,CD2,7.499,1.386,11.262,1.208
Protease,3hau,2NC,0,1,A,793,CE1,8.603,0.382,10.854,24.153
Protease,3hau,2NC,0,1,A,798,CB4,1.76,1.181,12.114,2.415
Protease,3hau,2NC,0,1,A,799,CG4,0.652,1.345,11.058,2.415
Protease,3hau,2NC,0,1,A,805,C6,2.15,4.328,8.012,1.208
Protease,3hau,2NC,0,1,A,806,O5,1.833,3.36,7.304,7.5
Protease,3hau,2NC,0,1,A,807,CB5,4.571,4.238,8.32,9.661
Protease,3hau,2NC,0,1,A,808,CG5,5.732,4.557,9.24,7.246
Protease,3hau,2NC,0,1,A,809,CD4,6.912,3.738,8.801,10.869
Protease,3hau,2NC,0,1,A,810,NE,8.198,4.386,8.622,16.404
Protease,3hau,2NC,0,1,A,811,CZ,8.444,5.497,7.908,12.076
Protease,3hau,2NC,0,1,A,812,NH1,7.481,6.223,7.353,37.182
Protease,3hau,2NC,0,1,A,813,NH2,9.689,5.919,7.762,54.679
Protease,3hau,2NC,0,1,A,814,N6,1.44,5.461,8.088,18.591
Protease,1z1h,HBB,201,1,A,767,C2,7.083,0.374,14.255,9.661
Protease,1z1h,HBB,201,1,A,768,C3,7.348,1.086,12.945,2.415
Protease,1z1h,HBB,201,1,A,769,C7,7.741,1.022,10.554,12.076
Protease,1z1h,HBB,201,1,A,770,C8,7.606,0.37,11.768,3.623
Protease,1z1h,HBB,201,1,A,771,C10,6.325,3.084,8.776,18.114
Protease,1z1h,HBB,201,1,A,772,C11,5.498,4.253,9.36,18.114
Protease,1z1h,HBB,201,1,A,773,C12,4.001,3.961,9.469,13.284
Protease,1z1h,HBB,201,1,A,776,C19,0.544,2.078,11.876,1.208
Protease,1z1h,HBB,201,1,A,779,C27,5.707,-3.595,16.892,15.699
Protease,1z1h,HBB,201,1,A,783,C31,2.569,-5.046,15.23,14.492
Protease,1z1h,HBB,201,1,A,785,C35,8.529,-4.504,15.796,1.208
Protease,1z1h,HBB,201,1,A,786,C4,7.245,2.474,12.864,12.076
Protease,1z1h,HBB,201,1,A,787,C5,7.379,3.127,11.658,18.114
Protease,1z1h,HBB,201,1,A,788,C6,7.618,2.399,10.504,6.038
Protease,1z1h,HBB,201,1,A,789,O9,7.663,3.055,9.291,22.501
Protease,1z1h,HBB,201,1,A,792,C17,1.528,0.92,12.073,2.415
Protease,1z1h,HBB,201,1,A,793,C18,1.147,0.132,13.306,6.038
Protease,1z1h,HBB,201,1,A,794,O21,3.957,-0.755,12.155,8.572
Protease,1z1h,HBB,201,1,A,797,O24,5.257,0.665,16.562,2.143
Protease,1z1h,HBB,201,1,A,798,C25,6.343,-1.491,16.448,13.284
Protease,1z1h,HBB,201,1,A,799,C28,4.798,-4.535,16.118,9.661
Protease,1z1h,HBB,201,1,A,801,C29,3.301,-4.32,16.345,3.623
Protease,1z1h,HBB,201,1,A,804,O33,8.344,-2.509,14.248,3.214
Protease,1z1h,HBB,201,1,A,805,O34,6.869,-4.328,13.848,11.786
Protease,1z1h,HBB,201,1,A,806,C36,9.666,-3.961,16.406,18.114
Protease,1z1h,HBB,201,1,A,807,C37,10.515,-4.758,17.172,36.229
Protease,1z1h,HBB,201,1,A,808,C38,10.24,-6.112,17.328,36.229
Protease,1z1h,HBB,201,1,A,809,C39,9.112,-6.668,16.723,37.436
Protease,1z1h,HBB,201,1,A,810,C40,8.266,-5.863,15.96,10.869
Protease,3oxx,DR7,100,1,A,739,CAA,18.353,17.316,37.226,35.021
Protease,3oxx,DR7,100,1,A,740,OBI,18.624,15.913,37.148,6.429
Protease,3oxx,DR7,100,1,A,741,CBK,19.085,15.429,35.865,1.208
Protease,3oxx,DR7,100,1,A,747,CG2,21.287,12.007,35.94,10.869
Protease,3oxx,DR7,100,1,A,748,CG1,21.464,12.155,33.408,2.415
Protease,3oxx,DR7,100,1,A,750,O,18.504,11.517,34.802,5.357
Protease,3oxx,DR7,100,1,A,753,CBA,15.521,12.987,32.755,14.492
Protease,3oxx,DR7,100,1,A,754,CBO,15.34,13.36,34.21,2.415
Protease,3oxx,DR7,100,1,A,755,CAT,14.964,12.398,35.132,4.831
Protease,3oxx,DR7,100,1,A,756,CAP,14.816,12.749,36.469,12.076
Protease,3oxx,DR7,100,1,A,757,CAN,15.041,14.062,36.865,25.36
Protease,3oxx,DR7,100,1,A,758,CAQ,15.394,15.037,35.94,18.114
Protease,3oxx,DR7,100,1,A,759,CAU,15.549,14.667,34.604,12.076
Protease,3oxx,DR7,100,1,A,760,CBS,16.83,11.743,31.096,2.415
Protease,3oxx,DR7,100,1,A,761,OAM,17.039,12.9,30.265,6.429
Protease,3oxx,DR7,100,1,A,762,CBC,17.991,10.9,30.679,2.415
Protease,3oxx,DR7,100,1,A,763,NBW,17.826,9.494,31.009,1.094
Protease,3oxx,DR7,100,1,A,764,NBH,16.746,8.931,30.431,5.468
Protease,3oxx,DR7,100,1,A,766,OAL,15.998,7.983,32.37,5.357
Protease,3oxx,DR7,100,1,A,767,CBV,14.813,7.517,30.317,2.415
Protease,3oxx,DR7,100,1,A,769,CAH,13.255,6.685,32.133,21.737
Protease,3oxx,DR7,100,1,A,770,CAF,13.105,9.01,31.263,28.983
Protease,3oxx,DR7,100,1,A,771,CAG,12.42,7.108,29.796,41.059
Protease,3oxx,DR7,100,1,A,772,NBF,15.239,6.133,30.106,3.281
Protease,3oxx,DR7,100,1,A,773,CBL,15.369,5.659,28.882,1.208
Protease,3oxx,DR7,100,1,A,774,OAJ,15.167,6.273,27.828,28.929
Protease,3oxx,DR7,100,1,A,775,OBJ,15.823,4.301,28.834,7.5
Protease,3oxx,DR7,100,1,A,776,CAB,15.969,3.68,27.547,21.737
Protease,3oxx,DR7,100,1,A,777,CBB,19.073,8.901,30.471,1.208
Protease,3oxx,DR7,100,1,A,779,CAW,19.055,6.561,31.454,10.869
Protease,3oxx,DR7,100,1,A,780,CAY,19.017,5.176,31.313,6.038
Protease,3oxx,DR7,100,1,A,781,CAX,18.994,6.816,29.069,1.208
Protease,3oxx,DR7,100,1,A,782,CAZ,18.958,5.432,28.94,4.831
Protease,3oxx,DR7,100,1,A,785,CAV,18.132,2.303,30.707,12.076
Protease,3oxx,DR7,100,1,A,786,CAR,18.069,0.927,30.512,32.606
Protease,3oxx,DR7,100,1,A,787,CAO,18.773,0.36,29.454,31.398
Protease,3oxx,DR7,100,1,A,788,CAS,19.525,1.183,28.62,21.737
Protease,3oxx,DR7,100,1,A,789,NBD,19.573,2.511,28.834,2.187
Protease,3el1,DR7,100,1,A,760,CAA,21.475,24.053,8.988,38.644
Protease,3el1,DR7,100,1,A,762,OBI,21.102,25.362,9.434,7.5
Protease,3el1,DR7,100,1,A,766,OAI,21.866,25.162,11.612,25.715
Protease,3el1,DR7,100,1,A,768,N,21.879,27.211,10.59,7.655
Protease,3el1,DR7,100,1,A,774,CAE,24.431,29.203,10.669,26.568
Protease,3el1,DR7,100,1,A,776,CG2,24.655,26.929,11.67,41.059
Protease,3el1,DR7,100,1,A,778,CG1,24.25,28.912,13.116,31.398
Protease,3el1,DR7,100,1,A,782,O,21.345,30.21,11.762,8.572
Protease,3el1,DR7,100,1,A,784,NBG,20.82,28.654,13.325,1.094
Protease,3el1,DR7,100,1,A,794,CAP,18.315,26.67,10.452,10.869
Protease,3el1,DR7,100,1,A,796,CAN,17.665,27.604,9.653,14.492
Protease,3el1,DR7,100,1,A,798,CAQ,17.272,28.823,10.195,13.284
Protease,3el1,DR7,100,1,A,800,CAU,17.519,29.106,11.538,7.246
Protease,3el1,DR7,100,1,A,804,OAM,20.207,28.487,16.156,17.143
Protease,3el1,DR7,100,1,A,806,CBC,21.158,30.596,15.635,6.038
Protease,3el1,DR7,100,1,A,814,OAL,18.772,33.341,14.166,4.286
Protease,3el1,DR7,100,1,A,820,CAH,16.387,34.883,14.586,9.661
Protease,3el1,DR7,100,1,A,822,CAF,16.02,32.585,15.452,4.831
Protease,3el1,DR7,100,1,A,824,CAG,15.631,34.571,16.914,1.208
Protease,3el1,DR7,100,1,A,828,CBL,18.569,35.817,17.748,1.208
Protease,3el1,DR7,100,1,A,832,OBJ,19.172,37.137,17.739,5.357
Protease,3el1,DR7,100,1,A,834,CAB,19.609,37.743,18.959,13.284
Protease,3el1,DR7,100,1,A,836,CBB,22.288,32.652,15.351,8.453
Protease,3el1,DR7,100,1,A,838,CBP,22.231,34.103,15.78,1.208
Protease,3el1,DR7,100,1,A,840,CAW,22.184,35.11,14.821,1.208
Protease,3el1,DR7,100,1,A,842,CAY,22.148,36.447,15.207,9.661
Protease,3el1,DR7,100,1,A,844,CAX,22.26,34.441,17.129,12.076
Protease,3el1,DR7,100,1,A,846,CAZ,22.221,35.777,17.517,12.076
Protease,3el1,DR7,100,1,A,848,CBQ,22.161,36.787,16.557,1.208
Protease,3el1,DR7,100,1,A,850,CBR,22.134,38.214,16.991,1.208
Protease,3el1,DR7,100,1,A,852,CAV,21.356,39.158,16.327,8.453
Protease,3el1,DR7,100,1,A,854,CAR,21.368,40.478,16.766,22.945
Protease,3el1,DR7,100,1,A,856,CAO,22.151,40.826,17.861,32.606
Protease,3el1,DR7,100,1,A,858,CAS,22.913,39.85,18.498,35.021
Protease,3el1,DR7,100,1,A,860,NBD,22.89,38.586,18.054,13.123
Protease,3mxe,K54,200,1,A,773,C1,15.49,36.759,18.347,38.644
Protease,3mxe,K54,200,1,A,775,N1,15.03,35.496,18.429,25.153
Protease,3mxe,K54,200,1,A,776,S1,16.783,37.02,17.227,52.759
Protease,3mxe,K54,200,1,A,777,C2,15.665,34.652,17.571,7.246
Protease,3mxe,K54,200,1,A,778,F2,24.722,24.658,10.102,1.035
Protease,3mxe,K54,200,1,A,779,C3,16.641,35.345,16.859,4.831
Protease,3mxe,K54,200,1,A,780,F3,25.493,24.81,8.068,1.035
Protease,3mxe,K54,200,1,A,781,C4,17.429,34.635,15.92,9.661
Protease,3mxe,K54,200,1,A,783,C6,16.255,32.591,16.399,14.492
Protease,3mxe,K54,200,1,A,784,C7,15.48,33.292,17.333,33.814
Protease,3mxe,K54,200,1,A,786,O9,17.39,31.278,14.062,5.357
Protease,3mxe,K54,200,1,A,787,O10,18.656,33.23,13.608,10.715
Protease,3mxe,K54,200,1,A,789,C12,20.236,32.712,16.107,9.661
Protease,3mxe,K54,200,1,A,790,C13,21.72,32.339,16.158,1.208
Protease,3mxe,K54,200,1,A,791,C14,22.341,32.306,14.76,4.831
Protease,3mxe,K54,200,1,A,792,C15,22.486,33.339,17.023,9.661
Protease,3mxe,K54,200,1,A,793,C16,19.171,30.461,16.082,13.284
Protease,3mxe,K54,200,1,A,795,O18,19.919,28.147,16.292,6.429
Protease,3mxe,K54,200,1,A,799,O22,21.325,29.719,11.912,8.572
Protease,3mxe,K54,200,1,A,801,C25,21.899,27.44,10.256,2.415
Protease,3mxe,K54,200,1,A,803,O27,22.19,24.132,11.44,2.143
Protease,3mxe,K54,200,1,A,805,C29,22.283,27.61,11.743,3.623
Protease,3mxe,K54,200,1,A,806,C32,18.325,28.229,13.915,10.869
Protease,3mxe,K54,200,1,A,807,C33,18.274,26.518,12.056,10.869
Protease,3mxe,K54,200,1,A,808,C34,18.072,26.171,10.722,18.114
Protease,3mxe,K54,200,1,A,809,C35,17.691,27.126,9.791,21.737
Protease,3mxe,K54,200,1,A,810,C36,17.507,28.441,10.2,9.661
Protease,3mxe,K54,200,1,A,811,C37,17.705,28.794,11.538,4.831
Protease,3mxe,K54,200,1,A,812,C38,18.088,27.838,12.466,1.208
Protease,3mxe,K54,200,1,A,813,C40,21.872,23.604,6.657,27.775
Protease,3mxe,K54,200,1,A,814,C41,23.114,23.96,7.176,15.699
Protease,3mxe,K54,200,1,A,817,C44,20.792,24.862,8.402,3.623
Protease,3mxe,K54,200,1,A,818,C45,20.702,24.054,7.262,33.814
Protease,3mxd,K53,200,1,A,766,C2,15.594,34.628,17.578,7.246
Protease,3mxd,K53,200,1,A,767,C3,16.583,35.27,16.893,7.246
Protease,3mxd,K53,200,1,A,768,C4,17.385,34.592,15.982,10.869
Protease,3mxd,K53,200,1,A,770,C6,16.167,32.57,16.485,13.284
Protease,3mxd,K53,200,1,A,771,C7,15.359,33.275,17.4,32.606
Protease,3mxd,K53,200,1,A,773,O9,17.407,31.306,14.144,4.286
Protease,3mxd,K53,200,1,A,774,O10,18.661,33.266,13.725,9.643
Protease,3mxd,K53,200,1,A,776,C12,20.159,32.699,16.317,9.661
Protease,3mxd,K53,200,1,A,777,C13,21.666,32.411,16.299,1.208
Protease,3mxd,K53,200,1,A,778,C14,22.249,32.39,14.883,6.038
Protease,3mxd,K53,200,1,A,779,C15,22.409,33.418,17.183,10.869
Protease,3mxd,K53,200,1,A,780,C16,19.104,30.462,16.177,12.076
Protease,3mxd,K53,200,1,A,782,C18,15.629,36.802,18.274,49.513
Protease,3mxd,K53,200,1,A,783,O18,19.974,28.215,16.476,7.5
Protease,3mxd,K53,200,1,A,785,O19,14.979,35.516,18.407,25.715
Protease,3mxd,K53,200,1,A,788,O22,21.453,29.731,12.045,9.643
Protease,3mxd,K53,200,1,A,790,C25,22.621,27.595,10.519,3.623
Protease,3mxd,K53,200,1,A,792,O27,22.206,24.253,11.427,3.214
Protease,3mxd,K53,200,1,A,794,C29,22.572,27.653,12.049,1.208
Protease,3mxd,K53,200,1,A,795,O29,16.605,36.594,17.246,24.644
Protease,3mxd,K53,200,1,A,796,C32,18.364,28.229,14.037,12.076
Protease,3mxd,K53,200,1,A,797,C33,18.527,26.604,12.123,8.453
Protease,3mxd,K53,200,1,A,798,C34,18.385,26.274,10.787,20.53
Protease,3mxd,K53,200,1,A,799,C35,17.868,27.209,9.9,20.53
Protease,3mxd,K53,200,1,A,800,C36,17.512,28.475,10.352,10.869
Protease,3mxd,K53,200,1,A,801,C37,17.654,28.802,11.692,7.246
Protease,3mxd,K53,200,1,A,802,C38,18.163,27.869,12.583,3.623
Protease,3mxd,K53,200,1,A,803,C40,23.292,24.437,6.516,24.153
Protease,3mxd,K53,200,1,A,804,C41,24.298,24.514,7.48,4.831
Protease,3mxd,K53,200,1,A,807,C44,21.759,25.51,8.027,4.831
Protease,3mxd,K53,200,1,A,808,C45,22.015,24.931,6.795,22.945
Protease,3bxs,DRS,203,1,B,780,CAX,8.747,-4.609,15.943,4.831
Protease,3bxs,DRS,203,1,B,781,CAB,8.829,-3.085,16.054,14.492
Protease,3bxs,DRS,203,1,B,787,C,8.25,-9.568,17.541,1.208
Protease,3bxs,DRS,203,1,B,788,OXT,8.284,-10.098,16.432,8.572
Protease,3bxs,DRS,203,1,B,789,O,9.15,-9.804,18.345,16.072
Protease,3bxs,DRS,203,1,B,790,CB,5.765,-9.272,17.644,20.53
Protease,3bxs,DRS,203,1,B,791,CG,4.64,-8.245,17.478,3.623
Protease,3bxs,DRS,203,1,B,792,CD2,3.955,-8.159,16.269,13.284
Protease,3bxs,DRS,203,1,B,793,CE2,2.948,-7.212,16.1,13.284
Protease,3bxs,DRS,203,1,B,794,CD1,4.314,-7.38,18.518,9.661
Protease,3bxs,DRS,203,1,B,795,CE1,3.309,-6.431,18.345,16.907
Protease,3bxs,DRS,203,1,B,796,CZ,2.621,-6.344,17.139,1.208
Protease,3bxs,DRS,203,1,B,797,OH,1.623,-5.422,17.026,17.143
Protease,3bxs,DRS,203,1,B,798,CAM,1.429,-4.856,15.719,20.53
Protease,3bxs,DRS,203,1,B,799,CAK,2.662,-4.036,15.335,4.831
Protease,3bxs,DRS,203,1,B,800,CAL,3.175,-3.274,16.558,15.699
Protease,3bxs,DRS,203,1,B,801,CAN,4.518,-2.6,16.275,16.907
Protease,3bxs,DRS,203,1,B,803,OAC,5.563,-3.947,14.586,13.929
Protease,1z1r,HBH,201,1,A,763,C2,7.125,0.242,14.362,9.661
Protease,1z1r,HBH,201,1,A,764,C3,7.402,0.919,13.043,2.415
Protease,1z1r,HBH,201,1,A,765,C7,7.733,0.796,10.65,8.453
Protease,1z1r,HBH,201,1,A,766,C8,7.587,0.173,11.878,2.415
Protease,1z1r,HBH,201,1,A,767,C10,6.549,2.878,8.731,15.699
Protease,1z1r,HBH,201,1,A,768,C11,5.761,4.091,9.208,20.53
Protease,1z1r,HBH,201,1,A,769,C12,4.307,3.775,9.358,10.869
Protease,1z1r,HBH,201,1,A,774,C27,5.227,-3.606,16.774,9.661
Protease,1z1r,HBH,201,1,A,776,C30,1.691,-4.447,15.42,9.661
Protease,1z1r,HBH,201,1,A,778,C31,3.042,-5.515,17.238,18.114
Protease,1z1r,HBH,201,1,A,781,C4,7.374,2.307,12.943,10.869
Protease,1z1r,HBH,201,1,A,782,C5,7.52,2.943,11.722,19.322
Protease,1z1r,HBH,201,1,A,783,C6,7.692,2.18,10.577,6.038
Protease,1z1r,HBH,201,1,A,784,O9,7.819,2.808,9.361,23.572
Protease,1z1r,HBH,201,1,A,787,C17,1.766,0.975,12.035,4.831
Protease,1z1r,HBH,201,1,A,791,O21,4.04,-0.781,12.217,5.357
Protease,1z1r,HBH,201,1,A,794,O24,5.335,0.712,16.641,3.214
Protease,1z1r,HBH,201,1,A,795,C25,6.259,-1.522,16.599,15.699
Protease,1z1r,HBH,201,1,A,801,O33,8.127,-2.67,14.356,3.214
Protease,1z1r,HBH,201,1,A,802,O34,6.606,-4.485,14.082,11.786
Protease,1z1r,HBH,201,1,A,803,C36,9.322,-4.008,16.721,18.114
Protease,1z1r,HBH,201,1,A,804,C37,10.16,-4.787,17.515,37.436
Protease,1z1r,HBH,201,1,A,805,C38,9.968,-6.165,17.578,36.229
Protease,1z1r,HBH,201,1,A,806,C39,8.939,-6.759,16.853,36.229
Protease,1z1r,HBH,201,1,A,807,C40,8.105,-5.97,16.063,9.661
